deg,mos_pred,noi_pred,dis_pred,col_pred,loud_pred,model
real_2024.wav,2.8719952,2.7122896,3.914971,2.9156134,3.4159818,NISQAv2
fake_1632.wav,3.8257246,3.6108863,4.09593,3.6078343,3.9687302,NISQAv2
real_819.wav,3.370761,2.8945448,4.1777043,3.4292395,4.009176,NISQAv2
fake_1154.wav,2.6825392,3.3895109,3.7034104,2.6160963,3.548282,NISQAv2
fake_1140.wav,2.1252043,2.7330248,3.347067,2.4321053,3.0704992,NISQAv2
fake_2449.wav,2.4477327,2.2698567,3.6228855,2.6029124,3.4125829,NISQAv2
real_1539.wav,4.4244485,4.308288,4.514052,4.2067857,4.3794065,NISQAv2
real_2030.wav,4.7703195,4.5832143,4.7263403,4.34633,4.645023,NISQAv2
fake_1626.wav,3.52701,3.4647157,4.174119,3.7453449,3.9085886,NISQAv2
real_1511.wav,3.7759855,4.0117593,4.127473,3.3759916,3.9237561,NISQAv2
fake_2307.wav,3.2515655,3.7817614,3.8685153,2.7300246,3.756307,NISQAv2
real_2018.wav,3.4461281,3.020282,4.1380796,3.7496264,3.754855,NISQAv2
fake_20.wav,2.7261136,3.2671192,3.4927294,2.4283826,3.5586636,NISQAv2
fake_1168.wav,2.2443516,2.8112051,2.5958781,2.5156276,3.4460714,NISQAv2
real_1277.wav,4.019046,2.7729335,4.4271927,4.2703032,4.202505,NISQAv2
fake_757.wav,2.7499368,3.2548034,3.5929632,2.309584,3.4906087,NISQAv2
fake_2461.wav,2.2751377,2.28537,3.3433936,2.292173,3.1970525,NISQAv2
real_825.wav,3.2404852,2.943017,3.8198106,3.541352,3.799251,NISQAv2
real_1263.wav,3.955636,2.8524544,4.404163,3.9731176,4.20835,NISQAv2
real_831.wav,3.1296341,2.2502778,4.0371428,3.6863015,3.8928123,NISQAv2
fake_743.wav,3.057906,3.8104246,3.8894827,2.4746628,3.6567388,NISQAv2
fake_2475.wav,2.373237,2.572954,3.4761174,2.558185,3.2377431,NISQAv2
fake_34.wav,2.899958,3.1681745,3.67514,2.7705827,3.7110372,NISQAv2
real_1505.wav,3.885574,4.136774,4.2245607,3.4331214,4.196585,NISQAv2
fake_2313.wav,3.0666351,3.5257165,3.7786155,2.7845333,3.6690567,NISQAv2
real_164.wav,2.225905,3.548053,3.1123626,2.5803525,3.4464266,NISQAv2
fake_1829.wav,3.0117953,2.1187398,4.068121,3.2252162,3.633971,NISQAv2
fake_1197.wav,3.1667933,3.3871615,4.140313,3.2267454,3.9578376,NISQAv2
fake_970.wav,3.6395042,3.5962305,4.183342,3.1142108,3.9610875,NISQAv2
real_602.wav,4.6581926,4.4469504,4.7365584,4.297177,4.5890145,NISQAv2
real_1288.wav,2.2364478,3.5344138,2.1749828,2.5105531,3.5601485,NISQAv2
real_27.wav,4.4935126,4.326976,4.5316706,4.1248393,4.4358974,NISQAv2
real_616.wav,4.447401,3.9264715,4.574235,4.2869887,4.403006,NISQAv2
fake_964.wav,3.50621,3.6465154,4.151192,3.184838,3.9201999,NISQAv2
real_33.wav,4.4159346,4.002014,4.519442,4.1777434,4.442229,NISQAv2
fake_1183.wav,2.9857953,3.5177052,3.540149,2.4885786,3.7017043,NISQAv2
real_170.wav,4.4380274,4.464023,4.4326525,4.1187644,4.4325643,NISQAv2
fake_1815.wav,2.7538323,2.3248398,4.0175138,3.0588024,3.5470054,NISQAv2
real_158.wav,4.314847,4.340525,4.3492336,3.9048595,4.3827043,NISQAv2
fake_794.wav,2.380378,2.9198444,3.9881566,2.1464396,3.2914963,NISQAv2
fake_958.wav,2.9525356,2.8706028,3.8393013,2.38683,3.7157109,NISQAv2
fake_780.wav,3.1604302,3.8805027,3.9541833,2.905484,3.7407215,NISQAv2
fake_1801.wav,2.5527058,2.0748398,3.8394399,2.8535354,3.4084642,NISQAv2
fake_1356.wav,2.572975,3.2977455,2.867126,2.32212,3.336256,NISQAv2
real_2540.wav,3.7812216,3.7297244,3.791533,3.3519256,3.966398,NISQAv2
real_1049.wav,4.033636,3.5152047,4.466797,4.103053,4.3526645,NISQAv2
fake_569.wav,3.5553586,2.344884,4.3171625,3.6200528,4.0758357,NISQAv2
fake_2139.wav,2.0291498,2.8223932,2.884569,2.2778003,3.1748326,NISQAv2
fake_1430.wav,2.9594982,2.116454,3.8988864,2.7739608,3.752146,NISQAv2
real_2226.wav,4.064748,3.8273718,4.2700872,3.8623946,4.3476505,NISQAv2
fake_1424.wav,2.975944,2.3852015,3.6846492,2.7629054,3.6653295,NISQAv2
real_2232.wav,4.0337405,3.9802017,4.0961075,3.81481,4.290542,NISQAv2
fake_1342.wav,3.0611641,3.3058171,3.5031261,2.890104,3.7599144,NISQAv2
real_2554.wav,4.444362,4.2970533,4.6257787,4.2862463,4.410715,NISQAv2
fake_555.wav,3.4025874,2.4697144,4.2533236,3.5206,4.0122523,NISQAv2
real_1075.wav,4.383934,3.814846,4.4717445,4.2615204,4.4772353,NISQAv2
fake_2105.wav,2.8965816,3.2768748,4.007258,2.9133966,3.666578,NISQAv2
fake_233.wav,3.0266144,3.56092,3.825546,2.7287366,3.681878,NISQAv2
real_1713.wav,3.8071554,2.8028123,4.1966724,3.807143,4.1946387,NISQAv2
real_399.wav,4.085393,3.2528875,4.2559547,4.0059757,4.337891,NISQAv2
fake_2111.wav,2.5978346,2.7393086,3.5165513,2.8036356,3.4246142,NISQAv2
fake_227.wav,3.4333968,3.6045673,4.158472,3.2163208,3.942511,NISQAv2
real_1707.wav,4.101801,3.6766825,4.242148,3.917038,4.4191203,NISQAv2
fake_1418.wav,3.3189633,2.2620525,4.2275696,3.3863275,3.9728448,NISQAv2
real_2568.wav,3.5014055,3.57036,3.419976,3.5340495,4.065906,NISQAv2
fake_541.wav,2.7709153,2.3631625,3.7322013,2.5464282,3.4966934,NISQAv2
real_1061.wav,3.6634488,3.2446382,4.2889028,3.8679678,4.115453,NISQAv2
real_400.wav,4.0136175,2.5932374,4.5217094,3.9478767,4.2275863,NISQAv2
fake_1395.wav,3.285168,3.4891696,3.9157507,2.9452975,3.555639,NISQAv2
real_2583.wav,3.887954,3.4458694,4.324897,3.8673701,4.14803,NISQAv2
real_1934.wav,4.1121073,4.106633,3.5409439,3.7055027,4.1605773,NISQAv2
real_366.wav,3.872696,3.127632,4.5258217,3.8948643,3.2920086,NISQAv2
real_1920.wav,3.0960886,3.256327,2.6289043,2.9822419,3.555078,NISQAv2
real_372.wav,3.8966172,3.6634414,4.379044,3.862272,4.1752057,NISQAv2
fake_1381.wav,3.3582013,3.5976598,3.8143256,3.2383268,3.617907,NISQAv2
real_2597.wav,4.034787,3.7783048,4.367108,3.7559044,4.2533107,NISQAv2
real_414.wav,4.25263,3.8505847,4.4349165,3.99778,4.3592362,NISQAv2
fake_596.wav,3.1360743,3.565379,3.9502025,2.7670395,3.6965141,NISQAv2
real_1908.wav,4.043169,3.563225,4.3976936,3.9468958,4.144879,NISQAv2
fake_582.wav,3.0473216,3.5613253,3.8298404,2.6550112,3.5649328,NISQAv2
real_428.wav,4.2201905,3.9440835,4.4308505,3.9058902,4.4543014,NISQAv2
fake_1222.wav,3.2177575,2.4907482,4.0147166,3.2238524,3.7652287,NISQAv2
real_2434.wav,4.210647,4.1590014,4.475096,3.9274027,4.297155,NISQAv2
real_1883.wav,2.869353,3.6118462,2.3150651,2.7828624,3.7247393,NISQAv2
fake_1544.wav,2.5772917,3.1519358,3.234934,2.3761408,3.3701723,NISQAv2
real_2352.wav,4.5763264,4.3375096,4.620834,4.2428555,4.518411,NISQAv2
fake_1550.wav,1.9998013,2.5933459,2.8247359,2.4751008,3.1052496,NISQAv2
real_2346.wav,4.6203403,4.3706183,4.6264277,4.2340055,4.5502143,NISQAv2
real_1897.wav,3.9130716,3.871186,4.387167,3.999977,4.1623836,NISQAv2
fake_2059.wav,3.0147219,3.9187825,3.9198117,2.5360615,3.6564682,NISQAv2
real_1129.wav,3.0248482,3.255823,3.6437464,2.700242,3.6757674,NISQAv2
fake_409.wav,1.6012267,1.9053226,2.791309,2.406244,2.56411,NISQAv2
fake_1236.wav,3.1357381,2.409513,4.0545273,2.846257,3.6701953,NISQAv2
real_2420.wav,3.5636113,3.0227883,4.1721,3.6575747,3.8220155,NISQAv2
fake_421.wav,1.8365732,1.9527893,3.1633863,2.4158409,2.757618,NISQAv2
real_1101.wav,3.8490236,3.7748864,4.117864,3.6981163,4.112172,NISQAv2
real_2408.wav,3.9090545,3.465125,4.070125,3.709983,4.239117,NISQAv2
fake_1578.wav,3.0146701,3.695702,3.7607841,2.772063,3.5807939,NISQAv2
fake_2071.wav,3.1522977,3.8177552,4.00833,2.72518,3.7056801,NISQAv2
fake_347.wav,2.7634485,2.815797,3.893774,2.7602317,3.5790038,NISQAv2
real_1667.wav,4.0662956,4.144156,4.5763273,4.4281917,4.347443,NISQAv2
fake_2065.wav,3.2331808,3.3346171,4.1432614,3.0976093,3.8449776,NISQAv2
fake_353.wav,2.533214,2.6316059,3.4378345,2.3160381,3.3225796,NISQAv2
real_1673.wav,4.384806,4.264219,4.569664,4.4090934,4.2837453,NISQAv2
fake_435.wav,1.9772204,1.8325063,3.0700293,2.552747,2.9898212,NISQAv2
real_1115.wav,3.3112793,3.353017,3.7166998,3.5237975,3.993681,NISQAv2
real_574.wav,4.662752,4.590737,4.7184424,4.226725,4.556031,NISQAv2
fake_1587.wav,3.4657304,3.94805,4.034341,3.4949071,3.9488628,NISQAv2
real_2391.wav,4.2208533,3.5746753,4.4619036,4.1442723,4.309096,NISQAv2
real_1698.wav,4.236912,3.1455503,4.3618097,3.8584654,4.391917,NISQAv2
real_1840.wav,3.6458163,2.3730748,4.191619,3.9804556,3.9401076,NISQAv2
real_212.wav,4.2558727,4.2355223,4.3720765,4.0394044,4.3604302,NISQAv2
real_1854.wav,3.5913348,2.1961765,4.424835,3.8818321,4.0189776,NISQAv2
real_206.wav,3.4383075,2.453224,4.379089,3.487662,3.8943534,NISQAv2
fake_1593.wav,2.8742008,3.4489043,3.74464,2.9638865,3.3313658,NISQAv2
real_2385.wav,3.9440148,3.073243,4.3252983,3.961779,4.2287126,NISQAv2
real_560.wav,4.1455646,3.1514904,4.510581,4.311624,4.2242045,NISQAv2
real_548.wav,4.158372,3.2374992,4.3887277,4.180322,4.2191844,NISQAv2
fake_384.wav,2.4895577,2.3531747,2.9200053,2.6261961,3.3438346,NISQAv2
fake_390.wav,2.2937536,2.717193,3.4692013,2.7086954,3.2261631,NISQAv2
real_1868.wav,4.37442,3.5057685,4.509546,4.166263,4.379492,NISQAv2
real_2150.wav,3.8820336,3.932509,4.1883264,3.8647735,4.171597,NISQAv2
fake_1746.wav,2.1525996,2.4275672,3.550972,2.2288935,3.101157,NISQAv2
fake_179.wav,2.2455623,1.887177,3.5299237,2.6027877,3.2507117,NISQAv2
real_1459.wav,4.353617,3.972452,4.6102076,4.288969,4.419821,NISQAv2
fake_2529.wav,3.3488586,3.3704422,3.907962,3.2870195,3.8926184,NISQAv2
fake_1020.wav,3.4971063,3.064372,3.9901693,3.1860788,3.9434047,NISQAv2
fake_1034.wav,2.8722672,2.5681083,3.887997,3.271536,3.4823036,NISQAv2
real_979.wav,4.507838,3.8188217,4.5495157,4.392014,4.45784,NISQAv2
real_2144.wav,3.9953406,4.359178,4.426334,3.838688,4.1800942,NISQAv2
fake_1752.wav,3.1690414,2.7043612,3.9032905,3.3651094,3.8202088,NISQAv2
real_1465.wav,4.3207088,3.9512677,4.4626327,3.8637385,4.2380958,NISQAv2
fake_2273.wav,3.3303723,3.4828038,3.855708,2.764231,3.7809012,NISQAv2
fake_145.wav,2.3790343,2.7402875,3.4475284,2.423062,3.3752964,NISQAv2
real_789.wav,3.2651818,3.1597087,3.742706,2.9847853,3.7227068,NISQAv2
real_1303.wav,2.1228032,3.1386867,2.5270147,2.6839452,3.4208715,NISQAv2
real_951.wav,4.287078,4.1583915,4.3879404,4.0222754,4.361597,NISQAv2
fake_623.wav,2.800289,3.261577,3.7161837,2.8493383,3.495206,NISQAv2
fake_2515.wav,2.8747537,3.199962,2.677728,2.9310033,3.6980577,NISQAv2
real_1317.wav,3.7669997,4.173903,4.0478544,3.6900122,3.978721,NISQAv2
fake_637.wav,2.8541143,3.2185924,3.4218247,2.683391,3.5436332,NISQAv2
fake_2501.wav,3.3593616,3.6650517,3.973326,3.0584948,3.8746533,NISQAv2
real_945.wav,4.473899,4.0534134,4.578214,4.242925,4.5019293,NISQAv2
fake_1008.wav,3.604433,2.8179967,4.309183,3.5402508,4.017495,NISQAv2
real_2178.wav,4.4425697,3.9726553,4.5212708,4.2490106,4.468993,NISQAv2
real_1471.wav,4.245659,3.664631,4.383904,3.818881,4.377856,NISQAv2
fake_2267.wav,3.2827013,3.6652095,3.788766,2.6254144,3.7006462,NISQAv2
fake_151.wav,2.3448486,3.1255772,3.5528479,2.2155101,3.4983218,NISQAv2
real_2193.wav,4.658577,4.206228,4.6557302,4.272596,4.5599766,NISQAv2
fake_1785.wav,2.9096224,2.1401381,4.086473,3.0096018,3.6696022,NISQAv2
real_776.wav,4.053986,4.2438927,3.7854173,3.7540965,4.2544575,NISQAv2
fake_804.wav,2.569573,3.2406514,3.3482468,1.9335606,3.4053657,NISQAv2
fake_810.wav,2.3204358,2.2263663,3.66652,2.2688735,3.3321364,NISQAv2
real_762.wav,4.027704,4.06423,4.3967767,3.672851,4.2821198,NISQAv2
real_2187.wav,4.5646605,4.1672993,4.6065173,4.271542,4.5166936,NISQAv2
fake_1791.wav,2.570796,2.0835068,3.8197968,2.9908745,3.3714936,NISQAv2
fake_1949.wav,3.1433241,3.150205,3.560449,2.859718,3.5125117,NISQAv2
fake_2298.wav,3.3586943,3.4810977,3.829778,2.9476888,3.736949,NISQAv2
fake_1961.wav,1.481544,2.7258947,2.5411713,1.943116,2.429884,NISQAv2
fake_186.wav,2.5683296,2.214667,3.837299,2.8429258,3.4198244,NISQAv2
real_992.wav,4.1944623,3.2835078,4.341966,4.011434,4.2784667,NISQAv2
fake_838.wav,2.7156909,2.383544,3.852371,2.6612313,3.4179208,NISQAv2
real_986.wav,2.819829,3.1365817,2.803325,3.4237986,3.7191317,NISQAv2
fake_192.wav,2.723767,1.9566293,3.3114421,2.4537442,3.3406153,NISQAv2
fake_1975.wav,1.9381729,3.0198634,2.7977154,1.8619608,2.809659,NISQAv2
real_987.wav,4.494478,4.144536,4.4739375,4.3655925,4.468839,NISQAv2
fake_1974.wav,1.9290243,2.551217,2.917806,1.8199443,2.723225,NISQAv2
fake_193.wav,2.5777667,2.0376968,3.76351,2.989319,3.3792584,NISQAv2
fake_187.wav,2.6891959,2.1347952,3.75552,3.034645,3.482897,NISQAv2
fake_1960.wav,1.8596555,2.341556,2.9843638,2.1119504,2.6427383,NISQAv2
fake_839.wav,2.7480159,2.5247767,3.9597862,2.2379491,3.538666,NISQAv2
real_993.wav,4.475,3.2614152,4.60604,4.310444,4.520517,NISQAv2
real_763.wav,4.583007,4.495034,4.6234183,4.156978,4.5398326,NISQAv2
fake_811.wav,2.307188,2.2797,3.7780983,2.5821996,3.2237186,NISQAv2
fake_2299.wav,3.8793147,3.8877249,4.3532934,3.5268157,4.131705,NISQAv2
fake_1948.wav,2.8852174,3.5557804,3.9365861,2.7415872,3.4450579,NISQAv2
fake_1790.wav,3.2069676,1.8627635,4.250408,3.541077,3.8923147,NISQAv2
real_2186.wav,4.6030054,4.4754405,4.63875,4.3544793,4.40046,NISQAv2
fake_1784.wav,2.8914878,2.4308784,3.702469,2.8972554,3.6324732,NISQAv2
real_2192.wav,4.465142,3.897392,4.563744,4.1792045,4.497123,NISQAv2
fake_805.wav,2.7227685,2.9848206,3.5258584,2.552069,3.6092644,NISQAv2
real_777.wav,4.0474586,4.0791435,4.232706,3.5816739,4.1578226,NISQAv2
fake_1009.wav,3.7207978,2.657797,4.4173126,3.7275622,4.1268754,NISQAv2
real_944.wav,4.2441444,3.9244754,4.2999654,4.0975957,4.3624268,NISQAv2
fake_2500.wav,2.3284895,2.4817464,3.473138,2.4805815,3.2716787,NISQAv2
fake_636.wav,2.853648,3.1213489,3.334876,2.5286353,3.414854,NISQAv2
real_1316.wav,4.1856422,4.2306805,4.1915135,3.6993186,4.04849,NISQAv2
fake_150.wav,2.5245273,3.251726,3.3378608,2.5746932,3.6004894,NISQAv2
fake_2266.wav,3.698974,3.607209,4.257638,3.3527455,4.0591006,NISQAv2
real_1470.wav,4.3652205,4.3875713,4.6596336,4.3134623,4.3471174,NISQAv2
real_2179.wav,3.7984679,4.001594,3.9969037,3.4816737,4.1282935,NISQAv2
fake_144.wav,2.5086343,3.314496,3.4661715,2.7136004,3.5693572,NISQAv2
fake_2272.wav,3.145077,3.3429708,3.680071,2.6448052,3.7396364,NISQAv2
real_1464.wav,4.0767694,4.2253594,4.4666033,3.6893601,4.1730533,NISQAv2
fake_2514.wav,2.9312823,3.542253,3.6372993,2.6378984,3.5426207,NISQAv2
fake_622.wav,2.6971776,3.049775,3.399618,2.7508116,3.5729954,NISQAv2
real_950.wav,4.312271,3.8798473,4.449787,4.081762,4.435626,NISQAv2
real_1302.wav,2.7303483,3.9648023,3.8312201,2.866896,3.622714,NISQAv2
real_788.wav,3.3230312,2.9811828,4.1121774,3.688669,3.9466305,NISQAv2
real_978.wav,4.546728,4.1524763,4.5481625,4.378983,4.493587,NISQAv2
fake_1035.wav,2.9568808,2.5561652,3.9830668,3.2777574,3.4455888,NISQAv2
fake_1753.wav,3.5081055,3.666507,4.0190935,3.365947,3.9821503,NISQAv2
real_2145.wav,4.3704324,4.3435903,4.551332,4.138794,4.426907,NISQAv2
real_1458.wav,4.4279485,3.8857298,4.6401916,4.2410073,4.48888,NISQAv2
fake_178.wav,2.8414853,2.1326616,3.9114938,3.0609272,3.5045407,NISQAv2
fake_1747.wav,3.2300546,2.6874168,4.021656,3.2677515,3.9188645,NISQAv2
real_2151.wav,3.7223065,3.8815806,4.040242,3.2479873,3.9868605,NISQAv2
fake_1021.wav,3.8292284,3.5996706,4.25423,3.5403035,4.136478,NISQAv2
fake_2528.wav,3.055187,3.2378333,3.702872,2.6101353,3.6080213,NISQAv2
real_1869.wav,4.3082924,4.101555,4.4643793,4.174133,4.421536,NISQAv2
fake_391.wav,1.9678359,2.595759,3.603217,2.4407225,2.8330567,NISQAv2
real_549.wav,3.980757,3.2255986,4.34348,4.067546,4.059393,NISQAv2
fake_385.wav,3.193484,2.4989548,3.9107583,3.4998205,3.8529937,NISQAv2
real_2384.wav,3.9428227,3.2841938,4.263149,3.8644292,4.1894603,NISQAv2
fake_1592.wav,3.1193402,3.80534,3.7256205,2.9254005,3.4743938,NISQAv2
real_207.wav,3.8300092,2.8658211,4.3970323,4.0352225,4.1354218,NISQAv2
real_1855.wav,3.787492,2.10508,4.372962,4.068972,4.092757,NISQAv2
real_561.wav,3.9038122,3.003991,4.426782,4.0162992,4.221989,NISQAv2
real_575.wav,4.587174,4.449316,4.669774,4.1284676,4.526919,NISQAv2
real_213.wav,4.459852,4.2793517,4.542694,4.204972,4.4587245,NISQAv2
real_1841.wav,3.5648813,2.4029691,4.1032825,3.794179,3.9801855,NISQAv2
real_1699.wav,4.0011387,3.2923944,4.2241,4.0078917,4.1705427,NISQAv2
real_2390.wav,4.133231,3.4130175,4.376523,4.0455194,4.254846,NISQAv2
fake_1586.wav,3.5053017,3.9395244,3.9802682,3.3566406,3.8916557,NISQAv2
real_1672.wav,4.16276,4.245088,4.5391254,4.3157744,4.310435,NISQAv2
fake_352.wav,1.4707819,2.0308676,2.7027268,1.8234689,2.5329463,NISQAv2
fake_2064.wav,2.444191,2.790212,2.7523582,2.1486418,3.4227607,NISQAv2
real_1114.wav,2.748277,3.2206147,2.889334,2.611491,3.5987306,NISQAv2
fake_434.wav,2.1104815,2.2909226,3.214375,2.3483908,3.1153665,NISQAv2
real_2409.wav,4.059767,3.3921037,4.437821,3.9861822,4.282096,NISQAv2
real_1100.wav,4.2719984,4.111769,4.4217434,4.0686316,4.370205,NISQAv2
fake_420.wav,2.0919225,2.5246658,3.0232756,2.3982086,3.158929,NISQAv2
real_1666.wav,3.8295999,3.9391987,4.4859514,4.2011385,4.264276,NISQAv2
fake_346.wav,2.1146867,2.5139728,2.8069277,2.3102148,3.137274,NISQAv2
fake_2070.wav,2.9820004,3.702945,3.8142283,2.3310797,3.5517704,NISQAv2
fake_1579.wav,3.2886546,3.7363312,3.9075284,3.2237084,3.8915596,NISQAv2
fake_2058.wav,2.9281805,3.8608732,3.6447496,2.3240128,3.6299865,NISQAv2
real_1896.wav,4.4657183,4.348493,4.557184,4.169778,4.447885,NISQAv2
real_2347.wav,4.689683,4.2859254,4.6817036,4.3647127,4.618263,NISQAv2
fake_1551.wav,2.5883813,2.7168376,3.4910915,2.7488916,3.3579206,NISQAv2
real_2421.wav,4.024373,3.2580903,4.422176,3.9471776,4.2743354,NISQAv2
fake_1237.wav,3.3683302,2.6936445,4.0187144,3.0694702,3.806311,NISQAv2
fake_408.wav,1.7121964,2.3767638,3.0126886,1.8066242,2.666058,NISQAv2
real_1128.wav,2.9749763,3.0571034,3.7723987,2.8100917,3.5946393,NISQAv2
real_2435.wav,3.9587193,3.635877,4.4375267,3.7273314,4.1830573,NISQAv2
fake_1223.wav,3.1174374,2.4401655,4.0537386,2.614612,3.5614533,NISQAv2
real_2353.wav,4.637883,4.3520575,4.6600885,4.2922425,4.531934,NISQAv2
fake_1545.wav,2.668976,3.0933583,3.4397447,2.49831,3.4094923,NISQAv2
real_1882.wav,3.0167277,3.2869008,2.4441493,3.094512,3.772353,NISQAv2
real_429.wav,4.226067,3.8670912,4.452756,3.946882,4.417767,NISQAv2
fake_583.wav,2.7228262,3.4527109,3.9706893,2.2415109,3.4594378,NISQAv2
fake_597.wav,3.401648,3.7128751,3.98905,2.859049,3.802792,NISQAv2
real_1909.wav,3.921866,3.6670487,4.1547356,3.4864366,3.939613,NISQAv2
real_373.wav,4.0179935,3.5058677,4.3363075,3.7814968,4.3944526,NISQAv2
real_1921.wav,4.579282,4.293387,4.516014,4.073475,4.43653,NISQAv2
real_415.wav,4.0197835,3.5163574,4.3169336,4.134894,4.3400054,NISQAv2
real_2596.wav,3.7548168,3.3481724,4.24488,3.595829,4.1500635,NISQAv2
fake_1380.wav,3.9540331,3.9025266,4.2896633,3.59631,4.0743594,NISQAv2
real_2582.wav,3.9360054,3.4529831,4.3218374,3.9644716,4.202581,NISQAv2
fake_1394.wav,3.1374695,3.3696835,3.916368,2.6881607,3.5210376,NISQAv2
real_401.wav,4.3219314,3.9129744,4.5882936,3.9453413,4.490581,NISQAv2
real_367.wav,4.0361443,3.80012,4.3038044,3.920006,4.2834973,NISQAv2
real_1935.wav,4.0181236,4.319465,4.298991,3.7513435,3.8867052,NISQAv2
fake_1419.wav,3.019716,2.1731057,4.0535073,3.0085592,3.878557,NISQAv2
real_1706.wav,3.940855,3.9600818,4.3047314,3.8299882,4.256894,NISQAv2
fake_226.wav,3.0559595,3.2839363,3.7096317,2.9031372,3.6691046,NISQAv2
fake_2110.wav,2.5382948,2.6719213,3.566117,2.4280305,3.3362243,NISQAv2
real_1060.wav,3.9876707,3.205436,4.3717604,4.0971026,4.3271365,NISQAv2
fake_540.wav,2.594343,2.1059568,3.6140451,2.5750844,3.211032,NISQAv2
real_2569.wav,4.0640173,3.557617,4.366538,3.807506,4.2541947,NISQAv2
real_1074.wav,3.5915687,3.103061,3.3177395,3.1669035,3.8469722,NISQAv2
fake_554.wav,2.880645,2.4856935,3.8006968,2.6217756,3.5577796,NISQAv2
real_398.wav,4.060591,2.894717,4.501257,3.7740326,4.35166,NISQAv2
real_1712.wav,3.8816726,2.8232017,4.1796227,3.627374,4.2162027,NISQAv2
fake_232.wav,2.8101075,3.28779,3.5642087,2.580734,3.5454254,NISQAv2
fake_2104.wav,2.5672076,2.9576275,3.8035355,2.7667642,3.5357418,NISQAv2
real_2233.wav,4.63241,4.133708,4.7665143,4.456247,4.6056905,NISQAv2
fake_1425.wav,3.052791,2.5653296,3.989372,2.9721313,3.8139088,NISQAv2
real_2555.wav,4.3188,4.3978295,4.469879,4.108127,4.3994584,NISQAv2
fake_1343.wav,2.6616302,3.4013855,3.4551876,2.5967638,3.560282,NISQAv2
fake_568.wav,3.111644,2.5944827,3.6273751,2.8290892,3.7605174,NISQAv2
real_1048.wav,3.7427065,3.5961127,4.4642715,4.1701484,4.0938125,NISQAv2
real_2541.wav,4.4827127,4.1737204,4.652549,4.409764,4.4372687,NISQAv2
fake_1357.wav,2.9208314,3.5433316,3.57285,2.545369,3.5450373,NISQAv2
real_2227.wav,4.7609015,4.4653797,4.7319236,4.3243,4.6197295,NISQAv2
fake_1431.wav,2.9231427,2.303655,3.2006962,2.7583997,3.633677,NISQAv2
fake_2138.wav,2.952746,3.493261,3.8102121,2.4709558,3.64161,NISQAv2
fake_781.wav,4.0433826,4.077604,4.337017,3.487779,4.1169505,NISQAv2
fake_959.wav,2.9461567,3.6937342,4.0418277,2.6193106,3.5796278,NISQAv2
fake_1800.wav,2.1233413,2.415829,2.6138494,2.0354543,2.851907,NISQAv2
real_159.wav,3.8968897,4.049801,3.8970976,3.3659458,4.158715,NISQAv2
fake_1814.wav,2.3564713,2.2091813,3.632849,2.546662,3.3166733,NISQAv2
fake_795.wav,2.5824199,2.78308,3.2056162,2.2046974,3.3787751,NISQAv2
fake_1182.wav,2.4400046,2.8645184,2.7083662,2.3614905,3.367059,NISQAv2
real_32.wav,4.457697,3.9770133,4.478889,4.1556087,4.4992194,NISQAv2
fake_965.wav,3.4241354,3.6546571,3.9148085,3.102209,3.8805943,NISQAv2
real_617.wav,4.4065866,4.1447473,4.39753,4.2525373,4.449775,NISQAv2
real_171.wav,3.2506168,2.285474,4.034245,3.6483445,3.798542,NISQAv2
fake_1828.wav,3.5187385,2.1152956,4.508253,3.8385646,3.968049,NISQAv2
real_165.wav,4.21474,4.401528,4.4925346,4.0047197,4.414665,NISQAv2
real_26.wav,3.7138965,3.9389448,3.4698803,3.4369557,4.1006284,NISQAv2
real_1289.wav,1.762106,3.2363317,2.1847088,2.482994,3.5081615,NISQAv2
real_603.wav,4.588276,4.4134507,4.6513987,4.174584,4.541819,NISQAv2
fake_971.wav,3.6158822,3.0260816,3.7402413,3.0129113,3.8910143,NISQAv2
fake_1196.wav,2.7260714,3.128556,3.4899468,2.6414878,3.4999611,NISQAv2
fake_35.wav,2.975517,3.0764782,3.8179905,2.8174083,3.624915,NISQAv2
fake_2474.wav,2.4187472,2.5043585,3.3056319,2.593263,3.4004014,NISQAv2
fake_742.wav,3.3905191,3.7942178,4.177064,3.0020995,3.8332565,NISQAv2
real_830.wav,2.4358795,2.4711149,2.4920685,2.7786005,3.7682583,NISQAv2
real_1262.wav,3.9448268,2.5514193,4.3344164,4.0921865,4.1226745,NISQAv2
fake_2312.wav,2.9222634,3.5169291,3.7571566,2.4089231,3.6288664,NISQAv2
real_1504.wav,4.387339,4.0639915,4.451088,3.9284818,4.385346,NISQAv2
real_2019.wav,3.2285955,2.8853936,3.7787702,3.2727306,3.5060904,NISQAv2
fake_2306.wav,3.4960737,3.7994711,4.122755,3.2829978,3.8258939,NISQAv2
real_1510.wav,4.441593,4.3016453,4.7383113,4.434072,4.4892654,NISQAv2
real_824.wav,3.4081938,2.7615354,4.0051727,3.3015797,3.822921,NISQAv2
fake_2460.wav,2.2004273,2.3420403,3.6401136,2.6923723,3.1727026,NISQAv2
fake_756.wav,3.0803778,3.822273,3.8707492,2.7321177,3.698895,NISQAv2
real_1276.wav,3.5524857,3.0098672,4.009886,3.6260672,3.9441037,NISQAv2
fake_1169.wav,2.8039722,3.6155581,3.8092606,2.788842,3.7668123,NISQAv2
fake_21.wav,2.604575,3.1312358,3.4792585,2.3842764,3.6076896,NISQAv2
fake_2448.wav,2.047592,2.0063086,3.3162875,2.4156067,3.1291707,NISQAv2
fake_1141.wav,2.0299292,3.0810378,2.27015,2.2073972,3.2234092,NISQAv2
fake_1627.wav,2.570647,2.7555616,3.311566,2.5902078,3.4269445,NISQAv2
real_2031.wav,4.5909853,4.4716234,4.65612,4.0695515,4.481932,NISQAv2
real_1538.wav,3.840552,3.575811,4.357806,3.8541012,4.148405,NISQAv2
fake_1633.wav,2.7489512,3.1754427,3.379484,2.8000867,3.4958403,NISQAv2
real_2025.wav,2.6384766,2.7068517,3.8551722,3.1044261,3.2576616,NISQAv2
fake_1155.wav,2.5972269,3.1363962,3.500738,2.7982697,3.4385467,NISQAv2
real_818.wav,3.744913,3.0613475,4.355172,3.923987,4.235104,NISQAv2
fake_1625.wav,2.7664502,3.2930586,3.4686193,2.468084,3.56764,NISQAv2
real_2033.wav,4.784486,4.556978,4.762003,4.336592,4.664781,NISQAv2
fake_1143.wav,2.6566093,3.3822947,3.5919755,2.5664403,3.5643075,NISQAv2
real_1248.wav,4.2960634,3.3725946,4.425273,4.127597,4.3128667,NISQAv2
fake_768.wav,2.9536245,3.1083093,3.7195537,2.8892856,3.6248863,NISQAv2
fake_1157.wav,2.3700404,2.9244912,3.0652816,2.5724814,3.360787,NISQAv2
fake_1631.wav,3.0365968,3.3271742,3.5464272,2.9573972,3.2548048,NISQAv2
real_2027.wav,3.0060704,2.5963595,3.9327974,3.4655106,3.5467887,NISQAv2
fake_2338.wav,2.9486868,3.4896462,3.9440336,2.4434423,3.5633006,NISQAv2
fake_1619.wav,3.2559195,3.450003,4.0941286,3.4626186,3.784958,NISQAv2
fake_2310.wav,3.3306136,3.6208599,4.003617,2.9730809,3.725679,NISQAv2
real_1506.wav,4.079567,3.8254058,4.374174,3.7245033,4.3312736,NISQAv2
real_832.wav,3.3632257,2.8456123,4.179199,3.5552657,4.0022273,NISQAv2
fake_2476.wav,2.5453317,2.8028066,3.7669725,2.8632252,3.4921908,NISQAv2
fake_740.wav,3.5707471,3.9913676,4.1195383,2.9698133,4.0164876,NISQAv2
real_1260.wav,3.5455835,2.8883374,4.1712003,3.788176,3.9168513,NISQAv2
fake_998.wav,3.5765543,2.6656106,4.193591,3.515946,4.018937,NISQAv2
fake_37.wav,2.997039,3.441596,3.6920822,3.0409853,3.8829415,NISQAv2
fake_23.wav,3.0618403,3.5013707,3.7416353,2.8905418,3.762991,NISQAv2
fake_2462.wav,1.7103745,2.460847,2.3723147,1.8917327,2.8194463,NISQAv2
fake_754.wav,3.417233,3.8966708,4.032795,2.916943,3.9623225,NISQAv2
real_826.wav,3.4166143,2.7629516,4.092196,3.6130285,3.9710426,NISQAv2
real_1274.wav,4.117459,3.308884,4.372069,4.026945,4.2969756,NISQAv2
real_198.wav,3.706899,2.367092,4.2778726,3.878514,4.146527,NISQAv2
fake_2304.wav,3.5566812,3.9004605,4.0812635,3.1931152,3.9683008,NISQAv2
real_1512.wav,3.9934063,3.7372005,4.128911,3.6466286,4.0928183,NISQAv2
real_173.wav,3.5048814,2.3214722,4.230887,3.8383975,4.0185676,NISQAv2
real_615.wav,4.344466,4.145094,4.489116,4.2707067,4.405544,NISQAv2
fake_967.wav,3.4926388,3.3777583,4.0857377,3.2208254,3.9803045,NISQAv2
fake_2489.wav,2.4919283,2.301288,3.5740812,2.6258745,3.4571006,NISQAv2
real_30.wav,4.4585214,4.173627,4.52695,4.158483,4.5181136,NISQAv2
fake_1180.wav,2.9635966,3.4056642,3.9586794,2.8445952,3.6994815,NISQAv2
fake_1194.wav,2.3012228,3.0203993,3.4938421,2.4411204,3.3003666,NISQAv2
fake_973.wav,4.021413,3.9267678,4.4438133,3.6482122,4.2271585,NISQAv2
real_601.wav,4.585847,4.2701693,4.6792574,4.2751656,4.567932,NISQAv2
real_24.wav,4.597443,4.134521,4.6694937,4.309914,4.602468,NISQAv2
real_167.wav,3.4464617,3.730271,3.9031487,3.2354858,3.7827122,NISQAv2
fake_1802.wav,2.7473075,2.5952926,3.9459093,2.7918656,3.313472,NISQAv2
real_629.wav,4.4817595,4.1992373,4.558169,4.32826,4.4990873,NISQAv2
fake_783.wav,3.3201673,3.7502754,4.0598845,2.9105582,3.7306044,NISQAv2
fake_797.wav,2.914346,3.064358,3.9007566,2.6295717,3.3216481,NISQAv2
real_18.wav,4.4696646,4.200128,4.53368,4.123216,4.5164375,NISQAv2
fake_1816.wav,2.6021447,1.7703894,4.1579056,3.0092695,3.1562822,NISQAv2
real_2557.wav,4.469651,4.3468266,4.6037273,4.227598,4.4608064,NISQAv2
fake_1341.wav,2.5896897,3.0242774,3.4791923,2.9328237,3.7585125,NISQAv2
real_2231.wav,4.8852334,4.345878,4.795686,4.450736,4.6752534,NISQAv2
fake_1427.wav,3.6089933,2.2082088,4.318507,3.665572,4.09842,NISQAv2
fake_218.wav,3.2627459,3.5345314,3.823891,2.952813,3.8387103,NISQAv2
real_1738.wav,4.312241,3.6078389,4.5329,4.187557,4.5587955,NISQAv2
real_2225.wav,4.6513534,4.2945566,4.6565037,4.370333,4.55072,NISQAv2
fake_1433.wav,3.3758981,2.2503846,4.222764,3.4224384,3.9528587,NISQAv2
real_2543.wav,4.4541154,4.3407726,4.4877915,4.082327,4.394075,NISQAv2
fake_1355.wav,2.9788425,3.7192478,3.4520366,2.8151972,3.6526923,NISQAv2
real_1062.wav,3.592868,3.2645729,4.3629675,3.6966414,4.055818,NISQAv2
fake_542.wav,3.646444,2.16033,4.425803,3.5751376,4.0516877,NISQAv2
real_1704.wav,4.128905,4.2453475,4.395423,3.826935,4.2728033,NISQAv2
fake_224.wav,3.69728,3.769192,4.147834,3.5217335,4.0283303,NISQAv2
fake_2112.wav,2.619949,2.8678083,3.6448967,2.6005256,3.4109333,NISQAv2
real_2219.wav,4.576232,4.2706027,4.7058682,4.3517175,4.5900636,NISQAv2
real_1710.wav,4.0468836,3.4588933,4.280039,3.8621933,4.3180404,NISQAv2
fake_230.wav,2.9439752,3.4368956,3.8422768,2.7018034,3.5253005,NISQAv2
fake_2106.wav,2.3993933,2.8868635,3.5304906,2.3208566,3.3612018,NISQAv2
real_1076.wav,3.9844077,3.790094,4.0429177,3.553019,4.0344296,NISQAv2
fake_556.wav,2.5338538,2.4358814,2.846657,2.368241,3.2350934,NISQAv2
fake_1369.wav,3.7246466,3.7640946,3.9765909,3.2887056,3.8992467,NISQAv2
real_2594.wav,4.353409,3.6771483,4.5636654,4.156845,4.382046,NISQAv2
fake_1382.wav,3.5380967,3.8377264,4.115387,3.2484286,3.730258,NISQAv2
real_417.wav,4.1613574,3.941642,4.39562,3.9740944,4.3731246,NISQAv2
real_371.wav,3.7901998,3.377123,4.2146606,3.66339,4.0784464,NISQAv2
real_1923.wav,4.804524,4.5963655,4.7191887,4.4366164,4.6164746,NISQAv2
real_365.wav,3.664807,3.6692684,4.2132583,3.603265,4.0027337,NISQAv2
real_1937.wav,4.5138144,4.4548645,4.470545,4.125038,4.420488,NISQAv2
real_1089.wav,4.498297,4.114876,4.5301228,4.1773763,4.4973006,NISQAv2
real_403.wav,3.954796,3.3067665,4.3609047,4.1509824,4.19294,NISQAv2
real_2580.wav,3.8685925,3.4909613,4.1912503,3.7378888,4.157063,NISQAv2
fake_1396.wav,3.4520357,3.6208923,4.0993595,3.1625133,3.6898284,NISQAv2
fake_581.wav,3.0827396,3.429805,3.8026597,2.5987616,3.629153,NISQAv2
real_359.wav,3.5836704,2.924881,3.8999398,3.5440152,3.9029603,NISQAv2
fake_595.wav,2.9038236,3.2888293,3.9166071,2.5137289,3.6348152,NISQAv2
fake_8.wav,3.0427659,3.5364256,3.6964095,2.7912982,3.7270389,NISQAv2
real_2423.wav,2.4841757,2.767048,2.6030688,2.799741,3.5575252,NISQAv2
fake_1235.wav,3.0381496,2.4902372,3.825022,3.087892,3.6455941,NISQAv2
real_2345.wav,4.5904946,4.206465,4.489153,4.2223144,4.5393744,NISQAv2
fake_1553.wav,2.5892353,3.064027,3.5715106,2.6665282,3.383746,NISQAv2
real_1894.wav,3.9235778,3.7219007,4.2834253,3.9397764,4.07311,NISQAv2
real_1880.wav,4.3231945,4.09321,4.4172173,3.8531444,4.293207,NISQAv2
fake_378.wav,2.580615,2.450853,3.5529857,2.60678,3.4776113,NISQAv2
real_1658.wav,4.215831,4.118989,4.22267,3.886194,4.296105,NISQAv2
real_2351.wav,4.860843,4.5004573,4.7695827,4.450344,4.7074075,NISQAv2
fake_1547.wav,3.005873,2.8815567,3.7179017,3.1210568,3.5059059,NISQAv2
real_2437.wav,4.0206556,4.416647,4.608835,4.0817285,4.4065366,NISQAv2
fake_1221.wav,3.2649202,1.9742727,4.2914877,3.5518234,3.750323,NISQAv2
fake_1209.wav,3.310077,3.4722452,3.9651926,3.230062,3.928437,NISQAv2
real_1116.wav,3.5110438,3.4025946,4.1264176,3.4125574,4.0566235,NISQAv2
fake_436.wav,2.22943,2.6238022,3.4153922,2.4200885,3.305921,NISQAv2
real_1670.wav,4.049771,3.6189494,4.3841004,4.3629823,4.2731695,NISQAv2
fake_350.wav,2.245968,2.3067718,2.627969,2.3114772,3.1662984,NISQAv2
fake_2066.wav,4.2047143,4.206811,4.36265,3.6289885,4.285744,NISQAv2
real_2379.wav,3.7971683,3.3112197,4.442712,4.0650353,4.2374907,NISQAv2
real_1664.wav,3.9726815,3.9001746,4.368106,4.0883145,4.2334056,NISQAv2
fake_344.wav,2.1032116,2.4817376,3.0426817,2.4060373,3.1405375,NISQAv2
fake_2072.wav,2.396507,3.4712248,2.6609035,2.1801918,3.394708,NISQAv2
real_1102.wav,3.9540484,3.6348624,4.217907,3.693877,4.169011,NISQAv2
fake_422.wav,2.1243927,2.155192,3.1534681,2.2924838,3.0369084,NISQAv2
real_588.wav,4.564153,4.355423,4.6649466,4.257025,4.519818,NISQAv2
real_563.wav,3.8461883,2.7353034,4.4436674,3.9079387,4.200319,NISQAv2
fake_2099.wav,2.8551242,2.5455773,3.8559253,3.0126665,3.7180772,NISQAv2
real_205.wav,3.8742945,2.8712466,4.243619,4.021483,4.206246,NISQAv2
real_1857.wav,3.6178145,2.0635731,4.467453,4.1338277,4.0480647,NISQAv2
real_2386.wav,3.8700328,3.4291327,4.2323093,3.6986217,3.995744,NISQAv2
fake_1590.wav,3.4826534,3.9600372,4.1662903,3.3904374,3.8081777,NISQAv2
real_2392.wav,3.9173107,3.3474233,4.276809,3.959012,4.206489,NISQAv2
fake_1584.wav,3.2943938,3.8773966,3.9361393,3.0135617,3.7677612,NISQAv2
real_211.wav,3.4027674,2.5010529,4.004727,3.7670197,3.9362164,NISQAv2
real_1843.wav,3.379378,2.018969,4.540602,4.2228007,3.8494859,NISQAv2
real_577.wav,4.6260233,4.322867,4.690711,4.215706,4.505049,NISQAv2
fake_393.wav,2.9256015,2.1698053,3.7576602,3.0737457,3.5592277,NISQAv2
real_239.wav,3.8087678,3.9366891,4.174972,3.6135354,4.086297,NISQAv2
fake_387.wav,3.1327038,2.233094,4.2968025,3.4439933,3.8256855,NISQAv2
fake_2258.wav,3.2356138,3.4234316,3.7082627,2.679741,3.7146907,NISQAv2
fake_1989.wav,1.7391199,2.3217413,2.7011704,1.8425778,2.6498687,NISQAv2
fake_1751.wav,2.396704,2.3224092,3.0504787,2.2734663,3.318133,NISQAv2
real_2147.wav,4.17772,4.2048106,4.3617816,3.8183959,4.2466884,NISQAv2
fake_1037.wav,2.2796526,2.2613952,3.5165565,2.960607,2.6984506,NISQAv2
real_1328.wav,3.673578,3.7388759,4.076671,3.397183,3.8595092,NISQAv2
fake_608.wav,3.188505,3.5382845,3.8391385,2.7167435,3.7398336,NISQAv2
fake_1023.wav,3.2095802,3.4357357,4.0993237,2.7191658,3.807716,NISQAv2
fake_1745.wav,2.8152678,2.7528756,3.811457,2.9106286,3.693416,NISQAv2
real_2153.wav,3.9221745,4.3619847,4.423087,3.6303275,4.176273,NISQAv2
fake_152.wav,3.1278028,3.469735,3.6619003,2.7291055,3.7911742,NISQAv2
fake_2264.wav,3.9591548,3.790304,4.303676,3.531273,4.159884,NISQAv2
real_1472.wav,3.9018052,3.7541769,4.4324074,3.942787,4.267883,NISQAv2
fake_2502.wav,2.7357256,2.7289271,3.1292017,2.4399197,3.5091703,NISQAv2
fake_634.wav,2.997105,3.0829148,2.712607,2.9152014,3.7274504,NISQAv2
real_946.wav,4.319063,3.410908,4.4241796,4.1113276,4.4231195,NISQAv2
real_1314.wav,3.1444848,3.8094995,2.7872152,3.049639,3.624102,NISQAv2
real_2609.wav,4.0141606,3.740288,4.350568,3.8738515,4.2240252,NISQAv2
real_952.wav,4.57021,3.6587932,4.577112,4.238484,4.5443797,NISQAv2
fake_2516.wav,3.3129761,3.550215,3.8120017,3.1117337,3.6909509,NISQAv2
fake_620.wav,2.8234289,3.4321039,3.4734879,2.7584393,3.5200493,NISQAv2
real_1300.wav,2.1318614,3.2702863,2.5527034,2.6242645,3.5598862,NISQAv2
fake_146.wav,2.5827425,3.6315484,3.5005574,2.470061,3.5277731,NISQAv2
fake_2270.wav,3.691575,3.6187494,4.2705812,3.4468808,4.06381,NISQAv2
real_1466.wav,3.7246046,3.582769,3.8428872,3.0179472,3.6304033,NISQAv2
fake_1779.wav,2.4222698,2.3059514,3.2787397,2.4785328,3.4558353,NISQAv2
fake_1792.wav,3.03812,2.1677997,4.039648,3.1301854,3.741585,NISQAv2
real_2184.wav,4.5675507,4.442978,4.6773486,4.268901,4.5812564,NISQAv2
fake_813.wav,2.2457387,2.1778023,3.5982358,2.2550406,3.2238019,NISQAv2
real_761.wav,4.393897,4.2533674,4.4866447,3.9785287,4.3940463,NISQAv2
real_775.wav,4.4846706,4.3848214,4.4198194,4.208325,4.393838,NISQAv2
fake_807.wav,2.5771923,2.442836,3.8049614,2.4675806,3.5378158,NISQAv2
real_1499.wav,4.439292,4.264212,4.4564543,4.1620984,4.4115787,NISQAv2
fake_1786.wav,3.0817163,2.1810467,4.137814,3.2600775,3.8082159,NISQAv2
real_2190.wav,4.599104,3.8595495,4.6274405,4.301426,4.59273,NISQAv2
fake_191.wav,2.631161,2.0048609,3.589844,2.9214633,3.329315,NISQAv2
fake_1976.wav,1.8504192,2.3391323,2.6987846,2.1316009,2.7023542,NISQAv2
real_985.wav,4.3952713,3.973571,4.4828634,4.2623515,4.4221597,NISQAv2
real_991.wav,4.3510017,3.043376,4.3324337,4.2474723,4.360685,NISQAv2
real_749.wav,4.6595354,4.576246,4.7218657,4.3411736,4.6103454,NISQAv2
fake_1962.wav,1.8621279,2.578121,2.70609,2.0606134,2.7978816,NISQAv2
fake_185.wav,2.4221165,2.037343,3.055032,2.3995545,3.2295659,NISQAv2
real_748.wav,4.375352,4.2938256,4.615262,4.1194634,4.440527,NISQAv2
real_990.wav,4.528036,3.8500946,4.553506,4.3542647,4.508042,NISQAv2
fake_184.wav,2.8413522,1.8961099,4.0484023,3.6498156,3.6575706,NISQAv2
fake_1963.wav,2.247351,3.1360478,3.4410427,2.3718963,2.7265127,NISQAv2
fake_1977.wav,2.398535,3.1986887,3.2848063,2.3331816,3.1494722,NISQAv2
fake_190.wav,2.5000885,2.0486639,3.5669005,2.73654,3.3396938,NISQAv2
real_984.wav,4.6281953,4.249397,4.6611443,4.3971,4.556684,NISQAv2
fake_806.wav,2.1754065,2.645212,2.2234502,2.2220616,3.291988,NISQAv2
real_774.wav,3.5906923,4.048392,3.2305405,3.3789165,4.0830736,NISQAv2
real_2191.wav,4.4599376,2.8858037,4.4211187,4.3169265,4.444264,NISQAv2
fake_1787.wav,2.9684114,2.1018603,3.9164178,2.9580543,3.6877134,NISQAv2
real_1498.wav,4.5031013,4.440701,4.563585,4.2463765,4.4500012,NISQAv2
real_2185.wav,4.690549,4.366573,4.6923065,4.334024,4.6257257,NISQAv2
fake_1793.wav,3.0669644,2.0658672,4.129059,3.291815,3.7063606,NISQAv2
real_760.wav,4.5488667,4.391311,4.616314,4.2139716,4.510286,NISQAv2
fake_812.wav,2.2697132,2.2123768,3.6887124,2.3866832,3.3697774,NISQAv2
real_1301.wav,2.1996589,3.7176497,2.9499657,2.5932,2.8923497,NISQAv2
fake_621.wav,3.382888,3.4448397,3.895364,3.2027438,3.8330762,NISQAv2
fake_2517.wav,2.0408108,2.9383013,2.5693767,1.9740365,3.0122578,NISQAv2
real_953.wav,4.5660133,3.927418,4.618163,4.182451,4.5124454,NISQAv2
real_2608.wav,4.1143417,3.6409528,4.388183,4.001823,4.327378,NISQAv2
fake_1778.wav,2.0117757,1.9287599,2.4756138,2.1265316,2.8990514,NISQAv2
real_1467.wav,4.424344,4.10488,4.5017376,4.126924,4.350538,NISQAv2
fake_2271.wav,2.7380352,3.1427715,3.050248,2.262544,3.508887,NISQAv2
fake_147.wav,2.8457756,3.7995868,3.7298737,2.761131,3.7646503,NISQAv2
real_1473.wav,3.4402688,3.1548297,3.8942783,2.7019534,3.4162335,NISQAv2
fake_2265.wav,3.3378284,3.5726275,3.9357939,2.9195669,3.8194237,NISQAv2
fake_153.wav,2.9279869,3.8810894,3.830004,2.5359788,3.729872,NISQAv2
real_1315.wav,4.395342,4.3439364,4.3740635,4.0175457,4.2309766,NISQAv2
real_947.wav,4.460787,4.088714,4.457687,4.185449,4.4572988,NISQAv2
fake_635.wav,2.872585,2.9393053,3.3799717,2.7080374,3.5619776,NISQAv2
fake_2503.wav,2.832229,3.280123,3.3770506,2.3296957,3.408022,NISQAv2
fake_1022.wav,3.6376543,3.3782303,4.0250854,3.0824914,3.9711497,NISQAv2
real_2152.wav,3.8692627,4.225757,4.233426,3.3094788,4.1721997,NISQAv2
fake_1744.wav,2.4629683,2.2985144,3.239102,2.3413181,3.3566625,NISQAv2
real_2146.wav,4.305339,4.2979703,4.5109115,4.174517,4.4196563,NISQAv2
fake_1750.wav,3.4074883,2.3429048,4.190942,3.445688,3.9613729,NISQAv2
fake_1988.wav,2.0265028,2.5234492,2.9983752,1.9984063,2.8557055,NISQAv2
fake_2259.wav,3.3603108,3.5194137,4.0531874,3.0655606,3.8108175,NISQAv2
fake_609.wav,3.0199468,3.5279388,3.8178442,2.605016,3.5602503,NISQAv2
real_1329.wav,3.6400936,3.9620008,3.9500597,3.727826,4.0101376,NISQAv2
fake_1036.wav,2.936404,2.7034075,3.993247,3.414673,3.342716,NISQAv2
fake_386.wav,2.762364,2.9341059,3.7888393,2.7566774,3.478778,NISQAv2
real_238.wav,4.07819,4.126725,4.36128,3.9147336,4.230341,NISQAv2
fake_392.wav,2.2871037,2.53459,3.4722426,2.573324,3.3325307,NISQAv2
real_1842.wav,3.3201196,2.1918418,4.4074183,3.742973,3.703779,NISQAv2
real_210.wav,3.7604663,2.5909894,4.2083597,3.992441,4.197393,NISQAv2
fake_1585.wav,3.1290252,3.8749454,3.8796656,2.876363,3.6515498,NISQAv2
real_2393.wav,3.9503825,3.2164407,4.3588285,3.9533277,4.2359123,NISQAv2
real_576.wav,4.725355,4.517981,4.7481174,4.228293,4.5632973,NISQAv2
real_562.wav,4.2461433,3.0442483,4.505984,4.159886,4.3600574,NISQAv2
fake_1591.wav,3.2776463,3.8925467,3.88739,3.1728666,3.7241266,NISQAv2
real_2387.wav,4.2326927,3.6402292,4.4815636,4.217223,4.375883,NISQAv2
real_1856.wav,3.8929532,2.6619046,4.268173,4.031286,4.12473,NISQAv2
real_204.wav,3.602511,2.5514982,4.097337,3.843086,4.0767956,NISQAv2
fake_2098.wav,2.6781385,2.875467,3.7717786,2.6745832,3.528606,NISQAv2
fake_2073.wav,3.1795082,3.7955186,3.828252,2.7808235,3.7140243,NISQAv2
fake_345.wav,2.124676,2.2464364,3.2679121,2.8686607,3.2428017,NISQAv2
real_1665.wav,4.3553605,4.2750397,4.57959,4.3663635,4.420126,NISQAv2
real_589.wav,4.556162,4.384228,4.6872034,4.218492,4.5258784,NISQAv2
fake_423.wav,2.2173638,2.3240716,3.043212,2.4704595,3.1065974,NISQAv2
real_1103.wav,3.5547535,3.504099,3.8511114,3.3544767,3.9433188,NISQAv2
fake_437.wav,2.9654348,2.4663212,4.0090113,3.3316247,3.7827644,NISQAv2
real_1117.wav,3.078596,3.3928926,3.2554924,3.0583572,3.8247576,NISQAv2
fake_1208.wav,2.8539426,3.556708,3.810494,2.762688,3.7100918,NISQAv2
real_2378.wav,4.0690594,3.347898,4.492498,4.0239925,4.358672,NISQAv2
fake_2067.wav,3.214124,3.6928647,3.8790867,2.9453542,3.7459486,NISQAv2
fake_351.wav,3.3556056,2.5480485,4.32981,3.5966933,3.7395985,NISQAv2
real_1671.wav,4.3233366,4.2062693,4.6368866,4.449737,4.4625134,NISQAv2
fake_1546.wav,2.7328494,3.1229045,3.35311,2.472941,3.4874847,NISQAv2
real_2350.wav,4.6665106,4.322498,4.6467905,4.3061285,4.5852313,NISQAv2
real_1659.wav,3.9495728,4.0964723,4.3743773,4.1279125,4.242118,NISQAv2
fake_379.wav,2.3729966,2.2694347,3.4307072,2.722739,3.2218006,NISQAv2
real_1881.wav,4.451503,4.265595,4.4830923,4.0806656,4.37845,NISQAv2
fake_1220.wav,2.1495864,2.6611788,2.7316992,2.4112096,3.07741,NISQAv2
real_2436.wav,3.321792,3.7399547,4.0802464,3.689455,3.9114382,NISQAv2
fake_1234.wav,3.3216248,2.6923583,4.140711,3.1841428,3.764051,NISQAv2
real_2422.wav,3.3053455,3.0987055,4.0254292,3.2855604,3.8918092,NISQAv2
fake_9.wav,2.835274,3.1611087,3.4990432,2.5436091,3.5933893,NISQAv2
real_1895.wav,4.208757,3.7251384,4.281276,3.761462,4.2540517,NISQAv2
fake_1552.wav,2.6561282,3.1024482,3.4741442,2.4381816,3.4285638,NISQAv2
real_2344.wav,4.341393,4.107947,4.449771,3.8541272,4.375536,NISQAv2
real_358.wav,3.6596522,3.309841,4.422743,3.7768953,4.0301127,NISQAv2
fake_594.wav,2.9827008,3.4269536,3.8559785,2.6683252,3.6257892,NISQAv2
fake_580.wav,3.0694153,3.5780826,3.8743799,2.450561,3.6518483,NISQAv2
real_1936.wav,3.991382,4.12094,4.173728,3.6817188,3.9610028,NISQAv2
real_364.wav,3.84076,3.189491,4.378394,3.7707198,4.1690526,NISQAv2
fake_1397.wav,3.3983233,3.500845,4.0032625,3.3117101,3.7656865,NISQAv2
real_2581.wav,3.822004,3.568757,4.293082,3.7213101,4.1350946,NISQAv2
real_402.wav,4.235625,3.8503923,4.592493,4.1236253,4.401485,NISQAv2
real_1088.wav,4.477537,3.986863,4.4748297,4.175424,4.4889836,NISQAv2
real_416.wav,3.7725027,2.6746519,4.428337,3.9507926,4.241265,NISQAv2
fake_1383.wav,3.5055993,3.7674966,3.99174,3.32912,3.8302414,NISQAv2
real_2595.wav,4.103739,3.9970295,4.3142695,3.7559044,4.2534165,NISQAv2
real_1922.wav,3.0876682,3.8342812,2.410521,3.0943606,3.9159195,NISQAv2
real_370.wav,4.0156546,3.471907,4.389782,3.9929445,4.2937613,NISQAv2
fake_2107.wav,1.7974354,2.8345368,2.7821374,2.1304014,2.9101133,NISQAv2
fake_231.wav,3.252569,3.3985147,4.078995,3.1011221,3.8016274,NISQAv2
real_1711.wav,4.337233,3.9074826,4.5282903,4.046824,4.462743,NISQAv2
real_2218.wav,4.595213,4.181749,4.5997066,4.2482686,4.5342464,NISQAv2
fake_1368.wav,3.748961,3.801794,4.176661,3.4810305,3.7680683,NISQAv2
fake_557.wav,3.5964344,2.5467653,4.099199,3.6379104,4.0317917,NISQAv2
real_1077.wav,4.2098174,3.6620233,4.240018,3.8205957,4.3210444,NISQAv2
fake_543.wav,3.0939374,2.474205,4.1425996,3.2946732,3.815163,NISQAv2
real_1063.wav,3.904278,3.085199,4.409947,4.104112,4.322484,NISQAv2
fake_2113.wav,2.7453332,3.1156867,3.811907,2.9246829,3.6028583,NISQAv2
fake_225.wav,3.9176154,4.1438217,4.3634577,3.7245517,3.96114,NISQAv2
real_1705.wav,3.8021767,3.5054631,4.177088,3.7375748,3.9213367,NISQAv2
fake_1432.wav,2.8821356,2.3837023,3.9242938,2.9191492,3.6882029,NISQAv2
real_2224.wav,4.421957,4.1012015,4.5810895,4.2178473,4.4855103,NISQAv2
fake_1354.wav,2.9771545,2.9760644,3.7573044,3.1189518,3.728865,NISQAv2
real_2542.wav,4.5573072,4.01749,4.622163,4.1965284,4.450971,NISQAv2
fake_1340.wav,2.803458,3.1503582,3.5886014,2.6535451,3.7047758,NISQAv2
real_2556.wav,4.3365445,4.175136,4.4530387,4.132032,4.3510404,NISQAv2
real_1739.wav,3.6614501,3.1965554,4.317195,3.8585036,4.1392646,NISQAv2
fake_219.wav,3.2213519,3.694591,3.8825107,2.7763245,3.6712549,NISQAv2
fake_1426.wav,2.9065554,2.1554048,4.0803366,3.0349157,3.688513,NISQAv2
real_2230.wav,4.528771,4.280566,4.5859036,4.246719,4.5401196,NISQAv2
real_19.wav,4.543231,4.3184514,4.5903244,4.197035,4.5316205,NISQAv2
fake_796.wav,3.0441096,3.3276215,3.845725,2.734997,3.632436,NISQAv2
fake_1817.wav,2.9687035,2.0671895,4.0924387,3.3062232,3.67435,NISQAv2
fake_1803.wav,2.8008037,2.08428,4.0593967,3.3838232,3.5530076,NISQAv2
fake_782.wav,2.76877,3.3510654,3.433535,2.4695685,3.5381346,NISQAv2
real_628.wav,4.422077,4.255745,4.4970675,4.292751,4.484332,NISQAv2
real_25.wav,4.757812,4.352357,4.773262,4.392146,4.6466117,NISQAv2
real_600.wav,4.5494533,4.319327,4.6914206,4.2068534,4.506942,NISQAv2
fake_972.wav,3.7490706,2.9083173,4.3251786,3.7551844,4.074839,NISQAv2
fake_1195.wav,2.6555774,3.0046756,3.1080458,2.4415972,3.3862946,NISQAv2
real_166.wav,4.0487576,4.315821,4.3655577,3.8627977,4.192638,NISQAv2
real_172.wav,3.5386672,2.4740431,4.1664886,3.8231094,3.979646,NISQAv2
fake_1181.wav,2.3057573,2.6618383,2.8327308,2.345931,3.1427991,NISQAv2
real_31.wav,4.4477777,4.0360518,4.5229826,4.1524024,4.528933,NISQAv2
fake_2488.wav,2.8703642,2.6137617,4.000365,3.1740143,3.6287441,NISQAv2
fake_966.wav,3.4468346,3.7749953,4.1014123,2.9854054,3.9796913,NISQAv2
real_614.wav,4.4225783,4.261189,4.6054797,4.334115,4.53287,NISQAv2
real_1275.wav,4.0013013,3.3701766,4.366718,3.9330869,3.9588492,NISQAv2
real_827.wav,2.765248,2.745364,2.8151922,2.9055407,3.4705904,NISQAv2
fake_755.wav,3.3410962,4.0099683,4.1417046,3.1503704,3.9270523,NISQAv2
fake_2463.wav,2.5021741,2.2531893,3.5582883,2.591369,3.4723177,NISQAv2
fake_22.wav,3.1721585,3.491206,3.622967,2.893533,3.8225741,NISQAv2
real_1513.wav,4.1098313,4.060722,4.4982157,3.964513,4.15782,NISQAv2
fake_2305.wav,3.4843392,3.7322533,3.9889905,3.09724,3.8592744,NISQAv2
real_199.wav,3.2482166,2.3833728,3.8172498,3.480436,3.7765718,NISQAv2
real_1507.wav,4.059252,4.029876,4.389579,3.6790872,4.177883,NISQAv2
fake_2311.wav,3.0964882,3.445069,3.6423233,2.732557,3.6242096,NISQAv2
fake_1618.wav,3.0995786,3.4507163,3.9213276,3.021215,3.7456634,NISQAv2
fake_36.wav,4.034438,3.9717565,4.4331064,3.6637044,4.1700287,NISQAv2
fake_999.wav,3.7610915,2.5160954,4.315056,3.5728981,4.0895104,NISQAv2
real_1261.wav,3.3126109,2.7030118,4.2503695,4.0181046,3.9585128,NISQAv2
fake_741.wav,3.0881221,3.583191,3.9027553,2.925413,3.775677,NISQAv2
fake_2477.wav,1.5066236,1.815026,1.9541664,1.871987,2.4693234,NISQAv2
real_833.wav,3.296041,2.89965,3.9798636,3.2415934,3.6923783,NISQAv2
fake_1156.wav,2.809953,3.3166516,3.7886431,3.0892675,3.6476462,NISQAv2
fake_769.wav,3.0363188,3.5483634,3.7156181,2.436095,3.6875026,NISQAv2
real_1249.wav,3.5258362,2.7128382,4.273936,3.8871696,3.7377942,NISQAv2
fake_2339.wav,2.7133906,3.3227208,3.7677484,2.0629485,3.5694947,NISQAv2
real_2026.wav,3.537234,2.6667554,4.4422584,4.1574864,4.1934314,NISQAv2
fake_1630.wav,3.2069201,3.0514286,3.9221604,3.1067154,3.7064576,NISQAv2
real_2032.wav,4.7755985,4.6119566,4.7980556,4.3976727,4.667956,NISQAv2
fake_1624.wav,3.3451495,3.6123884,3.9031243,3.3136222,3.7954714,NISQAv2
fake_1142.wav,2.0044012,2.997054,2.5121534,1.9570918,3.0501351,NISQAv2
real_837.wav,3.1357815,2.5732253,3.7391374,3.2163956,3.7394757,NISQAv2
fake_2473.wav,1.9302889,2.1734378,2.9044616,2.5161376,3.0047433,NISQAv2
fake_745.wav,3.166887,3.878752,3.869169,2.7050762,3.808266,NISQAv2
real_1265.wav,3.4987628,2.5994983,4.0753403,3.9647095,3.7682326,NISQAv2
fake_32.wav,2.849888,3.2916315,3.461293,2.5516644,3.5650456,NISQAv2
real_189.wav,3.7164645,2.6304483,4.2040586,3.8293552,4.116774,NISQAv2
fake_2315.wav,2.1657767,2.894893,2.5911324,2.047642,3.4123962,NISQAv2
real_1503.wav,4.3994946,3.7812335,4.577289,4.0602107,4.4935193,NISQAv2
fake_2301.wav,3.0962646,3.1738825,3.6824658,2.6454384,3.67715,NISQAv2
real_1517.wav,4.0250726,3.3151655,4.1564717,3.2225835,4.030954,NISQAv2
fake_1608.wav,3.6837227,3.9835782,4.106512,3.6571577,3.8917224,NISQAv2
fake_26.wav,2.5329287,3.25056,2.5386622,2.4325092,3.5742257,NISQAv2
fake_2467.wav,2.7504764,2.310845,3.8142073,2.920406,3.5133266,NISQAv2
fake_751.wav,3.5798948,3.8221364,4.0209064,2.995477,3.9334316,NISQAv2
real_823.wav,3.719576,3.0330908,4.2694044,3.7842891,4.088133,NISQAv2
real_1271.wav,3.770757,2.366365,4.3200364,3.8239496,3.9745238,NISQAv2
fake_989.wav,3.35691,2.837041,4.1320314,2.814685,3.827263,NISQAv2
fake_1146.wav,2.3528922,2.9668105,3.2156456,2.2483404,3.285404,NISQAv2
real_1259.wav,3.317095,2.3024647,4.1963224,3.910665,3.9911559,NISQAv2
fake_779.wav,3.2937832,3.7403858,4.10691,3.0106213,3.7698,NISQAv2
fake_2329.wav,3.6715457,3.9507272,4.218132,3.3004546,4.0216246,NISQAv2
fake_1620.wav,3.2076387,3.4717507,2.8172848,3.0093513,3.4616406,NISQAv2
real_2036.wav,4.7003813,4.5944586,4.7328725,4.308143,4.63263,NISQAv2
fake_1634.wav,3.1969616,3.3893418,3.7192206,3.0521326,3.7482245,NISQAv2
real_2022.wav,3.4857929,2.4374049,4.4392443,4.17154,3.9918816,NISQAv2
fake_1152.wav,2.2311103,2.811559,2.864619,2.3823855,3.209235,NISQAv2
fake_786.wav,2.714708,2.9388978,3.3535223,2.2655892,3.4424734,NISQAv2
fake_1807.wav,2.9210033,2.0916877,3.98789,3.041773,3.5568106,NISQAv2
fake_1813.wav,3.1845806,2.6425598,4.2658114,3.394234,3.7703912,NISQAv2
real_638.wav,4.467208,4.189715,4.5337296,4.2244062,4.477061,NISQAv2
fake_792.wav,2.8535495,2.759802,3.3579218,2.4682198,3.494993,NISQAv2
real_610.wav,4.3441896,4.191388,4.2848287,3.6744733,4.1584687,NISQAv2
fake_962.wav,3.2355187,3.435795,4.0209284,2.8357885,3.8027952,NISQAv2
real_35.wav,4.140886,3.8688166,4.2601914,3.7990606,4.260819,NISQAv2
fake_1185.wav,2.5809414,3.0377343,3.297604,2.3390067,3.506507,NISQAv2
real_176.wav,3.4702058,2.4247463,4.03509,3.81427,3.9678826,NISQAv2
real_162.wav,4.515849,4.4808064,4.4514375,4.228456,4.531391,NISQAv2
fake_1191.wav,2.2650073,2.8604596,2.7723002,2.1719053,3.2531335,NISQAv2
fake_976.wav,3.482434,3.4484735,4.1936693,3.3519351,3.9522533,NISQAv2
real_604.wav,4.664198,4.446879,4.644474,4.2425637,4.556106,NISQAv2
real_21.wav,4.2763815,4.1847415,4.262422,3.9041688,4.3597093,NISQAv2
fake_2498.wav,2.1330364,2.1481583,3.0441027,2.0769966,3.0682175,NISQAv2
real_1701.wav,3.6501648,4.0441017,4.2641373,3.6186628,3.8861835,NISQAv2
fake_221.wav,3.3017368,3.8467646,3.9987776,2.999981,3.8335266,NISQAv2
fake_2117.wav,2.6989248,3.0089912,3.6795783,2.5990407,3.4895718,NISQAv2
real_2208.wav,4.7036505,4.133869,4.685549,4.285209,4.62046,NISQAv2
fake_1378.wav,4.040193,4.086906,4.365058,3.6665606,4.1302686,NISQAv2
real_1067.wav,3.9305546,3.262223,4.3487816,4.149978,4.2991405,NISQAv2
fake_547.wav,3.079509,2.4777045,4.0417776,3.1675813,3.7828898,NISQAv2
real_1073.wav,3.7929275,3.6767576,4.358073,3.782526,4.157911,NISQAv2
fake_553.wav,2.801975,2.2532136,3.6567647,2.6169407,3.516758,NISQAv2
real_1715.wav,3.1824067,2.746833,4.338953,3.4958036,3.764628,NISQAv2
fake_235.wav,3.4629276,3.7036283,3.8619893,3.1103208,3.5012572,NISQAv2
fake_2103.wav,2.436523,2.47104,3.4664245,2.5632498,3.3984852,NISQAv2
real_2234.wav,4.646464,4.3762155,4.764735,4.385557,4.6300025,NISQAv2
fake_1422.wav,3.4040282,2.6417887,4.0729885,3.3628736,3.951647,NISQAv2
real_2552.wav,4.2909894,4.359675,4.3800764,4.1057777,4.4222984,NISQAv2
fake_1344.wav,2.7675102,2.9659035,3.7266304,2.5488255,3.5008075,NISQAv2
real_2546.wav,4.384184,4.002125,4.1735907,4.004,4.379116,NISQAv2
fake_1350.wav,2.3192298,3.2757232,2.4089515,2.3722885,3.3318193,NISQAv2
fake_209.wav,2.5490108,2.0229452,3.770919,2.937845,3.420852,NISQAv2
real_1729.wav,4.472335,3.429619,4.7254868,4.2752867,4.614128,NISQAv2
real_2220.wav,4.579788,3.9735355,4.579057,4.189223,4.529728,NISQAv2
fake_1436.wav,2.956628,2.2274528,4.042824,3.0278704,3.8063376,NISQAv2
real_348.wav,4.0859156,3.1599703,4.4867396,4.149086,4.4591136,NISQAv2
fake_584.wav,2.8650072,3.4447706,3.5340717,2.208076,3.560699,NISQAv2
fake_590.wav,3.0321019,3.2630491,3.9096725,2.5661397,3.6034853,NISQAv2
real_374.wav,3.789715,3.6045306,4.326544,3.5507684,3.9828107,NISQAv2
real_1926.wav,4.5527534,4.356458,4.493682,4.103416,4.443113,NISQAv2
real_2591.wav,3.178208,2.9794095,3.524917,3.2041843,3.9904711,NISQAv2
fake_1387.wav,3.8918376,3.8882334,4.20224,3.3984222,4.0210814,NISQAv2
real_1098.wav,3.789796,4.027447,4.047433,3.4029348,4.0699954,NISQAv2
real_412.wav,3.9327807,3.7793202,4.358368,3.7622313,4.060423,NISQAv2
real_406.wav,3.897999,2.8558457,4.331937,3.948271,4.130007,NISQAv2
real_2585.wav,3.2051485,3.249067,3.7136455,3.0800855,3.8464863,NISQAv2
fake_1393.wav,3.759897,3.5416772,4.189051,3.3030598,3.93215,NISQAv2
real_360.wav,4.061105,3.7385747,4.4790893,3.895134,4.238758,NISQAv2
real_1932.wav,4.295308,4.04327,4.426598,3.8976505,4.278828,NISQAv2
real_1675.wav,4.2164574,4.3061795,4.538786,4.1981816,4.3446164,NISQAv2
fake_355.wav,2.1289988,2.6066644,3.5673969,2.6369011,3.1567953,NISQAv2
fake_2063.wav,3.0146935,3.1176271,4.067882,2.8114834,3.5972536,NISQAv2
real_1113.wav,3.5079114,3.128172,4.197407,2.695669,3.7664764,NISQAv2
fake_433.wav,2.7317417,2.7673078,3.740008,2.9967844,3.5296435,NISQAv2
real_599.wav,4.5906124,4.250185,4.640959,4.1871076,4.54038,NISQAv2
real_1107.wav,4.017059,3.896016,4.2901306,3.8165393,4.269996,NISQAv2
fake_427.wav,1.9636269,2.5986445,2.811443,2.3177106,2.8831003,NISQAv2
fake_1218.wav,2.627269,2.9232135,3.5420182,2.7347143,3.5614965,NISQAv2
real_2368.wav,3.9208357,3.1450136,4.3716536,3.9236023,4.246154,NISQAv2
real_1661.wav,4.3541927,4.3027644,4.6077538,4.4601445,4.4513144,NISQAv2
fake_341.wav,2.4393091,2.1776998,3.5623095,2.8915918,3.3827717,NISQAv2
fake_2077.wav,3.5089047,3.9703264,3.9073112,2.9943352,3.8683937,NISQAv2
real_2340.wav,4.7479234,4.485175,4.704348,4.362373,4.573458,NISQAv2
fake_1556.wav,2.639058,3.1967194,3.558389,2.7809126,3.425046,NISQAv2
real_1891.wav,3.8277228,3.8587568,3.9190273,3.4632194,4.107549,NISQAv2
fake_369.wav,2.2349052,2.2057683,3.0992084,2.2981026,3.0587835,NISQAv2
real_1649.wav,3.380987,3.780693,3.320135,3.0576885,4.1902122,NISQAv2
real_2426.wav,3.7260134,3.107903,4.2990365,3.6734922,4.092055,NISQAv2
fake_1230.wav,3.7818236,2.619139,4.4826126,3.8301992,4.0642915,NISQAv2
real_2432.wav,3.708345,4.0849853,4.3482113,3.7736986,4.110222,NISQAv2
fake_1224.wav,3.2623143,2.2811863,4.180275,3.2641966,3.7885652,NISQAv2
real_1885.wav,4.181917,3.9922574,4.1249104,3.4305737,4.1450787,NISQAv2
real_2354.wav,4.7517066,4.409991,4.6811285,4.326055,4.60827,NISQAv2
fake_1542.wav,2.6414058,2.754917,3.49,2.63169,3.4136665,NISQAv2
fake_396.wav,2.375696,2.817699,3.278859,2.5336554,3.316493,NISQAv2
fake_382.wav,2.6760361,2.314516,3.6388311,2.8705645,3.5113366,NISQAv2
real_228.wav,4.3071966,3.9997056,4.2817125,3.9704504,4.2572207,NISQAv2
real_200.wav,3.5772965,2.4693112,4.118171,3.692873,4.0217934,NISQAv2
real_1852.wav,3.7872488,2.6184404,4.387027,4.0702167,4.099158,NISQAv2
real_2383.wav,4.0939455,3.397055,4.51087,4.120621,4.2803555,NISQAv2
fake_1595.wav,3.2581203,3.857713,3.9289162,3.1813576,3.7944424,NISQAv2
real_566.wav,4.0129237,2.895254,4.362358,4.0117626,4.1625,NISQAv2
real_572.wav,4.774158,4.576553,4.745543,4.349069,4.588392,NISQAv2
real_2397.wav,3.6759434,3.1665556,4.356463,3.8451903,4.148286,NISQAv2
fake_1581.wav,3.5350468,3.9564474,3.9754095,3.2062035,3.9525735,NISQAv2
fake_2088.wav,2.3690479,2.736432,3.4851525,2.471197,3.343434,NISQAv2
real_214.wav,4.605442,4.3538013,4.672784,4.3098874,4.5828204,NISQAv2
real_1846.wav,4.17876,3.925942,4.4181576,4.2322874,4.1363196,NISQAv2
fake_2507.wav,3.373807,3.5660803,3.9542992,3.3006406,3.928329,NISQAv2
fake_631.wav,2.7114518,2.989796,3.257997,2.6586843,3.5045907,NISQAv2
real_943.wav,4.4790735,4.1525702,4.5516024,4.2846365,4.5322657,NISQAv2
real_1311.wav,3.3126225,3.9136677,4.0279174,2.7909572,3.925693,NISQAv2
real_2618.wav,4.099496,3.7104995,4.372034,3.879474,4.2539916,NISQAv2
fake_1768.wav,2.514785,2.0920484,3.5560791,2.8064268,3.4640353,NISQAv2
fake_157.wav,2.799925,3.736689,3.691813,2.6723046,3.7009785,NISQAv2
fake_2261.wav,3.4613297,3.4456034,4.0635533,3.117872,3.8769157,NISQAv2
real_1477.wav,4.3688006,4.256579,4.5205393,3.807178,4.4146533,NISQAv2
fake_143.wav,3.358658,3.8224213,4.046565,3.1604269,3.827358,NISQAv2
fake_2275.wav,3.2075639,3.4576218,3.8457499,2.6476142,3.7465672,NISQAv2
real_1463.wav,4.116744,3.6755564,4.1070647,3.607568,4.141949,NISQAv2
real_957.wav,4.4394646,4.2713685,4.5150733,4.0894446,4.485417,NISQAv2
fake_2513.wav,3.8242037,3.8674362,4.033712,3.749977,4.151512,NISQAv2
fake_625.wav,3.1384332,3.4178612,3.4742415,2.849579,3.6756582,NISQAv2
real_1305.wav,4.0311356,4.1211057,4.1285152,3.7886112,4.2404227,NISQAv2
fake_1032.wav,3.1626096,2.7060375,4.0451617,3.5915544,3.5472696,NISQAv2
fake_1754.wav,2.2126596,2.9173448,2.8583274,2.5338848,3.3629706,NISQAv2
real_2142.wav,3.8215384,4.016722,4.22345,3.4670765,4.091941,NISQAv2
fake_1998.wav,1.6477314,2.2280192,2.4273818,1.9750686,2.65103,NISQAv2
fake_1740.wav,3.0363896,2.6171634,3.861099,3.0427105,3.732429,NISQAv2
real_2156.wav,4.0202827,4.2389054,4.302242,3.7374098,4.22483,NISQAv2
fake_2249.wav,3.3515766,3.549898,3.9731157,3.0668867,3.801301,NISQAv2
real_1339.wav,4.5558786,4.4355,4.6056795,4.287379,4.4513707,NISQAv2
fake_619.wav,3.1212301,3.3146708,3.7843401,2.9252412,3.7365103,NISQAv2
fake_1026.wav,3.598019,3.396182,4.157568,3.4550688,4.067805,NISQAv2
real_980.wav,4.582251,4.0090632,4.629284,4.3708177,4.515322,NISQAv2
real_758.wav,4.5244064,4.4169674,4.6404495,4.243425,4.534146,NISQAv2
fake_194.wav,2.5818775,1.9598227,3.503658,2.7467513,3.1482499,NISQAv2
fake_1973.wav,1.5174142,1.8547437,2.6971915,2.0656374,2.39846,NISQAv2
fake_1967.wav,1.929189,2.5166414,3.0346785,2.0437334,2.688112,NISQAv2
fake_180.wav,2.3368716,2.0087945,3.6563976,2.9762242,3.1958456,NISQAv2
real_994.wav,4.381171,3.5538757,4.5315714,4.2341733,4.4614415,NISQAv2
fake_816.wav,2.468694,2.124123,3.5343378,2.4604158,3.324906,NISQAv2
real_764.wav,4.5181246,4.273681,4.6676903,4.2059846,4.5527472,NISQAv2
fake_1797.wav,2.6543443,2.2429955,3.8227246,3.0393922,3.5441387,NISQAv2
real_2181.wav,4.585129,4.2791667,4.6241946,4.321642,4.5814815,NISQAv2
real_1488.wav,3.1512845,3.6030529,2.8960454,3.1999657,3.590431,NISQAv2
fake_1783.wav,2.795453,2.2539437,3.9794898,3.0879002,3.5909436,NISQAv2
real_2195.wav,4.7399178,3.7445097,4.6287413,4.3613954,4.620758,NISQAv2
real_770.wav,4.405675,4.3404603,4.5512934,3.9811037,4.4049764,NISQAv2
fake_802.wav,2.8240614,2.90574,3.5640647,2.4051218,3.4529397,NISQAv2
real_2194.wav,4.4937677,4.117335,4.6900206,4.3211207,4.502442,NISQAv2
fake_1782.wav,2.5680528,2.4530814,3.5904536,2.6291268,3.4817088,NISQAv2
fake_803.wav,2.9202983,3.2626622,3.7685297,2.6385453,3.5119052,NISQAv2
real_771.wav,4.2723947,4.280814,4.541378,4.1258187,4.465158,NISQAv2
real_765.wav,4.467147,4.4495463,4.5960207,4.109634,4.482922,NISQAv2
fake_817.wav,2.3482192,2.2589123,3.617503,2.3376663,3.1321878,NISQAv2
real_1489.wav,3.6532042,3.6067646,4.270498,3.2129855,4.034225,NISQAv2
real_2180.wav,4.625233,4.3204303,4.6969385,4.3319335,4.6148124,NISQAv2
fake_1796.wav,2.2670949,2.325405,3.157061,2.5801332,3.1055062,NISQAv2
fake_181.wav,2.633607,2.0722334,3.5530121,2.8426344,3.3029475,NISQAv2
fake_1966.wav,2.0033405,2.6643448,2.9375284,2.030125,2.995427,NISQAv2
real_995.wav,4.323517,3.3020866,4.4952054,4.236342,4.4055686,NISQAv2
real_759.wav,4.475756,4.3594995,4.6112533,4.228172,4.4918604,NISQAv2
real_981.wav,4.7788777,4.145989,4.6742773,4.508951,4.6627293,NISQAv2
fake_1972.wav,2.403042,2.9505708,3.3554864,2.3374069,3.1117158,NISQAv2
fake_195.wav,2.8302982,1.947816,3.9574883,3.3918264,3.6222482,NISQAv2
fake_2248.wav,3.232234,3.4519637,3.9273822,2.9138231,3.7447088,NISQAv2
real_2157.wav,4.305381,4.237581,4.4590917,4.0866566,4.3984413,NISQAv2
fake_1741.wav,2.4487393,1.9872798,3.5606172,2.4628232,3.3300567,NISQAv2
fake_1999.wav,2.0483935,2.4992063,2.877099,2.012659,3.0272956,NISQAv2
fake_1027.wav,3.254123,2.7818844,4.000007,3.2807515,3.7534099,NISQAv2
fake_618.wav,3.1318908,3.2459946,3.7158353,3.0182378,3.6517775,NISQAv2
real_1338.wav,3.6130142,4.0161066,3.5948126,3.498578,3.4473166,NISQAv2
fake_1033.wav,3.031759,2.914095,3.9602253,3.2192116,3.5147443,NISQAv2
real_2143.wav,3.9260774,4.081456,4.2236605,3.6366587,4.2239833,NISQAv2
fake_1755.wav,2.17599,2.3368971,3.1010034,2.4654374,3.2903059,NISQAv2
real_1462.wav,3.5808527,3.9933355,4.046253,3.5460112,3.9691021,NISQAv2
fake_2274.wav,3.048543,3.4335864,3.605077,2.4604974,3.6209257,NISQAv2
fake_142.wav,2.002648,2.3652306,3.6801622,2.4423103,3.4386132,NISQAv2
real_1304.wav,2.259652,3.1675758,2.2882888,2.3891027,3.316057,NISQAv2
fake_624.wav,3.3515818,3.5675511,3.9440947,3.2292187,3.842607,NISQAv2
fake_2512.wav,3.2397082,3.6512113,3.7955039,3.1006618,3.691827,NISQAv2
real_956.wav,4.4199977,3.9493525,4.514362,4.0250206,4.4837284,NISQAv2
real_2619.wav,3.9687636,3.603884,4.3336782,3.857206,4.143718,NISQAv2
real_1310.wav,3.0107708,3.871102,3.2194264,3.1771538,3.6626127,NISQAv2
real_942.wav,4.706544,4.4398265,4.775074,4.490615,4.6441293,NISQAv2
fake_630.wav,2.935255,3.1482713,3.201984,2.9554508,3.6695714,NISQAv2
fake_2506.wav,3.4971273,3.689198,3.96043,3.1539094,3.9119248,NISQAv2
real_1476.wav,4.1034,3.6558797,4.4397063,3.4902318,4.145405,NISQAv2
fake_2260.wav,3.472374,3.4034078,4.0106096,3.0047233,3.9239795,NISQAv2
fake_156.wav,2.6258633,3.5230763,3.7942617,2.8586738,3.623888,NISQAv2
fake_1769.wav,2.3200407,2.3093586,3.2878103,2.5699341,3.5200994,NISQAv2
real_573.wav,4.6273766,4.454761,4.6983733,4.1983624,4.5618353,NISQAv2
real_1847.wav,3.1076772,2.36774,4.4065413,3.9040184,3.874145,NISQAv2
real_215.wav,4.6349688,4.3416333,4.654923,4.268535,4.5541854,NISQAv2
fake_2089.wav,2.1809745,2.8108375,3.5690966,2.3579206,3.1185656,NISQAv2
fake_1580.wav,3.2736027,3.5393596,3.888716,3.39013,3.873811,NISQAv2
real_2396.wav,3.7305233,3.2365096,4.2509017,3.8439808,4.057548,NISQAv2
fake_1594.wav,3.1986501,3.9197562,3.7532175,2.992379,3.587572,NISQAv2
real_2382.wav,3.7950225,3.4814332,4.3658066,3.7574081,3.9880326,NISQAv2
real_1853.wav,3.538337,2.0597298,4.432991,3.9495006,3.938403,NISQAv2
real_201.wav,3.7117593,2.791099,4.2703185,3.9350536,4.1146474,NISQAv2
real_567.wav,4.222204,3.2119114,4.4117875,4.074134,4.342406,NISQAv2
real_229.wav,4.6418858,4.3886995,4.6670322,4.3524284,4.6042333,NISQAv2
fake_383.wav,2.9496496,2.3048937,4.0535874,3.1605957,3.8466775,NISQAv2
fake_397.wav,2.1767933,2.4991696,3.2540338,2.5510197,3.142812,NISQAv2
fake_1225.wav,3.738877,2.3336797,4.4127803,3.6103811,4.1201034,NISQAv2
real_2433.wav,4.220893,4.2245164,4.4791527,3.917029,4.246036,NISQAv2
fake_1543.wav,2.540179,3.2499197,3.5853617,2.5868762,3.3578951,NISQAv2
real_2355.wav,4.611308,4.3178544,4.6714535,4.296001,4.532655,NISQAv2
real_1884.wav,3.622165,3.7717779,4.0695376,3.3759334,3.8896255,NISQAv2
real_1648.wav,4.1658974,4.0253506,4.546054,4.2878184,4.3581424,NISQAv2
fake_368.wav,2.5165212,2.509813,3.3804843,2.6776757,3.364376,NISQAv2
real_1890.wav,4.5583973,4.3489623,4.555392,4.1244826,4.4174075,NISQAv2
fake_1557.wav,3.2308466,3.4674442,3.4317594,2.8897133,3.681814,NISQAv2
real_2341.wav,4.6771755,4.375174,4.5875916,4.1817594,4.565112,NISQAv2
fake_1231.wav,3.510673,2.865987,4.275134,3.379994,3.8170798,NISQAv2
real_2427.wav,4.2287254,4.1182055,4.421256,3.933248,4.2755055,NISQAv2
fake_1219.wav,2.3370178,2.6271737,3.0993955,2.8089974,3.3049178,NISQAv2
fake_426.wav,2.1158812,2.8286343,2.5398786,2.2560666,3.2729921,NISQAv2
real_1106.wav,3.8023775,3.8536174,4.115729,3.6483006,4.109569,NISQAv2
fake_2076.wav,3.4817486,3.351217,3.9745986,3.2098703,4.0464253,NISQAv2
fake_340.wav,2.5492342,2.5732343,3.5838037,2.8392098,3.4190195,NISQAv2
real_1660.wav,4.2435255,3.9696057,4.4924526,4.412045,4.4314666,NISQAv2
real_2369.wav,3.889372,3.4315832,4.2273397,3.707544,4.185513,NISQAv2
fake_2062.wav,3.044893,2.809635,3.9393094,2.9740236,3.7486928,NISQAv2
fake_354.wav,2.8255885,2.5235147,3.8298466,2.9118233,3.5446887,NISQAv2
real_1674.wav,3.5634286,3.3266377,4.3337774,4.2197127,4.284387,NISQAv2
real_598.wav,4.622197,4.2581897,4.69801,4.229322,4.5447497,NISQAv2
fake_432.wav,2.714266,2.2305639,4.0260167,2.58728,3.6414878,NISQAv2
real_1112.wav,3.8886826,3.923225,4.1500607,3.6076841,4.157516,NISQAv2
fake_1392.wav,3.7882257,3.6637628,4.242865,3.505272,3.7673533,NISQAv2
real_2584.wav,3.6824625,3.0087702,4.1665125,3.7407374,4.1230707,NISQAv2
real_407.wav,3.5533526,2.8904486,4.223763,3.9728956,3.9956582,NISQAv2
real_1933.wav,4.118644,3.8994775,3.528052,3.7011504,4.199358,NISQAv2
real_361.wav,4.001158,3.587681,4.3485165,4.03381,4.2603393,NISQAv2
real_1927.wav,4.6649456,4.492006,4.6619453,4.3652596,4.537598,NISQAv2
real_375.wav,4.173827,3.2766836,4.4829674,3.9045508,4.3799386,NISQAv2
real_413.wav,3.9096894,3.3547528,4.60201,3.6778467,4.1850357,NISQAv2
real_1099.wav,3.6751425,3.6885397,4.0679774,3.553266,4.070254,NISQAv2
fake_1386.wav,3.7982323,3.8047588,4.1767845,3.4987788,4.017673,NISQAv2
real_2590.wav,3.876544,3.1921866,4.330144,3.7907698,4.1800733,NISQAv2
fake_591.wav,3.2251172,3.59689,3.995291,2.7817256,3.7800214,NISQAv2
real_349.wav,3.974222,2.936683,4.531838,3.9535985,4.3248553,NISQAv2
fake_585.wav,3.0191872,3.5881016,3.7523592,2.566036,3.6179793,NISQAv2
fake_1351.wav,2.6954253,3.6211255,3.3394446,2.6852987,3.5098584,NISQAv2
real_2547.wav,4.740596,4.5427957,4.6802197,4.3775268,4.6055202,NISQAv2
fake_1437.wav,3.0347793,1.8847262,4.0112243,3.157079,3.6489985,NISQAv2
real_2221.wav,4.3495936,4.0541534,4.4793015,4.150502,4.4321675,NISQAv2
real_1728.wav,4.0038996,2.9172838,4.216848,3.774424,4.3097477,NISQAv2
fake_208.wav,1.9992582,1.8277615,3.1505916,2.4057913,3.030225,NISQAv2
fake_1423.wav,3.0778043,2.1413548,4.129916,3.2557914,3.8393042,NISQAv2
real_2235.wav,4.6611004,4.149618,4.7478104,4.394988,4.6242447,NISQAv2
fake_1345.wav,2.4404242,3.276955,3.2994695,2.0129056,3.3206468,NISQAv2
real_2553.wav,4.345895,4.21978,4.539324,4.3014197,4.456014,NISQAv2
fake_552.wav,3.1197312,2.1995416,4.209161,3.6191728,3.833621,NISQAv2
real_1072.wav,3.8708825,3.6676745,4.399712,3.8468144,4.1965384,NISQAv2
fake_2102.wav,2.5910761,2.8831346,3.760117,2.757313,3.485913,NISQAv2
fake_234.wav,3.2017667,3.0437882,4.1583652,3.4015596,3.944677,NISQAv2
real_1714.wav,3.7292736,3.1328328,3.9138508,3.4208598,4.0852327,NISQAv2
real_2209.wav,4.509843,3.654029,4.59192,4.2543397,4.518014,NISQAv2
fake_2116.wav,2.5080874,3.01309,3.6640937,2.5593815,3.4176528,NISQAv2
fake_220.wav,3.0404458,3.2108574,3.913636,2.9891446,3.7467566,NISQAv2
real_1700.wav,3.3838484,3.4314582,3.6962821,3.343172,3.960258,NISQAv2
fake_546.wav,2.362836,2.3715236,3.3961034,2.3170142,3.3772013,NISQAv2
real_1066.wav,3.9000297,3.7533858,4.5020094,3.956476,4.2482653,NISQAv2
fake_1379.wav,3.7851088,4.013117,4.1742215,3.3988492,3.949844,NISQAv2
real_163.wav,3.9128761,4.149011,4.1086903,3.5095234,4.1579123,NISQAv2
fake_2499.wav,2.1963212,2.3147027,3.305677,2.3503423,3.1313891,NISQAv2
real_20.wav,4.52775,4.342867,4.581998,4.208097,4.5370183,NISQAv2
real_605.wav,4.556342,4.294798,4.646327,4.1306953,4.510126,NISQAv2
fake_977.wav,3.4877334,3.4109943,4.200843,3.4728937,4.0282264,NISQAv2
fake_1190.wav,2.5350294,2.7928329,3.26108,2.402837,3.3390286,NISQAv2
fake_1184.wav,2.8116786,2.8731549,3.3516557,2.4010704,3.6096482,NISQAv2
real_34.wav,4.4051285,3.9485524,4.483952,4.1178274,4.4612675,NISQAv2
fake_963.wav,3.8582244,3.4253771,4.1565137,3.5163286,4.111276,NISQAv2
real_611.wav,4.050372,3.8236406,4.254887,3.946234,4.2767835,NISQAv2
real_177.wav,3.5954497,2.3241713,4.234828,3.881428,4.0983515,NISQAv2
fake_1812.wav,2.9184477,2.1202512,3.8157883,3.0246644,3.4487603,NISQAv2
fake_793.wav,2.5808315,2.7094872,3.0694702,2.1645849,3.4193332,NISQAv2
real_639.wav,4.4845805,3.998484,4.5760026,4.3687778,4.4664264,NISQAv2
fake_787.wav,2.483093,2.935499,3.5891442,2.1235578,3.43013,NISQAv2
fake_1806.wav,2.75547,2.1056905,3.709099,2.5958538,3.4905236,NISQAv2
real_2023.wav,2.6627543,2.4669707,3.5860398,2.9062414,3.2833352,NISQAv2
fake_1635.wav,3.0809877,3.3676636,3.833564,3.1159122,3.7368178,NISQAv2
fake_1153.wav,2.2561028,3.0182188,3.3201387,2.3476236,3.1481197,NISQAv2
fake_778.wav,3.2346952,3.8136575,4.232815,3.0401323,3.8728616,NISQAv2
real_1258.wav,3.9059937,3.5626705,4.3169594,3.9547744,4.202231,NISQAv2
fake_1147.wav,2.6655545,3.3076766,3.4510791,2.384668,3.6296017,NISQAv2
real_2037.wav,4.675581,4.6045575,4.713716,4.248577,4.603872,NISQAv2
fake_1621.wav,2.8591301,3.0334628,3.8228629,3.2029388,3.6646178,NISQAv2
fake_2328.wav,3.1054125,3.638426,3.9536002,2.6939049,3.7398694,NISQAv2
fake_1609.wav,3.2472682,3.4749172,3.797759,3.2476358,3.7330272,NISQAv2
real_1516.wav,4.289753,3.5547063,4.3643823,3.9716783,4.320085,NISQAv2
fake_2300.wav,3.5461636,3.707023,4.094495,2.9202955,3.844806,NISQAv2
fake_988.wav,3.4787095,2.363681,4.1027117,3.4810736,3.9941957,NISQAv2
real_1270.wav,4.067154,3.305551,4.2498736,4.1024413,4.059923,NISQAv2
real_822.wav,3.750915,2.9822173,4.2437506,3.8785715,4.1000214,NISQAv2
fake_750.wav,4.134481,4.048612,4.389758,3.6287537,4.275147,NISQAv2
fake_2466.wav,3.2556992,3.5194528,3.929158,3.2683322,3.739939,NISQAv2
fake_27.wav,3.1749895,3.7003317,3.2657864,2.6154513,3.758225,NISQAv2
fake_33.wav,3.858988,3.6210191,4.18274,3.4046388,4.1200786,NISQAv2
real_1264.wav,3.3618224,2.7785604,3.9061792,3.3883147,3.7924151,NISQAv2
fake_744.wav,2.8498878,3.6149914,3.9369016,2.9145992,3.7214735,NISQAv2
fake_2472.wav,2.3358467,2.3265274,3.4569364,2.6419775,3.3383026,NISQAv2
real_836.wav,3.5662901,3.1394994,3.9224195,3.3226368,3.9304402,NISQAv2
real_1502.wav,4.6197195,4.3189406,4.635953,4.471708,4.539247,NISQAv2
fake_2314.wav,2.779473,3.2640762,3.542565,2.230226,3.503698,NISQAv2
real_188.wav,3.4911501,2.2971437,4.1056795,3.6401033,3.9528422,NISQAv2
fake_25.wav,3.3719928,3.6506321,3.8696012,3.0576837,3.8933127,NISQAv2
real_1272.wav,3.8247943,3.0396883,4.265618,3.989887,4.221967,NISQAv2
fake_752.wav,2.915069,3.611532,3.2394962,2.5612118,3.6185534,NISQAv2
fake_2464.wav,2.3035233,2.4121706,3.3910778,2.369645,3.324539,NISQAv2
real_820.wav,4.0203853,3.382439,4.340951,3.910238,4.232101,NISQAv2
real_1514.wav,4.3474445,4.192076,4.4935927,4.0325456,4.344333,NISQAv2
fake_2302.wav,3.4361851,3.7068493,4.027621,2.9828825,3.806542,NISQAv2
real_2009.wav,2.929808,2.4989874,3.970475,3.3189871,3.574125,NISQAv2
real_1500.wav,4.306795,4.135919,4.405994,3.8352323,4.284976,NISQAv2
fake_2316.wav,2.7219534,3.1992083,3.4679954,2.187556,3.425793,NISQAv2
real_1266.wav,3.6052947,2.944758,4.159835,3.4262617,3.9078958,NISQAv2
real_834.wav,2.688039,2.5203168,3.2796423,2.943443,3.6184452,NISQAv2
fake_746.wav,3.4075656,3.784834,4.04421,3.216656,3.8502831,NISQAv2
fake_2470.wav,2.246918,2.0295084,3.5144343,2.7768273,3.1692705,NISQAv2
fake_31.wav,3.3671412,3.4465258,3.948616,3.1620004,3.9191086,NISQAv2
fake_1179.wav,2.8807724,2.9618542,3.7808373,2.663775,3.6759872,NISQAv2
fake_2458.wav,2.3280096,2.2794042,3.4281247,2.3646276,3.1068547,NISQAv2
fake_19.wav,3.1872008,3.5497377,3.788369,2.8529997,3.78076,NISQAv2
fake_1151.wav,2.6672742,3.052468,3.613642,2.5276737,3.413599,NISQAv2
real_2021.wav,2.944383,2.512604,3.997813,3.3355854,3.5005472,NISQAv2
fake_1637.wav,3.0021017,3.23969,3.7099354,2.907862,3.7083235,NISQAv2
real_1528.wav,3.9501283,4.008705,4.328801,3.5924401,4.14937,NISQAv2
real_2035.wav,4.727604,4.580853,4.6654997,4.262782,4.557099,NISQAv2
fake_1623.wav,2.899305,3.2137809,3.4278357,2.8028924,3.3691456,NISQAv2
fake_1145.wav,2.8725877,3.4243739,3.9949605,3.1152313,3.589404,NISQAv2
real_808.wav,3.643426,3.1435301,3.9964142,3.658688,4.225772,NISQAv2
fake_949.wav,3.095876,2.8535497,3.8493216,2.7729514,3.7531974,NISQAv2
fake_791.wav,2.686658,2.7654665,3.4396822,2.2050378,3.4758172,NISQAv2
fake_1810.wav,2.832009,2.0198588,4.235149,3.311622,3.7020028,NISQAv2
real_149.wav,4.2725496,4.409137,4.2744946,3.903452,4.445618,NISQAv2
fake_1804.wav,2.9465058,2.073967,4.3448296,3.5088675,3.7268012,NISQAv2
fake_785.wav,2.854384,3.0298097,2.8314526,2.315012,3.4585745,NISQAv2
fake_1192.wav,3.1196003,3.3502853,3.8396344,2.7190673,3.7388098,NISQAv2
fake_975.wav,3.5382755,3.2877915,4.180579,3.5167913,4.08371,NISQAv2
real_607.wav,4.5690923,4.359717,4.6894255,4.180925,4.542799,NISQAv2
real_22.wav,4.571478,4.2927465,4.60586,4.193035,4.571302,NISQAv2
real_161.wav,4.457648,4.4551787,4.470739,4.048262,4.49713,NISQAv2
fake_1838.wav,2.6518714,1.9849117,3.6389039,3.0019822,3.2138355,NISQAv2
real_175.wav,3.5191379,2.6898496,4.1734056,3.623348,4.0016847,NISQAv2
real_613.wav,4.6031857,4.507174,4.52831,4.1316075,4.4593167,NISQAv2
fake_961.wav,3.1636238,3.4453862,3.9610584,2.8549535,3.8090441,NISQAv2
real_36.wav,4.2120614,4.16711,4.295492,3.922806,4.3159947,NISQAv2
real_1299.wav,2.5711632,3.606771,2.6988335,2.6220348,3.41125,NISQAv2
fake_1186.wav,2.74843,2.8795621,3.410215,2.2424662,3.4628532,NISQAv2
fake_1409.wav,2.4752452,2.5199509,3.2302167,2.3790953,3.4132376,NISQAv2
fake_2100.wav,2.8147721,3.1611335,3.7719476,2.7484486,3.5761592,NISQAv2
fake_236.wav,3.1413238,3.6839936,3.8085186,2.649759,3.695071,NISQAv2
real_1716.wav,4.0605745,3.3223927,4.3452206,3.823516,4.3301396,NISQAv2
fake_550.wav,2.775026,2.792811,3.9088104,2.4174154,3.5073998,NISQAv2
real_1070.wav,3.817735,3.2217004,4.5104427,3.9033916,4.2540374,NISQAv2
real_2579.wav,3.886593,3.1803613,4.2917557,3.9256036,4.132957,NISQAv2
fake_544.wav,2.9183698,2.3834815,3.8836968,2.8448308,3.5371475,NISQAv2
real_1064.wav,3.9270406,3.4909496,4.4404807,4.118277,4.2786603,NISQAv2
fake_2114.wav,2.7524948,3.016613,3.601196,2.6820767,3.556698,NISQAv2
fake_222.wav,2.9877808,3.4516573,3.7377977,2.6275773,3.6078792,NISQAv2
real_1702.wav,4.25527,3.5331898,4.4725885,4.1789565,4.371946,NISQAv2
real_388.wav,4.258315,3.7466984,4.59636,4.0938654,4.45066,NISQAv2
fake_1435.wav,2.5788293,2.1800935,3.4691207,2.452763,3.403528,NISQAv2
real_2223.wav,4.528636,4.1957164,4.6261425,4.1823955,4.5648603,NISQAv2
fake_1353.wav,2.628906,3.247318,2.8199613,2.5779283,3.3591926,NISQAv2
real_2545.wav,4.39645,4.2634354,4.5716367,4.144403,4.372442,NISQAv2
real_1058.wav,3.315327,2.7997327,4.2441025,3.2673302,3.7784796,NISQAv2
fake_578.wav,2.912526,3.0252125,3.7282774,2.494737,3.6343632,NISQAv2
real_9.wav,4.5661964,4.137485,4.602648,4.245826,4.5721517,NISQAv2
fake_1347.wav,3.1080613,3.275286,3.7100089,2.8241494,3.657408,NISQAv2
real_2551.wav,4.5526867,4.3778524,4.575683,4.1717257,4.3616204,NISQAv2
fake_1421.wav,3.3022914,2.3172257,4.183139,3.437008,3.9996777,NISQAv2
real_2237.wav,4.589422,4.2060423,4.7033186,4.377155,4.601111,NISQAv2
fake_2128.wav,2.7103617,3.5283916,3.6579616,2.5818217,3.570226,NISQAv2
fake_593.wav,3.111379,3.412824,3.7584746,2.5302713,3.7236555,NISQAv2
real_439.wav,3.6011903,3.3129537,4.2292266,3.4687505,4.0566835,NISQAv2
fake_587.wav,2.8293655,3.2001617,3.9890127,2.8556778,3.6133072,NISQAv2
real_1919.wav,4.630228,4.379806,4.6076064,4.212346,4.4745355,NISQAv2
real_1931.wav,4.458308,4.348459,4.475464,4.221502,4.406629,NISQAv2
real_363.wav,3.9266338,3.6934352,4.2764864,3.8513503,4.163825,NISQAv2
real_405.wav,4.183285,3.2323604,4.265147,4.152875,4.373975,NISQAv2
fake_1390.wav,3.6629097,3.6542847,4.2049255,3.4550374,3.839783,NISQAv2
real_2586.wav,3.2995782,2.595333,3.5512059,3.3168116,3.929198,NISQAv2
fake_1384.wav,3.3304255,3.5159445,4.00505,2.8218038,3.646221,NISQAv2
real_2592.wav,3.7958424,3.3292954,4.2944746,3.8900707,4.0654025,NISQAv2
real_411.wav,4.1945257,3.823408,4.364397,4.000839,4.3826995,NISQAv2
real_1925.wav,4.508999,4.422172,4.6320934,4.1263957,4.3584485,NISQAv2
real_377.wav,3.9319098,2.764747,4.2800045,3.8907864,4.1351466,NISQAv2
fake_2074.wav,2.2799292,3.1660054,3.0678751,2.0246463,3.253031,NISQAv2
fake_342.wav,2.7465088,2.1474512,3.8076437,2.9400218,3.5162427,NISQAv2
real_1662.wav,4.1620445,4.1753573,4.4806013,4.2976227,4.3661084,NISQAv2
fake_424.wav,1.5906134,2.3801796,2.6747975,2.3241673,2.8937743,NISQAv2
real_1104.wav,3.551801,3.7579153,3.6223152,3.214708,3.985738,NISQAv2
real_2419.wav,2.8758519,2.8252933,2.9789515,2.7484684,3.6621072,NISQAv2
fake_430.wav,2.16744,2.5696223,3.0788627,2.497307,3.042211,NISQAv2
real_1110.wav,3.6458702,3.8960865,3.8757222,3.3178,3.994235,NISQAv2
fake_2060.wav,3.2701433,3.9733772,3.9825466,2.6749828,3.7372496,NISQAv2
fake_356.wav,2.5748289,2.5408893,3.7689068,2.7936807,3.2638135,NISQAv2
real_1676.wav,4.3354383,4.237937,4.565488,4.577712,4.4379544,NISQAv2
fake_1569.wav,2.834368,3.246367,2.9890792,2.6637223,3.5135047,NISQAv2
real_1886.wav,3.94133,3.9303076,3.879045,3.577118,4.144116,NISQAv2
fake_2048.wav,3.2660184,3.3551443,3.8707516,2.9179666,3.7551115,NISQAv2
fake_1541.wav,2.3166625,2.7899342,2.9408753,2.2502444,3.151705,NISQAv2
real_2357.wav,4.2272468,3.3933794,4.4310617,4.1521087,4.35638,NISQAv2
fake_1227.wav,3.7216692,2.6869438,4.3611293,3.664808,3.9824045,NISQAv2
real_2431.wav,4.2559085,4.156598,4.482866,4.0375185,4.309696,NISQAv2
real_1138.wav,4.3286,4.177298,4.547218,4.078346,4.4550796,NISQAv2
fake_418.wav,1.8380574,2.498636,3.0097568,2.3306746,2.8728836,NISQAv2
fake_1233.wav,3.181155,2.4391544,4.07554,3.2637215,3.6479523,NISQAv2
real_2425.wav,4.135035,3.557617,4.437331,4.1254888,4.322245,NISQAv2
fake_1555.wav,2.731662,3.2485359,3.534333,2.5777645,3.4448607,NISQAv2
real_2343.wav,4.715992,4.5035424,4.714031,4.3150773,4.620996,NISQAv2
real_1892.wav,2.8283741,3.8501768,2.5153315,2.9741838,3.8767302,NISQAv2
fake_381.wav,2.669236,2.3976264,3.299597,2.9103172,3.4429045,NISQAv2
real_1879.wav,4.480441,4.098828,4.523858,4.215211,4.4881597,NISQAv2
real_559.wav,4.014304,3.142951,4.4800224,4.090127,4.3152146,NISQAv2
fake_395.wav,2.724787,2.496646,4.0289783,3.3870676,3.73827,NISQAv2
fake_1582.wav,3.131877,3.6895382,3.8877923,2.8450532,3.7513545,NISQAv2
real_2394.wav,4.0817976,3.5395706,4.4912767,4.0882382,4.311579,NISQAv2
real_1845.wav,4.028774,2.2251358,4.5577126,4.143436,4.1238146,NISQAv2
real_217.wav,4.6216283,4.4262247,4.6890907,4.354083,4.61297,NISQAv2
real_571.wav,4.136545,3.151942,4.3713713,4.0494037,4.0525856,NISQAv2
real_565.wav,3.9205859,2.7963102,4.386613,4.1101084,4.0196614,NISQAv2
real_1689.wav,3.7199433,2.8102205,4.115289,3.5862262,4.0750685,NISQAv2
real_1851.wav,3.9347932,3.0163403,4.139443,3.9402187,4.2903004,NISQAv2
real_203.wav,3.6004279,2.489354,4.115459,3.743508,4.0570226,NISQAv2
fake_1596.wav,2.9600878,3.5384648,3.686599,2.9407203,3.4857266,NISQAv2
real_2380.wav,3.8034067,3.1312325,4.3099546,3.8790307,4.11824,NISQAv2
fake_1019.wav,3.021621,3.3435695,4.028948,2.6845407,3.8186603,NISQAv2
real_1306.wav,3.5219133,3.9117734,3.8870904,3.44814,4.050507,NISQAv2
real_954.wav,4.5199213,3.9645967,4.5737305,4.1477365,4.528378,NISQAv2
fake_626.wav,2.733487,3.2024548,3.592354,2.511051,3.4806194,NISQAv2
fake_2510.wav,3.270819,3.837806,4.0227084,3.0139072,3.8414218,NISQAv2
real_1460.wav,4.462569,4.1719713,4.6042423,4.271413,4.4781723,NISQAv2
fake_2276.wav,3.4887776,3.6226432,4.003193,2.9716332,3.8873756,NISQAv2
fake_140.wav,2.1223848,3.0032642,2.7137527,2.4140415,3.3278885,NISQAv2
real_2169.wav,4.6120563,4.169376,4.6883307,4.369123,4.6130815,NISQAv2
real_1474.wav,4.605954,4.3085938,4.6848884,4.4262466,4.5740805,NISQAv2
fake_2262.wav,3.9010026,3.7702446,4.259447,3.3763154,4.11052,NISQAv2
fake_154.wav,2.5673606,3.0224135,3.525491,2.7770462,3.6284606,NISQAv2
real_798.wav,4.31981,3.785472,4.3264422,3.911927,4.1975513,NISQAv2
real_1312.wav,3.5785184,3.910948,3.7552938,3.328534,3.9242675,NISQAv2
fake_632.wav,3.063704,3.3097546,3.7529156,3.186419,3.608196,NISQAv2
fake_2504.wav,3.7273474,3.962191,4.0768557,3.562782,4.0577097,NISQAv2
real_940.wav,4.741585,4.557771,4.7331276,4.394196,4.6551104,NISQAv2
real_968.wav,4.566024,4.284871,4.5350876,4.1454463,4.4973497,NISQAv2
fake_1025.wav,3.4664133,3.3181403,4.3375397,3.4947255,3.8323228,NISQAv2
real_2155.wav,4.061359,4.0899663,4.3181925,3.9006767,4.280041,NISQAv2
fake_1743.wav,2.1782649,2.3342168,2.4499915,2.407842,3.3528507,NISQAv2
fake_168.wav,2.6558006,3.5002062,3.8761263,2.736644,3.7390027,NISQAv2
real_1448.wav,4.1991525,4.0292645,4.151525,3.8509052,4.3261757,NISQAv2
real_2141.wav,3.845221,3.9307263,4.1777573,3.598835,4.167002,NISQAv2
fake_1757.wav,2.8797195,2.4811816,3.826124,3.061086,3.8270252,NISQAv2
fake_1031.wav,2.8815544,2.6104434,3.759206,3.0183818,3.3746889,NISQAv2
fake_2538.wav,3.0557384,3.2987583,3.9708138,2.6643014,3.586067,NISQAv2
real_997.wav,4.2691174,2.6703253,4.490869,4.1327605,4.358384,NISQAv2
fake_1964.wav,2.2127235,2.8336103,3.4291317,2.6358643,2.977629,NISQAv2
fake_183.wav,2.3522024,1.9442377,3.3610492,2.6376607,3.1910129,NISQAv2
fake_197.wav,2.5965345,2.0072486,3.6737697,2.816035,3.4227226,NISQAv2
fake_1970.wav,1.9931457,2.5823328,2.6765718,2.1068447,2.8766572,NISQAv2
real_983.wav,4.5958996,4.1900525,4.5948625,4.400329,4.538628,NISQAv2
fake_829.wav,2.63444,2.3947918,3.8922918,2.4585207,3.5066712,NISQAv2
real_773.wav,4.405154,4.228682,4.4562225,3.9680183,4.359449,NISQAv2
fake_801.wav,2.8286974,3.070448,3.9357367,2.390904,3.3971815,NISQAv2
fake_2289.wav,3.38215,3.443331,4.0303216,2.9620512,3.8265505,NISQAv2
real_2196.wav,4.442465,3.7279341,4.4908705,4.2366576,4.4872184,NISQAv2
fake_1780.wav,2.8262055,2.202922,3.9528494,2.891705,3.6541343,NISQAv2
fake_1958.wav,1.9061202,2.5062053,2.9740427,2.2760396,2.7482555,NISQAv2
real_2182.wav,4.5754795,4.3996925,4.6315002,4.341466,4.5624275,NISQAv2
fake_1794.wav,2.3358004,1.9135768,3.1323307,2.795026,3.25221,NISQAv2
fake_815.wav,2.4872754,2.2036693,3.8634677,2.703021,3.4703183,NISQAv2
real_767.wav,4.437351,4.4934773,4.5224714,4.1530223,4.4606886,NISQAv2
fake_1795.wav,2.6840284,2.161731,3.9665847,3.1516743,3.4422555,NISQAv2
real_2183.wav,4.6570864,4.3792176,4.746519,4.389069,4.640623,NISQAv2
real_766.wav,3.416327,4.0666404,3.855553,2.757354,3.793206,NISQAv2
fake_814.wav,1.7722542,2.0594552,3.6133368,2.1439092,2.9462726,NISQAv2
fake_800.wav,2.3981454,2.420374,3.341461,2.0641105,2.95221,NISQAv2
real_772.wav,4.5687246,4.563731,4.659947,4.2907615,4.5153565,NISQAv2
fake_1959.wav,1.9655964,2.7434676,2.7814116,2.1002707,2.89182,NISQAv2
fake_1781.wav,2.668162,2.4639513,3.505044,2.4421368,3.4556541,NISQAv2
real_2197.wav,4.3382196,4.0110693,4.5234475,4.199509,4.424336,NISQAv2
fake_2288.wav,3.4224293,3.468665,4.1222897,3.1460934,3.8520029,NISQAv2
fake_1971.wav,1.9438533,2.6091673,2.9319458,2.0858295,2.7305021,NISQAv2
fake_196.wav,2.3017857,2.0065742,3.2666657,2.4055054,3.1279423,NISQAv2
fake_828.wav,2.4739666,2.3202386,3.718601,2.264349,3.3946824,NISQAv2
real_982.wav,4.4593096,3.7821329,4.5258083,4.381498,4.4537106,NISQAv2
real_996.wav,4.3296576,3.2625976,4.357336,4.308709,4.443007,NISQAv2
fake_182.wav,2.5024695,2.0594776,3.4673219,2.683517,3.31579,NISQAv2
fake_1965.wav,2.0092585,2.780628,2.705105,2.0495486,2.8487594,NISQAv2
fake_1756.wav,2.307034,2.373881,2.4667358,2.2911284,3.2744682,NISQAv2
real_2140.wav,3.6441348,3.958095,4.0893493,3.3458083,3.9668367,NISQAv2
real_1449.wav,4.2058573,3.9433994,4.501984,4.060949,4.2803636,NISQAv2
fake_169.wav,2.397793,3.5117574,3.655708,2.6321223,3.5692673,NISQAv2
fake_2539.wav,4.109682,3.823023,4.3540497,3.9955118,4.289042,NISQAv2
fake_1030.wav,2.9759808,2.8449607,3.9253163,3.155329,3.5871177,NISQAv2
fake_1024.wav,3.4846752,3.4148467,3.975918,3.298416,3.9152334,NISQAv2
real_969.wav,4.4842176,4.166451,4.568985,4.214639,4.5309815,NISQAv2
fake_1742.wav,2.105818,2.199239,3.4233255,2.536705,3.2216883,NISQAv2
real_2154.wav,3.6286685,3.8513973,4.3113923,3.1560555,4.12948,NISQAv2
fake_155.wav,2.7628615,3.6822348,3.9812243,2.7054899,3.6085632,NISQAv2
fake_2263.wav,2.9368608,3.2563298,3.6219485,2.502868,3.603518,NISQAv2
real_1475.wav,4.2344027,3.0559678,4.42214,4.0290003,4.321939,NISQAv2
real_941.wav,4.5674653,4.4859443,4.643804,4.3538127,4.5792055,NISQAv2
fake_2505.wav,3.699814,3.5280025,4.1812606,3.3736699,4.039937,NISQAv2
fake_633.wav,2.921378,3.2529788,3.1145024,2.779258,3.580027,NISQAv2
real_1313.wav,3.673601,4.310096,4.155349,3.6886375,4.106844,NISQAv2
real_799.wav,3.4323606,3.9422095,3.6588297,2.8506815,3.563316,NISQAv2
fake_2511.wav,3.3237975,3.4094942,3.883551,3.2373128,3.8399374,NISQAv2
fake_627.wav,3.4208384,3.380997,4.130018,3.4763725,3.871124,NISQAv2
real_955.wav,4.4966254,3.8835523,4.5048294,4.1701746,4.4962153,NISQAv2
real_1307.wav,2.4286726,3.51743,2.4925828,2.480003,3.6213522,NISQAv2
fake_1018.wav,3.7726285,3.5752733,4.3237367,3.473694,4.0864625,NISQAv2
real_2168.wav,3.4876478,3.5702195,3.8669002,3.4052148,4.021737,NISQAv2
fake_141.wav,2.6827765,3.6409814,3.4356823,2.4579918,3.63358,NISQAv2
fake_2277.wav,3.6505883,3.606845,4.122938,3.2108843,3.98169,NISQAv2
real_1461.wav,4.288784,4.173074,4.5042715,4.105488,4.4078984,NISQAv2
real_564.wav,4.1498003,3.5444877,4.4521894,4.134956,4.2403398,NISQAv2
real_2381.wav,3.9291155,3.5033338,4.2733536,3.9223764,4.1240087,NISQAv2
fake_1597.wav,3.0851157,3.6005385,3.7429886,2.8568203,3.6706798,NISQAv2
real_202.wav,3.5154831,2.2102938,4.4637194,3.8574016,4.0454783,NISQAv2
real_1850.wav,2.93983,2.071691,3.983989,3.4865942,3.6001837,NISQAv2
real_1688.wav,3.9254932,3.180484,4.397036,3.8369896,4.278434,NISQAv2
real_216.wav,4.663618,4.515034,4.7105637,4.341389,4.6017118,NISQAv2
real_1844.wav,3.332615,2.255244,3.877516,3.462956,3.6129792,NISQAv2
real_2395.wav,3.8185067,3.2244475,4.4631286,3.9200156,4.2545824,NISQAv2
fake_1583.wav,3.0652666,3.807421,3.8378813,3.1432135,3.6288428,NISQAv2
real_570.wav,4.122961,3.1286495,4.4284286,4.0919695,4.31673,NISQAv2
real_558.wav,3.932042,3.2976305,4.172793,4.040737,4.1712937,NISQAv2
fake_394.wav,2.1625123,2.819165,3.3873332,2.7510953,2.8028307,NISQAv2
real_1878.wav,4.340304,4.0264325,4.3951063,3.891764,4.292187,NISQAv2
fake_380.wav,2.185871,2.2307975,3.2316115,2.6378367,3.2361298,NISQAv2
real_2424.wav,4.020618,2.9117308,4.6110563,4.0451026,4.3246403,NISQAv2
fake_1232.wav,3.4116628,2.7702794,4.230136,3.6023397,4.000545,NISQAv2
real_1893.wav,3.6693757,3.5881317,3.788348,3.2538342,3.930129,NISQAv2
real_2342.wav,4.8634257,4.5347037,4.7658515,4.425363,4.712218,NISQAv2
fake_1554.wav,2.6312714,3.0105846,3.3340049,2.596799,3.2144964,NISQAv2
real_2356.wav,4.0714808,3.626886,4.458908,4.037692,4.3465056,NISQAv2
fake_1540.wav,2.364712,2.6948411,3.3571248,2.4042776,3.340485,NISQAv2
fake_2049.wav,3.1056788,3.7807395,3.8474896,2.7062397,3.7032459,NISQAv2
real_1887.wav,4.293597,3.9983587,4.4373813,3.8655949,4.2460704,NISQAv2
fake_419.wav,2.1343203,2.3982537,3.2855554,2.610086,3.2442281,NISQAv2
real_1139.wav,4.140297,4.0201406,4.443451,3.8760726,4.3037467,NISQAv2
real_2430.wav,4.3702183,4.332684,4.70751,4.3708186,4.432748,NISQAv2
fake_1226.wav,2.7222912,2.593916,3.3492863,2.4431853,3.3760169,NISQAv2
real_1111.wav,4.0369406,3.8603141,4.2513514,3.837698,4.258359,NISQAv2
fake_431.wav,2.370354,2.675551,3.5169055,2.77999,3.230158,NISQAv2
real_2418.wav,3.7278447,3.1154716,4.04961,3.4458416,4.118286,NISQAv2
fake_1568.wav,3.0937817,3.6738122,3.7148776,2.8320463,3.7367768,NISQAv2
real_1677.wav,4.834616,4.2648063,4.822918,4.599535,4.4914417,NISQAv2
fake_357.wav,2.345716,2.3169847,3.3073719,2.7393696,3.3348882,NISQAv2
fake_2061.wav,2.7767165,3.2194984,3.5658247,2.382864,3.3793206,NISQAv2
real_1663.wav,4.2457685,3.760898,4.546885,4.41071,4.43768,NISQAv2
fake_343.wav,2.308789,2.3950188,3.4200172,2.6215186,3.3644292,NISQAv2
fake_2075.wav,3.0119996,3.728754,3.6563118,2.4952977,3.6528914,NISQAv2
real_1105.wav,3.9346173,3.6647975,4.108035,3.6083457,4.1799703,NISQAv2
fake_425.wav,2.0406306,2.150089,3.0428321,2.7421877,3.0865753,NISQAv2
real_410.wav,4.2711315,3.5601902,4.49049,4.007232,4.543797,NISQAv2
real_2593.wav,3.3196325,3.4594526,3.7518451,3.381638,3.899633,NISQAv2
fake_1385.wav,2.8763187,3.358883,3.2724907,2.4774878,3.524446,NISQAv2
real_376.wav,3.8820956,3.291988,4.196866,3.9720614,4.191441,NISQAv2
real_1924.wav,4.639341,4.4422965,4.643561,4.224645,4.541631,NISQAv2
real_362.wav,3.1543095,3.2380004,4.1292295,3.0700154,3.6950314,NISQAv2
real_1930.wav,4.539685,4.3465786,4.5755925,4.2227483,4.4974813,NISQAv2
real_2587.wav,3.9639688,3.2438016,4.2892303,3.9442964,4.2592583,NISQAv2
fake_1391.wav,3.3169181,3.536566,3.9280894,2.8899071,3.6929023,NISQAv2
real_404.wav,4.0031514,3.8347108,4.428961,3.6007888,4.268949,NISQAv2
fake_586.wav,2.8996646,3.0551736,3.484693,2.5205777,3.6096241,NISQAv2
real_1918.wav,4.564864,4.2314177,4.525175,4.1887307,4.4079967,NISQAv2
real_438.wav,4.1052003,3.8189628,4.4069223,3.9657576,4.3421836,NISQAv2
fake_592.wav,2.983029,3.5700421,3.864137,2.7471888,3.6214454,NISQAv2
real_2550.wav,4.198545,4.236738,4.448057,4.2501435,4.2967343,NISQAv2
fake_1346.wav,2.6762326,3.298423,3.5098975,2.378178,3.1941593,NISQAv2
real_8.wav,4.2084284,4.108003,4.2798567,3.8705957,4.317627,NISQAv2
fake_579.wav,2.9637883,3.3939042,4.02832,2.5984137,3.5445712,NISQAv2
real_1059.wav,3.846414,3.454903,4.2421846,3.900714,4.1924095,NISQAv2
fake_2129.wav,2.50726,3.4159596,3.144258,2.781274,3.300529,NISQAv2
real_2236.wav,4.6813307,4.2528615,4.7417755,4.401531,4.648741,NISQAv2
fake_1420.wav,3.1857245,2.1374643,4.2554483,3.3091109,3.8959846,NISQAv2
real_2222.wav,4.069598,3.441224,4.133262,4.1311016,4.137904,NISQAv2
fake_1434.wav,3.1179354,2.7702143,4.1611376,3.2720635,3.9028845,NISQAv2
real_2544.wav,4.466543,4.2872005,4.543279,4.2237563,4.428169,NISQAv2
fake_1352.wav,2.8989217,3.4817367,3.6294625,2.6134791,3.469899,NISQAv2
real_1065.wav,3.7040422,3.6102118,4.4673805,3.7083468,4.1734977,NISQAv2
fake_545.wav,3.07573,2.6562393,3.9812334,3.0268066,3.638477,NISQAv2
real_389.wav,3.9205904,3.6700242,4.40197,3.9506934,4.223747,NISQAv2
real_1703.wav,4.2200923,3.3413246,4.360215,3.905675,4.4204707,NISQAv2
fake_223.wav,3.3352196,3.605751,4.0507364,3.367154,3.4523675,NISQAv2
fake_2115.wav,2.3715763,2.7878969,3.4130108,2.476847,3.2929382,NISQAv2
real_1717.wav,4.206864,3.4394197,4.3673015,4.0625477,4.3901215,NISQAv2
fake_237.wav,3.018944,3.484113,3.9519606,3.1301868,3.739701,NISQAv2
fake_2101.wav,2.5771883,3.0114324,3.3978617,2.6409912,3.4269793,NISQAv2
fake_1408.wav,2.9898689,2.5122907,4.0620146,2.9897773,3.68091,NISQAv2
real_2578.wav,3.1672344,3.3249252,3.1055415,3.1351984,3.7627742,NISQAv2
real_1071.wav,3.6737692,3.410399,4.364992,3.8842728,4.1452746,NISQAv2
fake_551.wav,3.4582245,2.5639775,4.145161,3.273646,3.880333,NISQAv2
real_174.wav,3.800985,2.9702628,4.2006636,3.9330254,4.1697173,NISQAv2
fake_1839.wav,2.3325577,2.1479075,3.17882,2.4522955,3.268583,NISQAv2
fake_1187.wav,2.9207246,3.2237194,3.3491127,2.5978978,3.5818388,NISQAv2
real_1298.wav,3.4110372,4.001921,3.9036808,3.0187814,3.7838817,NISQAv2
real_37.wav,4.5105925,4.1756334,4.577295,4.192236,4.5417924,NISQAv2
fake_960.wav,3.2279572,3.537623,4.0952682,2.9349973,3.8651364,NISQAv2
real_612.wav,4.4094224,4.280764,4.5245934,3.8961527,4.3850436,NISQAv2
real_23.wav,4.618944,4.3434844,4.63797,4.269708,4.5748324,NISQAv2
real_606.wav,4.703623,4.4629974,4.685176,4.214442,4.5364947,NISQAv2
fake_974.wav,3.3960593,3.3643405,4.1961784,3.446338,3.9421022,NISQAv2
fake_1193.wav,2.599685,3.041764,3.297169,2.6222987,3.4690304,NISQAv2
real_160.wav,3.9860222,4.145795,4.161498,3.553903,4.1801047,NISQAv2
fake_1805.wav,3.3097143,2.1631863,4.2395616,3.3944511,3.8440425,NISQAv2
real_148.wav,3.45507,4.3092713,3.8353543,3.3825488,3.8984215,NISQAv2
fake_784.wav,2.5969467,2.7689507,3.0332263,2.1212113,3.4286852,NISQAv2
fake_790.wav,2.9118814,2.9025033,3.8220394,2.4827116,3.548121,NISQAv2
fake_948.wav,3.56626,3.1401274,4.2354264,3.1441302,3.929055,NISQAv2
fake_1811.wav,2.6596768,2.1725702,3.9638033,3.087519,3.5219047,NISQAv2
fake_1622.wav,2.613277,2.989488,3.133317,2.4673507,3.5486324,NISQAv2
real_2034.wav,4.2406273,4.363483,4.1792383,3.7414997,4.3155985,NISQAv2
real_809.wav,4.050823,3.3006113,4.0472803,3.8686554,4.3004293,NISQAv2
fake_1144.wav,3.0569842,3.3327286,3.6705208,2.786826,3.71684,NISQAv2
fake_1150.wav,1.930344,3.0440805,2.1737435,2.0344765,3.0335405,NISQAv2
fake_18.wav,3.0856955,3.418482,3.6855593,2.8576376,3.7847714,NISQAv2
fake_2459.wav,1.965134,2.278012,2.68907,2.2222574,3.0360298,NISQAv2
real_1529.wav,4.0738525,4.1130075,4.0025873,3.572615,3.977585,NISQAv2
fake_1636.wav,3.3172705,3.3063223,4.1166697,3.339965,3.8971603,NISQAv2
real_2020.wav,3.814904,2.789869,4.4170475,4.1058583,4.20668,NISQAv2
fake_2317.wav,2.9720356,3.5867107,3.8478134,2.622182,3.63106,NISQAv2
real_1501.wav,4.357095,3.3016531,4.4834213,4.404468,4.5383034,NISQAv2
real_2008.wav,2.9354715,2.4812682,3.784349,3.3188546,3.4563997,NISQAv2
fake_1178.wav,2.827676,3.1667824,3.588876,2.8407972,3.7107131,NISQAv2
fake_30.wav,3.489477,3.749622,3.9601314,3.1362903,3.8475122,NISQAv2
fake_2471.wav,2.6046517,2.5642784,3.404839,2.5154333,3.4695418,NISQAv2
fake_747.wav,3.1569617,3.7312038,3.9235833,2.7623014,3.7992532,NISQAv2
real_835.wav,3.2200701,2.9453332,3.4604535,3.2328603,3.6130493,NISQAv2
real_1267.wav,3.474728,2.9048114,4.102485,3.7041988,3.995904,NISQAv2
real_821.wav,3.2638502,2.4981947,4.1014132,3.432887,3.8411655,NISQAv2
fake_2465.wav,2.5046234,2.70948,3.34426,2.451172,3.3863168,NISQAv2
fake_753.wav,3.2063732,3.5668328,4.0255833,2.713669,3.7966402,NISQAv2
real_1273.wav,3.669886,2.641196,4.3035355,3.9563115,3.950987,NISQAv2
fake_24.wav,3.2385676,3.374852,3.8824291,3.0271509,3.8126101,NISQAv2
fake_2303.wav,3.4075177,3.7645776,4.1389904,3.173927,3.8801787,NISQAv2
real_1515.wav,3.9078481,3.8422945,4.1025496,3.1558783,3.9615562,NISQAv2
fake_1137.wav,2.9097006,3.1086595,4.0528364,2.3676805,3.4739113,NISQAv2
real_1228.wav,3.1874402,2.6232553,3.4632332,2.9632587,3.7744734,NISQAv2
fake_708.wav,2.9654963,3.4995368,3.9474616,2.7585163,3.7269604,NISQAv2
real_87.wav,4.328717,3.5577898,4.446537,4.3239727,4.479291,NISQAv2
fake_2358.wav,2.8434901,2.7647698,3.564625,2.4853885,3.5331361,NISQAv2
fake_1651.wav,2.5817325,2.6888921,3.3879454,2.5320933,3.4073303,NISQAv2
real_2047.wav,4.4145784,4.3919888,4.546809,4.0344567,4.412888,NISQAv2
fake_1889.wav,3.394152,3.620662,3.4176464,2.9484646,3.7219813,NISQAv2
fake_1645.wav,3.0254126,3.0409205,3.7667582,2.849222,3.598505,NISQAv2
real_2053.wav,4.5535054,4.4546475,4.622266,4.158324,4.493809,NISQAv2
real_93.wav,4.421994,4.067018,4.62486,4.408403,4.591067,NISQAv2
fake_1123.wav,3.2882624,3.0643938,3.9235637,3.010112,3.8948903,NISQAv2
real_846.wav,3.6693985,3.3847687,4.2258053,3.6866596,4.08388,NISQAv2
fake_734.wav,3.3683486,3.6827648,3.93523,3.0900621,3.8211803,NISQAv2
fake_2402.wav,2.9978657,2.8321412,4.076589,3.0501,3.7588134,NISQAv2
real_1214.wav,4.3033156,3.0359874,4.697048,4.4134116,4.5078163,NISQAv2
fake_43.wav,3.4783957,2.8904474,4.2118263,3.6196916,4.0105176,NISQAv2
fake_2364.wav,3.3621285,2.7710574,4.2657924,3.268915,3.9162283,NISQAv2
real_1572.wav,4.148737,4.221766,4.5529704,3.9823937,4.3563514,NISQAv2
fake_2370.wav,3.3808186,2.776625,4.103571,3.3564606,3.9485471,NISQAv2
real_1566.wav,4.7617445,4.530149,4.7600436,4.5121965,4.6419873,NISQAv2
fake_1679.wav,3.2097092,2.8261006,3.517492,2.660137,3.7899983,NISQAv2
fake_57.wav,3.026451,2.5956807,3.504669,2.8644836,3.7141836,NISQAv2
fake_720.wav,3.4853241,3.583124,4.0921807,3.2845516,4.0410304,NISQAv2
fake_2416.wav,3.157953,2.9566972,4.064126,3.047461,3.737435,NISQAv2
real_852.wav,3.9553044,2.5452914,4.376918,4.15366,4.2321773,NISQAv2
real_1200.wav,2.5541072,3.3193786,2.4205387,2.7405307,3.6460316,NISQAv2
real_661.wav,4.05986,3.4785092,4.2435484,4.058776,4.200501,NISQAv2
fake_913.wav,2.6152155,3.198494,3.5115306,2.4120877,3.3359025,NISQAv2
real_44.wav,4.511695,4.1264954,4.587142,4.211653,4.475209,NISQAv2
fake_1692.wav,2.3869994,2.452632,2.7410188,2.4323182,3.441302,NISQAv2
real_2084.wav,4.556264,4.2801046,4.581953,4.337259,4.5685887,NISQAv2
real_107.wav,4.292381,3.6773436,4.472541,4.177585,4.4414454,NISQAv2
real_1599.wav,4.657502,4.4862614,4.6447587,4.489329,4.625693,NISQAv2
real_113.wav,4.748978,4.571859,4.5395494,4.212465,4.5879197,NISQAv2
fake_1686.wav,2.964881,2.534218,4.108268,3.1193974,3.7555704,NISQAv2
real_2090.wav,4.077534,3.8823423,4.3967133,3.950535,4.3072867,NISQAv2
fake_907.wav,2.6131299,2.7165792,3.7367432,2.5107734,3.3152933,NISQAv2
real_675.wav,3.6796536,2.486728,3.8244364,3.6878026,4.0979996,NISQAv2
real_50.wav,4.491128,3.9149978,4.4999995,4.223398,4.504138,NISQAv2
fake_80.wav,2.8175714,3.1797478,3.935874,2.4352708,3.5905302,NISQAv2
real_885.wav,3.0846326,2.081986,4.201615,3.5248244,3.636642,NISQAv2
real_78.wav,3.8211532,3.3347545,4.434923,4.0726457,4.4121222,NISQAv2
fake_1876.wav,2.4977345,2.7069256,3.156618,2.0978868,3.3442411,NISQAv2
fake_1862.wav,2.765774,3.4922123,3.5770607,2.5006387,3.760876,NISQAv2
real_649.wav,3.7522833,2.5434473,4.190817,3.9838245,4.178895,NISQAv2
real_891.wav,3.3449247,2.0855181,4.287696,3.7402744,3.8940504,NISQAv2
fake_94.wav,2.5656273,2.6918766,3.5717356,2.1465437,3.3265605,NISQAv2
real_2245.wav,4.460759,3.8833938,4.571252,4.1841445,4.468551,NISQAv2
fake_1453.wav,2.8369832,3.3631158,3.5589569,2.578396,3.649882,NISQAv2
real_1994.wav,3.3636045,3.4580662,3.915294,3.2844782,3.8068547,NISQAv2
real_2523.wav,4.5459285,4.5011535,4.593976,4.2639613,4.5726132,NISQAv2
fake_1335.wav,2.9528272,3.4355197,3.415692,2.7090962,3.6168664,NISQAv2
real_2537.wav,4.4415817,4.2377267,4.520456,4.109714,4.4209085,NISQAv2
fake_1321.wav,2.698073,3.4250538,3.2098258,2.498091,3.5590403,NISQAv2
fake_278.wav,3.1163034,3.8171241,4.0244994,2.5627978,3.639675,NISQAv2
real_1758.wav,3.6439893,2.9486115,4.0882435,3.5804443,4.063327,NISQAv2
real_1980.wav,3.1050236,3.5108018,3.7723453,2.9781027,3.5379462,NISQAv2
real_2251.wav,4.5914397,4.145854,4.7182145,4.3036413,4.587768,NISQAv2
fake_1447.wav,2.953334,3.3978982,3.7989109,2.8767931,3.761323,NISQAv2
real_1770.wav,4.145086,3.3624167,4.1992874,3.9267511,4.265472,NISQAv2
fake_2166.wav,2.7175465,3.0563514,3.560364,2.3097987,3.5017812,NISQAv2
fake_250.wav,3.44123,3.627848,4.058689,3.0797818,3.8602343,NISQAv2
real_2279.wav,4.472802,3.9915407,4.6380105,4.2491293,4.5221267,NISQAv2
fake_1309.wav,2.6951742,3.1829932,2.8576138,2.5094812,3.5629365,NISQAv2
real_1016.wav,4.457016,3.9734566,4.507704,4.322102,4.465315,NISQAv2
fake_536.wav,3.022857,2.1226344,4.230728,3.1252294,3.6129458,NISQAv2
fake_2600.wav,2.492626,2.8624861,3.6874,2.2670279,3.2252057,NISQAv2
real_488.wav,3.6439583,2.7015932,4.369377,3.7463381,4.109005,NISQAv2
real_1002.wav,3.9166677,2.2616274,3.8300402,3.7989693,4.0786805,NISQAv2
fake_522.wav,2.9513185,2.3333316,4.0071344,3.0646698,3.5413659,NISQAv2
fake_2614.wav,2.8867304,2.8881252,3.8854868,3.0165675,3.5241077,NISQAv2
real_1764.wav,3.6580503,3.1583369,4.1883726,3.7410142,4.0511737,NISQAv2
fake_2172.wav,2.3422725,3.1172886,2.789361,2.2004538,3.2771811,NISQAv2
fake_244.wav,2.6989467,3.3135626,3.5533476,2.3002427,3.402511,NISQAv2
real_305.wav,4.5442433,4.26954,4.673764,4.143906,4.4870315,NISQAv2
real_1957.wav,3.082659,3.2125459,3.8814628,3.2272499,3.499784,NISQAv2
fake_2199.wav,2.6445854,2.9701197,3.3534453,2.5967011,3.5445378,NISQAv2
real_2286.wav,4.515749,4.085279,4.670275,4.2714095,4.5187607,NISQAv2
fake_1490.wav,2.872146,3.2659974,3.7590458,2.7448509,3.615971,NISQAv2
real_463.wav,4.2494926,3.7871242,4.452015,4.179272,4.300628,NISQAv2
real_477.wav,4.908436,4.638125,4.8150578,4.511025,4.7124352,NISQAv2
real_2292.wav,4.447385,4.2641616,4.644088,4.218439,4.474069,NISQAv2
fake_1484.wav,2.9527133,3.2566774,3.9183671,2.959964,3.67788,NISQAv2
real_311.wav,4.6284366,4.4133534,4.6657677,4.1680484,4.534278,NISQAv2
real_1943.wav,4.5237026,4.300304,4.4899607,4.04204,4.284034,NISQAv2
real_339.wav,3.9645236,2.5689461,4.4943023,4.1226788,4.2639775,NISQAv2
fake_293.wav,3.2934825,3.7021363,4.029818,2.9276474,3.7626545,NISQAv2
fake_287.wav,3.3407476,3.706485,4.1031976,3.2140682,3.7615726,NISQAv2
real_2331.wav,4.6226974,4.359292,4.5924463,4.2904086,4.593612,NISQAv2
fake_1527.wav,2.7922895,3.326125,3.5733607,2.5442288,3.4471152,NISQAv2
fake_318.wav,3.5700986,3.9013097,4.1597204,3.2243025,3.957534,NISQAv2
real_1638.wav,4.057478,3.9075196,4.3418646,4.063841,4.1450453,NISQAv2
real_2457.wav,3.0866408,2.6845505,3.5812209,3.4697511,3.2129188,NISQAv2
fake_1241.wav,3.2630584,2.6608858,4.0507545,3.1968749,3.754852,NISQAv2
real_2443.wav,3.6984892,3.4708393,4.1034565,3.5988715,3.9340594,NISQAv2
fake_1255.wav,3.1567328,2.600623,3.947039,3.2685285,3.6540904,NISQAv2
real_2325.wav,4.7258153,4.4391837,4.7301836,4.3113313,4.624544,NISQAv2
fake_1533.wav,3.5656798,3.3613417,4.096654,3.2113354,4.0252676,NISQAv2
real_1604.wav,4.6444225,4.539292,4.7137117,4.462546,4.6224856,NISQAv2
fake_2012.wav,1.7848442,2.1999176,2.6457462,1.9407147,2.402657,NISQAv2
fake_324.wav,3.1098754,3.69281,4.0228853,2.7848225,3.711835,NISQAv2
real_1162.wav,3.4596581,3.428311,2.9378042,3.1469388,3.9287453,NISQAv2
fake_442.wav,2.7823093,2.6101468,3.925121,2.7409096,3.5233896,NISQAv2
real_1176.wav,4.542303,3.9892743,4.530622,4.340182,4.531608,NISQAv2
fake_456.wav,2.6225355,2.8598154,3.891813,2.2016776,3.366491,NISQAv2
fake_1269.wav,3.3145208,2.4644806,4.188587,3.3647177,3.777643,NISQAv2
real_2319.wav,4.7416506,4.453322,4.6969376,4.30858,4.63578,NISQAv2
real_1610.wav,4.446926,4.3812637,4.611482,4.3256645,4.442077,NISQAv2
fake_2006.wav,2.4147646,2.5184028,3.5320456,2.7624724,3.2024548,NISQAv2
fake_330.wav,3.2091765,3.6964338,3.9791496,3.2557561,3.7493756,NISQAv2
real_271.wav,3.7479281,3.4389565,4.2302856,3.6495633,4.021689,NISQAv2
real_1823.wav,3.7870922,2.4004102,4.3445473,4.1254563,4.1409783,NISQAv2
real_2494.wav,3.679584,3.3817923,4.3267193,3.7179444,4.0143924,NISQAv2
fake_1282.wav,2.692145,3.458536,3.562012,2.7597995,3.453285,NISQAv2
real_517.wav,4.104718,3.3877923,4.5315914,4.244539,3.870994,NISQAv2
real_503.wav,4.7185,4.1916103,4.6153784,4.3678727,4.5170445,NISQAv2
real_1189.wav,4.2963905,3.992622,4.4225245,4.037679,4.448887,NISQAv2
real_2480.wav,3.0117786,2.4978943,4.2153654,3.9518516,3.8339798,NISQAv2
fake_1296.wav,2.0374172,2.7220318,3.0642712,2.634843,3.1761076,NISQAv2
real_265.wav,4.5176888,4.2327466,4.5490046,4.191576,4.451488,NISQAv2
real_1837.wav,3.9594896,2.9125535,4.076011,4.0745053,4.008516,NISQAv2
fake_481.wav,2.7606254,1.9505763,4.1290646,3.1232188,3.560199,NISQAv2
fake_495.wav,2.951585,2.5018322,3.9593484,2.9123335,3.7343218,NISQAv2
real_259.wav,4.805439,4.5150056,4.7763405,4.4723773,4.6813235,NISQAv2
fake_1043.wav,2.7882135,2.7008123,3.7263174,2.9927382,3.414893,NISQAv2
fake_1725.wav,2.7914724,2.6168454,3.803237,3.0573227,3.7669175,NISQAv2
real_2133.wav,3.575677,4.1288433,4.1446505,3.1943417,3.8864996,NISQAv2
fake_1731.wav,2.2296605,2.3482978,3.0974827,2.3048236,3.3157218,NISQAv2
real_2127.wav,3.9552886,4.0052915,4.193663,3.7475116,4.183499,NISQAv2
fake_2238.wav,3.4605975,3.5557268,3.9844668,3.039852,3.8677518,NISQAv2
real_1348.wav,3.3504143,3.8128297,3.4641309,3.0742252,3.8226297,NISQAv2
fake_668.wav,2.9544406,2.4096892,3.534693,2.7712326,3.587949,NISQAv2
fake_1057.wav,3.0954428,2.1811113,4.1933537,3.1918972,3.6486363,NISQAv2
fake_898.wav,2.5913165,2.8727486,3.1928024,2.332841,3.231651,NISQAv2
fake_640.wav,3.318094,2.3531249,4.0243173,3.2163634,3.996422,NISQAv2
fake_2576.wav,2.9081452,3.1279504,3.413288,2.6130226,3.6020226,NISQAv2
real_932.wav,4.7274895,4.4623013,4.6844034,4.419497,4.644869,NISQAv2
real_1360.wav,3.1380174,3.67118,3.0951636,2.8198068,3.6523023,NISQAv2
fake_1719.wav,2.4489787,2.1755965,3.7208629,2.5078819,3.147917,NISQAv2
fake_2210.wav,2.732186,2.910282,3.6589944,2.3720114,3.5070243,NISQAv2
fake_126.wav,2.3305447,3.3410914,3.2415304,2.2176905,3.157838,NISQAv2
real_1406.wav,4.001308,3.3877428,4.429638,4.1564345,4.3128734,NISQAv2
fake_2204.wav,2.9249449,3.3247974,3.5293872,2.3829029,3.6461053,NISQAv2
fake_132.wav,2.89235,3.7888417,3.7951035,2.5619876,3.6690342,NISQAv2
real_1412.wav,3.6328962,2.5978868,4.2561617,3.9525049,4.1284757,NISQAv2
real_926.wav,4.682834,4.463612,4.721402,4.367645,4.626923,NISQAv2
fake_654.wav,2.804065,2.2381861,3.1800423,2.638107,3.3751667,NISQAv2
fake_2562.wav,3.298143,3.8448908,3.7604814,2.8392372,3.7393742,NISQAv2
real_1374.wav,4.2840166,4.0705132,4.1870985,3.8890579,4.193404,NISQAv2
fake_2589.wav,2.3653884,2.2968524,2.6042387,2.1394923,3.267926,NISQAv2
fake_867.wav,2.7370694,2.5651596,3.722603,2.4240768,3.51604,NISQAv2
real_715.wav,4.6794024,4.529691,4.6429915,4.232129,4.5403056,NISQAv2
fake_1080.wav,2.8794324,2.9557588,3.723366,2.6949189,3.4736383,NISQAv2
fake_1094.wav,2.8065126,2.907494,3.7148178,2.5234888,3.3937361,NISQAv2
real_701.wav,4.194052,3.3230464,4.341523,4.095252,4.2375855,NISQAv2
fake_873.wav,2.8600686,2.4972484,3.9492552,2.8334382,3.6115146,NISQAv2
fake_683.wav,2.854429,2.6097252,3.46242,2.6535964,3.523813,NISQAv2
real_729.wav,4.502597,4.3746753,4.611908,4.2689843,4.501077,NISQAv2
fake_1902.wav,2.3052247,2.9143703,2.0332448,2.1646671,3.0674732,NISQAv2
fake_1916.wav,3.4619217,3.725938,4.008702,3.0674083,3.9533331,NISQAv2
fake_697.wav,2.6478667,2.9738863,2.3560672,2.7196352,3.4741561,NISQAv2
fake_1917.wav,3.3679926,3.696551,3.723103,2.9910417,3.8713715,NISQAv2
fake_696.wav,2.7477996,2.355685,2.7241435,2.9390237,3.1007402,NISQAv2
real_728.wav,4.6237426,4.4620824,4.7394657,4.317304,4.5885434,NISQAv2
fake_682.wav,2.7586432,2.469012,2.8205767,2.3754342,3.4709828,NISQAv2
fake_1903.wav,2.1494787,3.1027894,2.3376408,2.2439082,3.0334156,NISQAv2
fake_872.wav,2.3920074,2.3437672,3.494334,2.3178885,3.2482865,NISQAv2
real_700.wav,4.114715,2.798154,4.3969426,4.2193856,4.322087,NISQAv2
fake_1095.wav,2.8003924,3.1173532,3.771505,2.5849462,3.4013178,NISQAv2
fake_1081.wav,2.5799274,2.704797,3.562557,2.6372716,3.4444,NISQAv2
real_714.wav,4.62882,4.38843,4.6983843,4.3030314,4.4722886,NISQAv2
fake_866.wav,2.5878105,2.55189,3.7865388,2.3993497,3.3675954,NISQAv2
fake_2588.wav,2.9913657,2.5633156,4.020907,3.1059046,3.6831837,NISQAv2
real_1413.wav,4.0369167,3.8536336,4.4683447,4.1457415,4.272475,NISQAv2
fake_133.wav,2.932505,3.8185484,3.751208,2.4896767,3.644584,NISQAv2
fake_2205.wav,2.7162402,2.6638381,3.6795065,2.6019423,3.5447605,NISQAv2
real_1375.wav,3.8526096,3.9355106,3.7488186,3.5532043,3.9715455,NISQAv2
fake_2563.wav,2.9330113,2.642734,3.7546623,2.7485728,3.590128,NISQAv2
fake_655.wav,2.8868396,2.4077904,3.5168142,2.920956,3.5421638,NISQAv2
real_927.wav,4.7550507,4.5357947,4.689388,4.3561673,4.640886,NISQAv2
real_1361.wav,3.3459747,3.9233367,3.6372502,3.0557418,3.6815093,NISQAv2
real_933.wav,4.732139,4.5422654,4.7055364,4.3827567,4.613691,NISQAv2
fake_2577.wav,2.545855,2.7013497,3.763459,2.557337,3.5138528,NISQAv2
fake_641.wav,2.469629,2.4151073,2.9250228,2.2889907,3.3609421,NISQAv2
fake_899.wav,2.7785494,2.926254,3.7803154,2.7468116,3.3867857,NISQAv2
real_1407.wav,4.354885,3.8693402,4.4436603,4.251704,4.4552865,NISQAv2
fake_127.wav,2.6764686,3.5131638,3.571195,2.5494804,3.4844134,NISQAv2
fake_2211.wav,2.8669891,3.2538116,3.5856316,2.7135065,3.6120026,NISQAv2
fake_1718.wav,2.3597982,2.18945,3.5615332,2.617713,3.2786167,NISQAv2
fake_2239.wav,3.4773495,3.5268152,4.1512823,3.1519709,3.9182222,NISQAv2
real_2126.wav,3.7266755,4.1066575,4.0254755,3.2678826,4.0440536,NISQAv2
fake_1730.wav,2.3561509,2.2642229,3.041278,2.2828345,3.3259492,NISQAv2
fake_1056.wav,2.8460388,2.3874683,3.900979,3.0838726,3.4031918,NISQAv2
fake_669.wav,1.7202884,2.6649773,1.9802139,2.133046,3.2002852,NISQAv2
real_1349.wav,2.931379,3.6311283,3.14725,2.6655586,3.4994643,NISQAv2
fake_1042.wav,2.563917,2.401532,3.7964342,3.1865587,3.214378,NISQAv2
real_2132.wav,3.6190202,3.9710772,4.1484866,3.4079416,3.9141872,NISQAv2
fake_1724.wav,2.5799117,2.345071,3.530115,2.749657,3.5242033,NISQAv2
fake_494.wav,3.1354606,3.1978514,4.0523005,3.0230215,3.7181756,NISQAv2
real_258.wav,4.6877575,4.4505916,4.7006216,4.3030977,4.585899,NISQAv2
fake_480.wav,2.899536,3.0132968,3.8398473,2.6022828,3.6224196,NISQAv2
fake_1297.wav,2.8648646,4.095872,3.8077576,2.8709948,3.6540911,NISQAv2
real_2481.wav,2.9062665,2.3172343,4.2049823,3.1657965,3.5301487,NISQAv2
real_1188.wav,4.600296,4.1199055,4.63441,4.292452,4.55412,NISQAv2
real_502.wav,4.4863853,4.1900163,4.400311,4.0988154,4.378116,NISQAv2
real_1836.wav,3.7609518,2.6459334,4.2763824,3.9375422,4.070397,NISQAv2
real_264.wav,4.5082808,4.1730742,4.531867,4.137093,4.475072,NISQAv2
real_1822.wav,3.3365688,3.6108057,4.0371747,3.4675486,3.4744527,NISQAv2
real_270.wav,3.7910094,3.6955745,4.2060046,3.6885896,4.0885797,NISQAv2
real_516.wav,3.4596944,3.0595434,3.1654837,3.8812478,3.7062132,NISQAv2
fake_1283.wav,2.4407587,3.0087469,2.8337152,2.4133322,3.356271,NISQAv2
real_2495.wav,4.0899873,3.032787,4.3699474,3.9451807,3.960292,NISQAv2
fake_1268.wav,3.3427932,2.5316308,4.1793957,3.3536284,3.7451026,NISQAv2
fake_457.wav,2.8955772,3.1639893,3.9304523,3.0351045,3.432666,NISQAv2
real_1177.wav,4.5687103,4.2742314,4.601799,4.276851,4.529752,NISQAv2
fake_331.wav,3.23785,3.8612444,4.0349364,2.754433,3.7350504,NISQAv2
fake_2007.wav,1.3566301,1.7585129,2.9492166,1.885291,2.3174758,NISQAv2
real_1611.wav,4.436307,4.301561,4.5274305,4.2987885,4.4172473,NISQAv2
real_2318.wav,4.771034,4.5384526,4.753663,4.3599467,4.6545024,NISQAv2
fake_325.wav,3.0367396,3.467539,3.9464293,2.6900845,3.675379,NISQAv2
fake_2013.wav,1.9730989,2.1477983,3.036169,2.1798127,2.809115,NISQAv2
real_1605.wav,4.481227,4.324822,4.479233,4.300122,4.466858,NISQAv2
fake_443.wav,2.8526332,2.842342,3.927751,2.7302332,3.4084828,NISQAv2
real_1163.wav,3.881961,3.7076757,4.0974402,3.6051943,4.149569,NISQAv2
fake_1254.wav,3.2190156,2.376521,4.165249,3.3974078,3.764597,NISQAv2
real_2442.wav,3.6889293,2.8119273,4.402701,3.9753952,4.285799,NISQAv2
fake_1532.wav,3.0263035,2.672467,3.6548889,2.9160097,3.6289675,NISQAv2
real_2324.wav,4.8712397,4.5564237,4.825034,4.506436,4.73579,NISQAv2
real_1639.wav,4.3693986,3.8410585,4.5588493,4.338135,4.2976913,NISQAv2
fake_319.wav,3.5273209,3.8955252,4.136964,3.2023654,3.9517443,NISQAv2
fake_1526.wav,3.4789639,3.2273452,4.0539627,3.2872393,3.9132607,NISQAv2
real_2330.wav,4.582749,4.3961997,4.5846624,4.1226306,4.5254683,NISQAv2
fake_1240.wav,3.4553263,2.2634008,4.412099,3.408149,3.7941017,NISQAv2
real_2456.wav,2.7362425,2.5276797,3.8387444,2.9952614,3.3417306,NISQAv2
fake_286.wav,3.2585657,3.7076724,3.995157,2.8970513,3.7137969,NISQAv2
fake_292.wav,3.371712,3.4488971,4.135633,3.0783715,3.8322933,NISQAv2
real_338.wav,3.7511878,3.1028898,4.236483,3.9503014,4.0973973,NISQAv2
real_476.wav,4.562292,4.1781754,4.5819473,4.203758,4.482697,NISQAv2
real_1942.wav,4.159213,3.7299368,4.2539043,3.7895105,4.209015,NISQAv2
real_310.wav,4.5478477,4.341425,4.6452947,4.170558,4.4825444,NISQAv2
fake_1485.wav,2.574149,2.73009,3.252031,2.1683464,3.3515599,NISQAv2
real_2293.wav,4.569743,4.2498097,4.682555,4.2930837,4.5544662,NISQAv2
fake_1491.wav,2.2784922,3.3946319,3.6131668,2.6828885,3.1196902,NISQAv2
real_2287.wav,4.5082016,4.2284985,4.68989,4.3016553,4.531656,NISQAv2
fake_2198.wav,3.1621208,3.3779325,3.7269728,2.8360722,3.877032,NISQAv2
real_1956.wav,2.8693118,3.488192,3.5163777,2.6980164,3.504222,NISQAv2
real_304.wav,4.5607004,4.367312,4.6516104,4.128896,4.475588,NISQAv2
real_462.wav,4.146433,3.011061,4.4169793,4.141071,4.2760878,NISQAv2
fake_2615.wav,2.8050454,2.7842119,3.6218102,2.642632,3.5563824,NISQAv2
fake_523.wav,2.7843955,2.1543877,3.379488,2.5518444,3.347657,NISQAv2
real_1003.wav,4.1527863,2.5535593,4.522702,4.133847,4.2326045,NISQAv2
real_489.wav,4.619997,3.6698177,4.5894146,4.228449,4.452975,NISQAv2
fake_245.wav,3.3456497,3.6282187,4.031659,2.9442585,3.750314,NISQAv2
fake_2173.wav,2.9608285,3.2671435,3.442725,2.5049527,3.5489652,NISQAv2
real_1765.wav,4.2109423,3.4647992,4.418168,3.9502547,4.375089,NISQAv2
real_2278.wav,4.447453,3.987515,4.584609,4.189067,4.493645,NISQAv2
fake_251.wav,3.3753512,3.7020905,3.857714,3.0384107,3.8507435,NISQAv2
fake_2167.wav,2.8116992,3.6164193,3.5663416,2.4313562,3.555421,NISQAv2
real_1771.wav,3.9936993,3.2160568,4.339726,3.7533934,4.2906795,NISQAv2
fake_2601.wav,2.9463127,3.0698767,3.7401311,2.7427213,3.443631,NISQAv2
fake_537.wav,2.9472907,2.600582,3.498545,2.7403638,3.6830814,NISQAv2
real_1017.wav,4.223948,3.8922083,4.3713093,4.0260277,4.430626,NISQAv2
fake_1308.wav,3.0783885,3.543925,3.3713036,2.629489,3.4511125,NISQAv2
fake_1320.wav,2.7902873,3.2913806,3.5038395,3.0468695,3.5779335,NISQAv2
real_2536.wav,4.575041,4.2949176,4.660516,4.258536,4.434999,NISQAv2
fake_1446.wav,3.0187309,3.4601958,3.8180604,2.8190486,3.7343795,NISQAv2
real_2250.wav,4.6487575,4.0916367,4.738496,4.375011,4.644762,NISQAv2
real_1981.wav,3.4377167,3.3506875,4.0169344,3.3123364,3.7548711,NISQAv2
real_1759.wav,4.059736,2.9927115,4.2837152,3.9880023,4.3493104,NISQAv2
fake_279.wav,2.6177042,3.6806524,3.696831,1.9717042,3.3030386,NISQAv2
real_1995.wav,3.4056423,3.4616401,4.1216774,3.0880365,3.837443,NISQAv2
fake_1452.wav,3.313812,3.4456017,3.9441264,2.9526353,3.8099217,NISQAv2
real_2244.wav,4.574732,4.3369527,4.71694,4.3358016,4.5649953,NISQAv2
fake_1334.wav,4.20876,4.1391416,4.4861183,3.9233305,4.191574,NISQAv2
real_2522.wav,4.303832,4.207069,4.3598757,4.1088066,4.3755345,NISQAv2
fake_1863.wav,3.0122864,3.5024846,3.4123101,2.8057687,3.635385,NISQAv2
fake_95.wav,2.900905,2.93188,3.7842157,2.8168404,3.5948713,NISQAv2
real_890.wav,3.344107,1.8610982,4.355148,3.5973728,3.8747952,NISQAv2
real_648.wav,3.7700326,2.0996993,4.3549976,3.916111,4.2011056,NISQAv2
real_79.wav,4.665757,4.2017913,4.655978,4.264635,4.597805,NISQAv2
real_884.wav,3.1138794,2.4773436,4.1815624,3.6576889,3.7239459,NISQAv2
fake_81.wav,3.3247707,3.4841726,4.136752,2.927811,3.8430507,NISQAv2
fake_1877.wav,2.7619243,2.9170043,3.6538107,2.5687537,3.5492718,NISQAv2
real_2091.wav,4.063205,3.7660496,4.1825895,3.9494069,4.3217998,NISQAv2
fake_1687.wav,2.8490493,2.3288765,3.9658465,3.085494,3.7437685,NISQAv2
real_112.wav,4.80669,4.5883627,4.738388,4.3787904,4.607775,NISQAv2
real_1598.wav,4.659931,4.538489,4.6737475,4.459367,4.6406755,NISQAv2
real_51.wav,4.538847,3.9481876,4.5758753,4.2584176,4.5415463,NISQAv2
real_674.wav,3.361213,3.4127438,2.8503163,3.4486718,4.0047464,NISQAv2
fake_906.wav,3.6982262,3.507631,4.0866666,3.8824446,4.076824,NISQAv2
real_45.wav,4.5478034,3.6740382,4.643573,4.2785463,4.5661197,NISQAv2
fake_912.wav,2.8766596,2.9841325,3.9151504,3.252073,3.5242536,NISQAv2
real_660.wav,3.7030482,2.6409895,4.4888687,4.220246,4.2572036,NISQAv2
real_106.wav,4.4691267,3.86606,4.603881,4.2741647,4.554315,NISQAv2
real_2085.wav,4.8402386,4.620934,4.7614794,4.3730702,4.702667,NISQAv2
fake_1693.wav,2.1155393,2.3314989,2.5685303,2.208113,3.1453357,NISQAv2
fake_1678.wav,2.8992147,3.0344622,3.467877,2.7897747,3.5000823,NISQAv2
real_1567.wav,4.6722608,4.4752254,4.672738,4.5031495,4.5918093,NISQAv2
fake_2371.wav,3.3942678,3.0044928,4.1433306,3.1865747,3.8715644,NISQAv2
real_1201.wav,4.499077,4.193374,4.5290704,4.282639,4.4908967,NISQAv2
real_853.wav,4.0856133,3.1903868,4.2520704,4.0587916,4.260489,NISQAv2
fake_2417.wav,3.0871522,2.9367085,3.8685005,2.858414,3.649376,NISQAv2
fake_721.wav,3.6814735,3.9944646,4.1856146,3.186353,4.0652146,NISQAv2
fake_56.wav,3.2800257,2.6397383,4.1711025,3.6129327,3.7280219,NISQAv2
fake_42.wav,3.2388208,2.8855028,3.8255746,3.2391105,3.887008,NISQAv2
real_1215.wav,4.509054,4.209087,4.5369563,4.3301225,4.4925737,NISQAv2
fake_2403.wav,2.467288,2.584784,3.4742973,2.2319527,3.2228806,NISQAv2
fake_735.wav,3.1898935,3.6109664,3.8069022,2.8557146,3.7677972,NISQAv2
real_847.wav,3.7825372,3.3287632,3.9587944,3.571423,4.0734363,NISQAv2
real_1573.wav,3.0459092,3.7268445,2.9006023,2.8918731,3.7186923,NISQAv2
fake_2365.wav,2.4914463,2.5962732,3.7309291,2.3447702,3.3500135,NISQAv2
real_2052.wav,3.8914163,3.9899123,4.2039394,3.6311026,4.2153583,NISQAv2
fake_1644.wav,3.0317047,2.9937463,3.9480093,3.3377337,3.8480248,NISQAv2
fake_1122.wav,2.968549,3.0848155,3.7105398,2.6742437,3.7555497,NISQAv2
real_92.wav,4.5524344,4.2309756,4.591572,4.2137113,4.586612,NISQAv2
real_86.wav,4.30295,3.6840892,4.413889,4.2817006,4.4722605,NISQAv2
fake_709.wav,3.0624633,3.7395992,3.9833553,2.81727,3.7918503,NISQAv2
real_1229.wav,3.73603,2.4300926,4.3435516,3.905268,4.10019,NISQAv2
fake_1136.wav,2.597838,2.6975188,3.4272044,2.2094538,3.5288925,NISQAv2
fake_1888.wav,3.336736,3.6190794,4.2329235,3.4233904,4.0112267,NISQAv2
real_2046.wav,3.8302164,4.235797,4.147399,3.408233,4.1979265,NISQAv2
fake_1650.wav,3.5630672,2.936951,4.1870103,3.6314895,4.0240936,NISQAv2
fake_2359.wav,2.9272306,2.7327468,3.695861,2.7188876,3.6118329,NISQAv2
fake_2429.wav,2.9861066,3.5277123,3.8760226,2.7262862,3.5307865,NISQAv2
real_90.wav,4.514283,3.8750317,4.578876,4.363153,4.5617423,NISQAv2
fake_68.wav,2.7934844,2.8874466,3.7568052,2.7565463,3.623877,NISQAv2
fake_1120.wav,3.2905045,3.2384257,3.8561866,2.8157775,3.7969372,NISQAv2
real_2050.wav,4.6080785,4.4800205,4.6050925,4.115743,4.533797,NISQAv2
fake_1646.wav,2.5812593,2.9716952,3.3897092,2.7916925,3.3876312,NISQAv2
real_1559.wav,3.8890183,3.258712,4.1993794,4.2189445,4.1835814,NISQAv2
real_2044.wav,4.8010693,4.79915,4.7839584,4.505754,4.6523747,NISQAv2
fake_1652.wav,3.142856,3.2492921,3.8571084,3.2381344,3.6951163,NISQAv2
fake_1134.wav,2.7211034,2.8749564,2.8644357,2.5452588,3.4806373,NISQAv2
real_879.wav,3.1163218,2.0431335,4.3061495,3.7682164,3.9160287,NISQAv2
real_84.wav,4.4665527,3.8717957,4.606182,4.3244057,4.56374,NISQAv2
fake_54.wav,3.4368992,3.0380492,4.0906553,3.3508382,3.9856362,NISQAv2
real_1203.wav,3.5122328,3.7007136,2.8999615,3.2339036,4.043783,NISQAv2
fake_2415.wav,3.3968508,3.1877975,4.251539,3.3676896,3.9723063,NISQAv2
fake_723.wav,2.632783,2.7395322,3.355292,2.9137301,3.547,NISQAv2
real_851.wav,3.7600038,3.3765395,4.2823005,3.9507327,4.1048965,NISQAv2
real_689.wav,2.6116257,3.0135157,2.4804316,2.7047727,3.4655974,NISQAv2
real_1565.wav,4.7104607,4.381325,4.667941,4.513742,4.6095653,NISQAv2
fake_2373.wav,3.3477879,2.8874667,4.1134768,3.2506404,3.7922194,NISQAv2
real_2078.wav,4.6744614,4.483608,4.6608753,4.267437,4.595684,NISQAv2
real_1571.wav,4.659898,4.4745593,4.8244658,4.452924,4.6689086,NISQAv2
fake_2367.wav,3.0633771,2.7857854,4.158614,3.3204935,3.793677,NISQAv2
real_1217.wav,3.6055694,3.6517577,3.9015872,3.343628,4.024691,NISQAv2
real_845.wav,3.6747022,3.0669498,4.223278,3.6806347,4.0875287,NISQAv2
fake_2401.wav,3.3975027,3.0134375,4.167966,3.275548,3.858921,NISQAv2
fake_737.wav,3.860234,4.1603694,4.32735,3.3770034,4.1273303,NISQAv2
fake_40.wav,2.6409085,2.9269187,2.8114016,2.3801758,3.4647892,NISQAv2
fake_1108.wav,2.976946,3.400029,3.7850688,2.828512,3.7147515,NISQAv2
fake_904.wav,2.473656,2.8088663,3.5285702,2.5047088,3.2246933,NISQAv2
real_676.wav,2.9183462,3.2733448,2.5497591,3.1242628,3.5085044,NISQAv2
real_53.wav,4.393736,3.2911441,4.402987,4.291734,4.4320965,NISQAv2
real_110.wav,4.7942924,4.6267924,4.6663465,4.4413385,4.625504,NISQAv2
real_2093.wav,3.4587905,3.2469256,3.9562762,3.0225706,3.9701538,NISQAv2
fake_1685.wav,2.493303,2.610766,3.0679312,2.4394069,3.3740523,NISQAv2
fake_1849.wav,2.8665085,2.013877,4.226001,3.382514,3.6893609,NISQAv2
real_2087.wav,4.64615,4.444975,4.608165,4.256491,4.5572696,NISQAv2
fake_1691.wav,2.2424421,2.2042382,3.3404126,2.3826854,3.2918718,NISQAv2
fake_2398.wav,2.8337443,2.514188,3.885914,2.7217302,3.6480527,NISQAv2
real_104.wav,4.440014,3.6234462,4.4931927,4.3619285,4.54378,NISQAv2
real_662.wav,4.060994,2.7270017,4.2560225,4.0077276,4.2315273,NISQAv2
fake_910.wav,2.662921,3.009168,2.6987207,2.5145752,3.4727776,NISQAv2
real_47.wav,4.487923,3.8598797,4.557403,4.260181,4.5410366,NISQAv2
fake_938.wav,3.325234,3.9478455,4.116269,2.9489858,3.9115572,NISQAv2
real_892.wav,3.20304,1.9473122,4.387642,3.8142893,3.9062169,NISQAv2
fake_97.wav,3.3034463,3.6070015,4.0927916,2.9812167,3.8529618,NISQAv2
fake_1861.wav,3.3168533,3.6767857,3.9450822,3.0171192,3.8937168,NISQAv2
real_138.wav,3.453756,3.8743877,3.8679101,3.160407,3.7487962,NISQAv2
fake_1875.wav,3.1520963,3.2153351,4.017832,3.0745132,3.8219304,NISQAv2
fake_83.wav,2.8562906,2.982817,3.6504524,2.5425746,3.5937366,NISQAv2
real_886.wav,2.995733,2.1354766,4.2545643,3.4356613,3.6685903,NISQAv2
real_1983.wav,3.2749574,3.665004,4.0234833,3.073214,3.724647,NISQAv2
fake_1444.wav,2.8338373,3.4609375,3.6514595,2.5643132,3.6540492,NISQAv2
real_2252.wav,4.702631,4.249832,4.7678003,4.350039,4.6661143,NISQAv2
fake_1322.wav,3.4794352,3.790116,3.9749572,3.0663235,3.8969994,NISQAv2
real_2534.wav,4.4977503,4.0968676,4.537472,4.1483583,4.465579,NISQAv2
real_1029.wav,3.7876883,3.6936533,4.5100856,3.8759272,4.1989145,NISQAv2
fake_509.wav,2.7764022,2.6400764,3.6175704,2.9655159,3.794323,NISQAv2
fake_1336.wav,2.953763,3.516668,3.3511562,2.6564648,3.6222758,NISQAv2
real_2520.wav,4.2600746,4.3402867,4.4406157,4.1411524,4.3510957,NISQAv2
fake_1450.wav,2.5992758,3.2889912,3.1638532,2.3809366,3.520048,NISQAv2
real_2246.wav,4.718924,4.3036585,4.8427277,4.3674564,4.6536,NISQAv2
fake_2159.wav,2.3795595,2.677103,2.7713752,2.1423628,3.3550928,NISQAv2
real_1997.wav,2.7192776,2.6867063,3.73308,2.46092,3.1664171,NISQAv2
fake_1478.wav,2.6282892,3.122533,3.4755857,2.522691,3.2154226,NISQAv2
fake_247.wav,3.1446173,3.691065,3.9803956,3.1106184,3.8042104,NISQAv2
fake_2171.wav,2.7526748,3.5215313,3.8395493,2.5008872,3.5912297,NISQAv2
real_1767.wav,3.7545161,3.4258223,4.088161,3.764474,4.1099906,NISQAv2
fake_2617.wav,2.8089497,3.0514505,3.585698,2.4288096,3.4491403,NISQAv2
fake_521.wav,3.0264106,2.2979527,4.0203815,3.0981286,3.6924024,NISQAv2
real_1001.wav,4.459322,3.27093,4.532929,4.2336493,4.4333353,NISQAv2
real_2508.wav,4.6030045,4.336168,4.5457726,4.1484184,4.4607363,NISQAv2
fake_2603.wav,3.2479236,3.1723452,4.0228868,3.0411036,3.7661655,NISQAv2
fake_535.wav,2.6888068,2.2968173,3.391764,2.6633847,3.4581962,NISQAv2
real_1015.wav,4.414283,3.8921463,4.5238,4.275124,4.4748034,NISQAv2
fake_253.wav,3.819773,3.8898842,4.132591,3.354696,4.0656304,NISQAv2
fake_2165.wav,3.0023866,3.0778346,3.7578633,2.5497322,3.677575,NISQAv2
real_1773.wav,3.724772,2.9526997,4.2796326,3.8271608,4.167624,NISQAv2
fake_1487.wav,3.5216267,3.980261,4.107521,3.3754654,3.8425136,NISQAv2
real_2291.wav,4.3338284,4.0587387,4.5775013,4.0732613,4.3555255,NISQAv2
real_1940.wav,4.4660683,4.23399,4.6019816,4.185988,4.3763895,NISQAv2
real_312.wav,4.6146536,4.229386,4.671934,4.1900363,4.5212846,NISQAv2
real_1798.wav,3.5209613,2.4525645,3.89472,3.9592037,4.0703845,NISQAv2
real_474.wav,4.462619,4.147678,4.5187054,4.1162267,4.414144,NISQAv2
real_460.wav,3.7764213,2.7793338,4.0724335,3.8732083,4.0372853,NISQAv2
real_1954.wav,2.8730776,3.2321503,3.7671163,2.630477,3.4029157,NISQAv2
real_306.wav,4.7044,4.465177,4.7488375,4.2167783,4.5442524,NISQAv2
fake_1493.wav,2.876874,3.4412742,3.5000317,2.7342956,3.4826434,NISQAv2
real_2285.wav,4.519679,4.312261,4.6835833,4.237249,4.518106,NISQAv2
fake_284.wav,2.9447591,3.4869742,3.9562624,2.5734103,3.58279,NISQAv2
real_448.wav,4.3673143,4.1703725,4.432783,4.0112157,4.3737164,NISQAv2
real_1968.wav,3.2070258,3.3133209,3.957768,2.8508275,3.5530589,NISQAv2
fake_290.wav,3.1605623,3.502194,3.8494694,2.8203413,3.7596807,NISQAv2
fake_2039.wav,3.0960379,3.7254817,3.7579596,2.5804713,3.6773214,NISQAv2
fake_1530.wav,2.023863,2.885866,3.1785402,2.5531828,3.170545,NISQAv2
real_2326.wav,4.819076,4.4932456,4.780553,4.382747,4.650458,NISQAv2
fake_1256.wav,3.415085,2.7364664,4.1026754,3.4365847,3.7198927,NISQAv2
real_2440.wav,4.204727,4.2090917,4.502278,3.9737918,4.330947,NISQAv2
real_1149.wav,4.278842,4.1411915,4.375133,4.0621724,4.410314,NISQAv2
fake_469.wav,2.7695088,2.9300852,3.7023711,2.654247,3.8423874,NISQAv2
fake_1242.wav,3.525361,2.5409129,4.368206,3.6125953,3.9920242,NISQAv2
real_2454.wav,3.9809992,3.2073574,4.273295,3.8219368,4.122956,NISQAv2
fake_1524.wav,2.8590033,3.603902,3.7431839,2.6737616,3.5011747,NISQAv2
real_2332.wav,4.766986,4.3849654,4.7254553,4.3517137,4.651997,NISQAv2
real_299.wav,4.57084,4.3363743,4.665761,4.171087,4.4952836,NISQAv2
fake_333.wav,2.808288,3.0760891,3.8237126,2.4748838,3.5353806,NISQAv2
fake_2005.wav,1.5743656,1.8524932,2.8992362,1.9411883,2.4659762,NISQAv2
real_1613.wav,4.590471,4.3381376,4.621359,4.319888,4.520101,NISQAv2
fake_455.wav,2.657737,2.8148239,3.8464983,2.467297,3.3682745,NISQAv2
real_1175.wav,4.645165,4.2384477,4.6160707,4.2873464,4.573137,NISQAv2
real_2468.wav,3.7346342,3.609553,4.306241,3.869779,3.8686745,NISQAv2
fake_441.wav,3.0556219,2.7675917,3.9171858,3.2158732,3.8736706,NISQAv2
real_1161.wav,4.1292577,4.004795,4.3289433,4.042683,4.325106,NISQAv2
fake_327.wav,3.0904894,3.705345,4.0314445,2.7404814,3.6703787,NISQAv2
fake_2011.wav,1.7870301,2.231343,2.9199834,2.004693,2.6003952,NISQAv2
real_1607.wav,4.33971,4.5305543,4.6256866,4.360808,4.434139,NISQAv2
fake_1518.wav,2.4939673,3.0260794,3.4189646,2.3276813,3.237614,NISQAv2
real_1834.wav,3.3361032,2.2981298,4.1801615,3.4437816,3.510421,NISQAv2
real_266.wav,4.697348,4.5279684,4.724143,4.4194055,4.623983,NISQAv2
real_500.wav,4.013277,2.6942184,4.623087,4.344604,4.2866163,NISQAv2
fake_1295.wav,2.0274842,3.2832038,3.500582,2.3177984,2.918649,NISQAv2
real_2483.wav,3.2221234,3.6220884,4.103663,3.787406,3.2725914,NISQAv2
fake_1281.wav,2.427426,3.287611,2.806071,2.6801999,3.373495,NISQAv2
real_2497.wav,3.9627368,3.7786052,4.2872286,3.8415973,3.8931115,NISQAv2
real_514.wav,3.7419093,3.2372851,3.7220297,3.9326365,3.5667136,NISQAv2
real_1820.wav,3.7930918,2.3673491,4.1255155,3.9824977,4.185164,NISQAv2
real_272.wav,3.9838226,3.8155115,4.3618007,3.87098,4.1548047,NISQAv2
real_1808.wav,3.868676,2.7245958,4.4670534,3.9927733,4.2086487,NISQAv2
fake_496.wav,2.7080116,2.6073673,3.7779064,2.6235645,3.4553514,NISQAv2
real_528.wav,4.3168435,3.5228465,4.5731006,4.1486883,4.4181514,NISQAv2
fake_482.wav,2.72555,1.9248834,4.0195537,2.914385,3.4668853,NISQAv2
real_919.wav,3.4682324,3.3655505,4.1828027,3.5655148,3.8949866,NISQAv2
fake_1054.wav,2.411813,2.1254368,3.0921085,2.5318549,3.3676565,NISQAv2
real_2124.wav,3.755904,3.7597268,4.3980274,3.4822514,4.241122,NISQAv2
fake_1732.wav,2.561055,2.5413601,3.8128903,3.0141435,3.5453825,NISQAv2
fake_119.wav,3.8499522,4.2542944,4.242508,3.3826911,4.1803813,NISQAv2
real_1439.wav,4.111787,2.4916074,4.443164,4.14002,4.3653092,NISQAv2
real_2130.wav,3.12898,3.449123,3.8010347,2.811497,3.7324545,NISQAv2
fake_1726.wav,2.6282578,2.5408423,3.7784793,3.08298,3.660805,NISQAv2
fake_1040.wav,2.9129224,2.5452473,4.077122,3.6233523,3.3812668,NISQAv2
fake_2549.wav,3.6584034,3.4826534,3.9874806,3.5360572,4.003774,NISQAv2
fake_1068.wav,3.067596,2.5716357,3.9830787,3.1626914,3.6495512,NISQAv2
real_1377.wav,4.0339966,3.9736962,4.222844,3.584979,4.1422915,NISQAv2
real_925.wav,4.74004,4.562839,4.7291784,4.344826,4.64766,NISQAv2
fake_2561.wav,2.2300813,3.5866072,2.8855531,2.0739973,3.194041,NISQAv2
fake_657.wav,2.8186746,2.435875,3.377573,2.6223474,3.415764,NISQAv2
real_1411.wav,4.3560495,3.8991916,4.546584,4.301437,4.4359617,NISQAv2
fake_131.wav,3.0118828,3.859498,3.8300889,2.7232006,3.714417,NISQAv2
fake_2207.wav,3.0827374,3.1221173,3.502612,2.7144198,3.7041845,NISQAv2
real_2118.wav,4.2479415,4.331265,4.510747,3.9887438,4.354957,NISQAv2
real_1405.wav,4.424676,4.046585,4.448226,4.1929755,4.424174,NISQAv2
fake_125.wav,1.5707008,2.5914662,3.4976392,2.367233,2.9050558,NISQAv2
fake_2213.wav,3.017318,2.778034,3.805026,2.718638,3.6542768,NISQAv2
real_1363.wav,2.7833936,3.7782428,3.158044,2.810959,3.4376984,NISQAv2
fake_2575.wav,2.5634253,2.3067746,3.5254025,2.675094,3.4120495,NISQAv2
fake_643.wav,2.7461503,2.57313,3.0116096,2.5533006,3.5639517,NISQAv2
real_931.wav,4.710043,4.483603,4.717594,4.382846,4.622101,NISQAv2
fake_1097.wav,2.9160395,3.31943,3.6175196,2.7055132,3.6876032,NISQAv2
real_1388.wav,4.631379,4.2037935,4.6408587,4.320442,4.51339,NISQAv2
real_702.wav,4.6193457,4.464992,4.605464,4.310516,4.564945,NISQAv2
fake_870.wav,2.5963233,2.4511535,3.9853292,2.5496314,3.4413755,NISQAv2
fake_1929.wav,3.379349,3.78987,4.031314,2.8146198,3.8503106,NISQAv2
fake_864.wav,2.7769206,2.4112494,3.9026182,2.743861,3.5741868,NISQAv2
real_716.wav,4.6958284,4.4796166,4.771922,4.340693,4.6116996,NISQAv2
fake_1083.wav,2.4614742,2.820333,3.155484,2.3178146,3.2674875,NISQAv2
fake_694.wav,2.946989,2.9504683,3.3056,2.7688606,3.5562258,NISQAv2
fake_1915.wav,3.2636442,3.3213184,4.1483364,2.9072552,3.751323,NISQAv2
fake_1901.wav,3.536243,3.900149,4.239196,3.4427388,3.8964515,NISQAv2
fake_680.wav,2.624626,2.6734617,2.6490707,2.5137444,3.1806128,NISQAv2
fake_858.wav,2.620849,2.3631818,3.6946647,2.6360478,3.4187977,NISQAv2
fake_1900.wav,2.990898,3.3128502,4.0936565,2.9002423,3.7108893,NISQAv2
fake_859.wav,2.5308444,2.3786945,3.9523618,2.7719,3.4967802,NISQAv2
fake_681.wav,3.0480554,2.48645,3.5612643,3.0031466,3.5298111,NISQAv2
fake_695.wav,3.0293796,2.5465803,3.9189985,3.0028288,3.677297,NISQAv2
fake_1914.wav,3.2397873,3.5457098,4.0633564,2.963764,3.7808883,NISQAv2
fake_1082.wav,2.780482,2.8755338,3.7333992,2.6123195,3.5615258,NISQAv2
real_717.wav,4.623603,4.5288815,4.7359962,4.289568,4.5629935,NISQAv2
fake_865.wav,3.1709838,2.5481868,4.1295195,3.0014064,3.7656584,NISQAv2
fake_871.wav,2.285076,2.5429366,3.7566948,1.94315,3.3038702,NISQAv2
real_703.wav,4.6916323,4.609633,4.7428393,4.363988,4.620541,NISQAv2
real_1389.wav,4.393647,4.0519457,4.382521,4.130387,4.3349805,NISQAv2
fake_1096.wav,2.4901001,2.7791903,3.2145898,2.389558,3.4467702,NISQAv2
fake_1928.wav,3.2655275,3.9285867,3.842567,3.0105662,3.8320706,NISQAv2
fake_2212.wav,2.919048,3.1213934,3.7416527,2.5310354,3.6236756,NISQAv2
fake_124.wav,3.1995926,4.010211,3.893328,2.737303,3.8193605,NISQAv2
real_1404.wav,4.3371363,4.045626,4.3093534,4.1074414,4.2619824,NISQAv2
real_930.wav,4.660804,4.520123,4.6924076,4.374957,4.5912557,NISQAv2
fake_642.wav,3.0997336,2.2027075,3.8684008,3.0998433,3.779772,NISQAv2
fake_2574.wav,2.4051769,2.2484524,2.6410434,2.39707,3.3269794,NISQAv2
real_1362.wav,3.5707486,3.9514174,3.860275,3.3535488,3.956909,NISQAv2
fake_656.wav,2.7270463,2.3857918,3.4827387,2.2909744,3.4108136,NISQAv2
fake_2560.wav,3.4310725,3.962833,4.097222,3.140527,3.845823,NISQAv2
real_924.wav,4.496902,3.9287453,4.5767155,4.257091,4.479024,NISQAv2
real_1376.wav,4.151347,4.2854266,4.4172,3.8232553,4.075786,NISQAv2
fake_1069.wav,3.0925846,2.972357,4.0359497,3.4047625,3.6950297,NISQAv2
real_2119.wav,4.3122115,4.2468553,4.2687407,4.1332426,4.2672305,NISQAv2
fake_2206.wav,2.3633618,2.691387,2.5697148,2.3500063,3.387911,NISQAv2
fake_130.wav,2.8964713,3.7980502,3.6409795,2.5883653,3.5708947,NISQAv2
real_1410.wav,4.0406404,3.8960655,4.408899,4.07398,4.2722554,NISQAv2
fake_1727.wav,2.2811635,2.3100717,2.9452994,1.9915859,3.2233577,NISQAv2
real_2131.wav,3.6402748,3.5784943,4.2472014,3.5865157,4.146435,NISQAv2
real_1438.wav,4.0442057,3.2796156,4.354644,4.006509,4.303647,NISQAv2
fake_118.wav,3.7857497,4.209041,4.3120413,3.5434833,4.1611223,NISQAv2
fake_2548.wav,3.3363822,3.7745354,4.0690494,2.8565574,3.72388,NISQAv2
fake_1041.wav,2.7618082,2.409639,4.096229,3.3912504,3.6691601,NISQAv2
fake_1055.wav,3.2030659,2.5581574,4.1245475,3.676627,3.7283278,NISQAv2
real_918.wav,3.5264304,3.437126,3.91905,3.2519276,3.8371203,NISQAv2
fake_1733.wav,2.6726768,2.7805269,3.2949724,2.1885028,3.4387295,NISQAv2
real_2125.wav,3.8123567,4.014478,4.225362,3.5043256,4.059369,NISQAv2
fake_483.wav,2.3226368,1.8995514,3.878161,2.598717,3.2202444,NISQAv2
real_529.wav,3.9621613,3.127669,4.420091,3.939991,4.225182,NISQAv2
real_1809.wav,3.795241,2.5127494,4.3474274,4.1218276,3.9598567,NISQAv2
fake_497.wav,3.3063967,2.3963487,4.255851,3.5955484,4.0110064,NISQAv2
real_515.wav,2.556555,2.497338,2.6628716,3.126157,3.5787895,NISQAv2
real_2496.wav,3.106414,2.5065463,3.4432607,3.2877314,3.1453168,NISQAv2
fake_1280.wav,3.3883278,2.2483776,4.24839,3.5922153,3.821716,NISQAv2
real_273.wav,3.9259984,3.5823355,4.2659054,3.7557807,4.064734,NISQAv2
real_1821.wav,3.4044242,2.4827292,4.3656044,3.6638203,3.7276945,NISQAv2
real_267.wav,3.9023259,3.4852862,4.29803,3.8043647,4.0667434,NISQAv2
real_1835.wav,3.5716386,2.1978095,4.5070405,4.006993,4.0506916,NISQAv2
real_2482.wav,3.7069538,3.1750038,4.2593327,3.3263266,3.592633,NISQAv2
fake_1294.wav,2.1899362,3.0011437,2.9549477,2.7599685,3.2820485,NISQAv2
real_501.wav,4.1441336,3.5954497,4.388144,4.030255,4.3541093,NISQAv2
real_1160.wav,4.320365,3.5758846,4.600919,4.1482077,4.419558,NISQAv2
fake_440.wav,2.7160175,3.1534755,3.8876312,2.0908906,3.4749806,NISQAv2
real_2469.wav,3.4682424,3.7422645,4.1452193,3.6327312,3.0918577,NISQAv2
fake_1519.wav,3.0174694,3.4823003,3.859864,2.6045895,3.645592,NISQAv2
real_1606.wav,4.3006716,4.186533,4.3354635,3.89199,4.204918,NISQAv2
fake_2010.wav,1.8343617,2.051685,2.719118,2.0491345,2.7446,NISQAv2
fake_326.wav,3.091351,3.677899,4.0969253,2.7995815,3.6837482,NISQAv2
real_1612.wav,4.366355,3.783196,4.5715666,4.3200593,4.3952823,NISQAv2
fake_2004.wav,1.5880628,1.8925431,2.771478,2.0823,2.3926485,NISQAv2
fake_332.wav,3.2383893,3.7052333,3.9925134,2.8418272,3.7351933,NISQAv2
real_298.wav,4.4201,4.064959,4.533761,4.1121516,4.429984,NISQAv2
real_1174.wav,3.9558752,3.8096485,4.4368334,3.9539378,4.2835784,NISQAv2
fake_454.wav,2.6396625,3.2853081,3.980717,1.9856203,3.5217102,NISQAv2
real_2455.wav,3.1940558,3.5345047,3.9822626,3.5116384,3.3739412,NISQAv2
fake_1243.wav,3.2580802,2.643702,4.193589,3.331501,3.782893,NISQAv2
real_2333.wav,4.644557,4.392585,4.587678,4.1590867,4.540351,NISQAv2
fake_1525.wav,2.8602793,3.2826564,3.596664,2.4393423,3.474074,NISQAv2
real_2327.wav,4.811227,4.488261,4.7590075,4.414677,4.7114124,NISQAv2
fake_1531.wav,3.4174829,3.3626502,4.0755134,3.1786373,3.9767354,NISQAv2
fake_2038.wav,3.0188487,3.5868037,3.7693808,2.6241927,3.7343452,NISQAv2
fake_468.wav,3.0903842,3.2187338,3.8185084,2.6296425,3.6151955,NISQAv2
real_1148.wav,4.3321085,4.1025214,4.437786,4.197735,4.433461,NISQAv2
real_2441.wav,3.9717767,4.141312,4.0148005,3.7334926,4.242768,NISQAv2
fake_1257.wav,3.2006166,2.632711,4.092116,3.1409943,3.7122855,NISQAv2
fake_291.wav,3.0151222,3.354359,3.8207276,2.4345367,3.6800249,NISQAv2
real_1969.wav,2.7248209,3.0628347,3.4182155,2.4635596,3.3131442,NISQAv2
fake_285.wav,3.2178938,3.6169078,3.9298418,2.8546789,3.7744591,NISQAv2
real_449.wav,4.4284945,3.9491904,4.498091,4.204403,4.390093,NISQAv2
real_461.wav,4.0132103,2.9755538,4.2080355,3.9855366,4.155543,NISQAv2
real_2284.wav,4.5211334,4.285271,4.652897,4.210935,4.5201993,NISQAv2
fake_1492.wav,2.880316,3.3447149,2.5489209,2.4196947,3.4907627,NISQAv2
real_307.wav,4.4071965,4.3013544,4.4361115,3.8587515,4.3930125,NISQAv2
real_1955.wav,3.1466374,3.608732,3.8479083,2.907153,3.5532897,NISQAv2
real_1799.wav,3.3738277,2.3387194,4.0058684,3.8468797,4.060759,NISQAv2
real_313.wav,4.491064,4.3309464,4.606221,4.1940017,4.479475,NISQAv2
real_1941.wav,3.2163823,3.9899657,3.7757533,3.013416,3.495138,NISQAv2
real_2290.wav,4.4501877,4.306948,4.6423664,4.2207894,4.476543,NISQAv2
fake_1486.wav,3.598057,3.6128738,4.0683517,3.3668215,3.9540913,NISQAv2
real_475.wav,4.6854877,4.1318264,4.631918,4.3126836,4.5347724,NISQAv2
real_1014.wav,4.5233684,4.019768,4.603985,4.3523016,4.5452514,NISQAv2
fake_534.wav,3.2892463,2.649642,4.190615,3.3139465,3.9666758,NISQAv2
fake_2602.wav,2.6587684,2.6445863,2.9550555,2.5393164,3.5338638,NISQAv2
real_1772.wav,4.3708935,3.4493103,4.5054207,3.9978797,4.4303217,NISQAv2
fake_2164.wav,2.789293,3.0087311,3.6610909,2.5166337,3.5699139,NISQAv2
fake_252.wav,2.8739195,3.1409268,3.2849488,2.7343242,3.6267564,NISQAv2
real_1766.wav,4.0777535,3.0844455,4.3434505,4.046179,4.358954,NISQAv2
fake_2170.wav,2.353225,3.1242445,2.8265507,2.1455076,3.383518,NISQAv2
fake_246.wav,2.8535824,3.3238685,3.662494,2.514384,3.6039133,NISQAv2
fake_1479.wav,2.4872367,2.8150315,3.3082607,2.2782724,3.1789725,NISQAv2
real_2509.wav,4.497425,4.4888988,4.528423,4.2129683,4.3663936,NISQAv2
real_1000.wav,4.444928,3.8047245,4.5403733,4.3631835,4.471169,NISQAv2
fake_520.wav,3.0832858,2.2995539,4.0070906,3.1355834,3.7294846,NISQAv2
fake_2616.wav,2.648603,2.9428277,3.5708506,2.4224966,3.4279768,NISQAv2
real_2521.wav,4.0746746,4.0329056,4.285433,4.1030746,4.184677,NISQAv2
fake_1337.wav,2.824337,3.6477096,3.3356464,2.5885794,3.5771077,NISQAv2
fake_508.wav,3.2360966,3.0097237,4.1548414,3.405045,3.9371924,NISQAv2
real_1028.wav,3.948878,3.6519375,4.3911095,3.9385974,4.2573266,NISQAv2
real_1996.wav,3.1442401,3.32699,3.6933415,2.856496,3.5489743,NISQAv2
fake_2158.wav,2.9003766,3.6749313,3.9619803,2.9374335,3.768409,NISQAv2
real_2247.wav,4.5788317,4.1355233,4.67746,4.3132205,4.587012,NISQAv2
fake_1451.wav,2.6325583,3.339606,3.5948498,2.3911796,3.3565388,NISQAv2
real_2253.wav,4.440158,3.9686873,4.5791903,4.1188426,4.449289,NISQAv2
fake_1445.wav,3.558892,3.9258087,4.1193643,3.23936,4.0110426,NISQAv2
real_1982.wav,3.3643248,2.7550728,4.0273614,3.175422,3.692475,NISQAv2
real_2535.wav,4.45473,3.9880126,4.4952474,4.252034,4.4696126,NISQAv2
fake_1323.wav,2.933908,3.5340347,3.552088,2.6769423,3.5825346,NISQAv2
fake_1874.wav,3.3771622,3.4496467,4.2076654,3.32072,3.923855,NISQAv2
real_139.wav,3.5937355,4.04949,3.786351,3.1313312,3.9932616,NISQAv2
real_887.wav,2.9863365,2.4082024,4.0794654,3.5191905,3.6420422,NISQAv2
fake_82.wav,3.2272947,3.2803857,4.0867453,2.8095605,3.8033164,NISQAv2
fake_96.wav,2.7703307,3.2906861,3.6455874,2.2674754,3.5947855,NISQAv2
real_893.wav,2.888388,2.2119272,4.212818,3.390396,3.5565207,NISQAv2
fake_939.wav,3.2460277,3.8928618,4.1159525,2.7184436,3.8679278,NISQAv2
fake_1860.wav,3.0748472,3.3224585,3.6758325,2.6852655,3.7039797,NISQAv2
real_105.wav,4.612399,3.8983257,4.5577116,4.438644,4.6255093,NISQAv2
fake_2399.wav,2.7806976,2.577676,4.0253334,3.1748848,3.699382,NISQAv2
fake_1690.wav,2.21593,2.3635194,3.012711,2.0332692,3.199752,NISQAv2
real_2086.wav,4.433423,4.1124873,4.525436,4.154181,4.4863253,NISQAv2
fake_1848.wav,2.9867382,2.1050172,4.1829753,3.357271,3.6268816,NISQAv2
real_46.wav,4.490034,4.0207877,4.557541,4.2655034,4.513624,NISQAv2
fake_911.wav,2.6783345,2.877414,3.6398175,2.6348903,3.349477,NISQAv2
real_663.wav,3.1331477,2.5192325,2.9084191,3.3799624,3.890281,NISQAv2
real_52.wav,4.489134,3.6585588,4.4392037,4.3285575,4.5096545,NISQAv2
real_677.wav,3.9792786,3.3817575,4.170264,3.8813627,4.2166624,NISQAv2
fake_905.wav,3.1258163,3.113438,3.868316,3.255109,3.7019203,NISQAv2
fake_1684.wav,2.6377156,2.270107,3.5870252,2.655822,3.4572623,NISQAv2
real_2092.wav,3.9966679,3.669156,4.20655,4.0379543,4.3000436,NISQAv2
real_111.wav,4.971923,4.5451703,4.6259174,4.4624085,4.48554,NISQAv2
fake_2366.wav,3.3137467,2.888736,4.1400967,2.993605,3.8505409,NISQAv2
real_1570.wav,4.7999544,4.4939666,4.801365,4.533368,4.7380023,NISQAv2
real_2079.wav,4.690254,4.57741,4.677311,4.1766458,4.5632286,NISQAv2
fake_1109.wav,2.436976,3.076031,2.812667,2.3904133,3.3350053,NISQAv2
fake_41.wav,3.0310018,2.3742335,3.7503688,3.0694792,3.5755334,NISQAv2
fake_736.wav,3.3805177,3.6954124,4.0682187,3.0267198,3.873112,NISQAv2
fake_2400.wav,3.403642,2.983819,4.1742086,3.3834186,3.9303987,NISQAv2
real_844.wav,3.550893,2.832351,4.1476736,3.6301732,4.1280847,NISQAv2
real_1216.wav,4.559664,4.0294676,4.587225,4.283236,4.5272985,NISQAv2
real_688.wav,2.9741802,3.6101415,2.5703955,3.180348,3.8919342,NISQAv2
real_850.wav,3.999253,3.2648795,4.21278,4.1553507,4.292625,NISQAv2
fake_722.wav,3.336713,4.016392,4.0003266,2.8580463,3.8320944,NISQAv2
fake_2414.wav,3.0945742,2.7762136,4.1317406,3.1264236,3.771989,NISQAv2
real_1202.wav,4.250559,3.769241,4.308319,3.802244,4.3145795,NISQAv2
fake_55.wav,3.2094016,3.1442497,3.721232,2.904081,3.76393,NISQAv2
fake_2372.wav,3.2500222,3.04397,4.1502213,3.1518931,3.7838252,NISQAv2
real_1564.wav,4.808627,4.613768,4.793504,4.6052747,4.7215104,NISQAv2
fake_1653.wav,3.6929843,3.5690067,4.1516466,3.5716515,3.992664,NISQAv2
real_2045.wav,4.768152,4.5991607,4.759879,4.326024,4.6342463,NISQAv2
real_85.wav,4.532949,4.0938077,4.6033044,4.3324456,4.5639696,NISQAv2
real_878.wav,3.103703,1.9536086,4.2494926,3.6219165,3.796199,NISQAv2
fake_1135.wav,3.3669572,2.9519956,3.943865,3.0317662,3.8170252,NISQAv2
fake_1121.wav,3.0929244,3.0187514,3.8764355,2.705035,3.7828555,NISQAv2
fake_69.wav,2.7171986,2.9459922,3.7033303,2.6887028,3.516054,NISQAv2
real_91.wav,4.6650033,4.330234,4.6574965,4.272161,4.587947,NISQAv2
fake_2428.wav,2.843891,3.476395,3.0528972,2.6702237,3.4732687,NISQAv2
real_1558.wav,3.9249709,3.007684,4.472396,4.234458,4.215093,NISQAv2
fake_1647.wav,3.4486172,3.448063,4.138781,3.649722,3.9963343,NISQAv2
real_2051.wav,4.707915,4.6748743,4.6944413,4.301328,4.572894,NISQAv2
real_1560.wav,4.2844887,3.9132888,4.531476,3.983946,4.3754663,NISQAv2
fake_2376.wav,2.744066,2.714115,3.9084918,2.6462514,3.553742,NISQAv2
real_2069.wav,4.7386227,4.538012,4.7473564,4.4114785,4.6912913,NISQAv2
fake_51.wav,3.0198095,3.0677128,3.8231332,2.7407198,3.788937,NISQAv2
fake_1119.wav,2.7219732,2.8017266,3.2390454,2.3439724,3.6354694,NISQAv2
real_1206.wav,4.5488315,4.065731,4.5934715,4.3806047,4.4915986,NISQAv2
fake_2410.wav,2.7143676,2.4376376,3.9360075,3.2244568,3.6639357,NISQAv2
fake_726.wav,3.4152124,3.819372,4.187904,2.9258978,3.8064277,NISQAv2
real_854.wav,3.3771782,3.015165,3.986312,3.3790977,3.9200978,NISQAv2
real_1212.wav,4.444293,4.2228384,4.4019165,3.99381,4.3039713,NISQAv2
real_840.wav,3.33535,2.365836,4.1880493,3.352144,3.6424167,NISQAv2
fake_2404.wav,3.1701243,2.7126348,4.1132007,3.0468163,3.8113666,NISQAv2
fake_732.wav,3.0918026,3.4874694,3.8957558,2.773774,3.6884856,NISQAv2
real_698.wav,3.7438517,2.874846,3.5324483,3.7601068,3.6741407,NISQAv2
fake_45.wav,3.3523405,3.1532257,3.9784877,3.1366036,3.89574,NISQAv2
real_1574.wav,4.752005,4.6586814,4.801919,4.504759,4.6933546,NISQAv2
fake_2362.wav,3.3823538,3.165363,4.294647,3.448229,3.9296367,NISQAv2
real_2055.wav,3.8098905,3.9942534,4.0850067,3.3508446,4.08639,NISQAv2
fake_1643.wav,2.819716,3.0229523,3.6556313,2.8377159,3.59618,NISQAv2
real_95.wav,4.089226,3.7551188,4.395923,4.148536,4.368052,NISQAv2
real_868.wav,3.2408566,3.1183488,4.278371,3.589554,3.90701,NISQAv2
fake_1125.wav,3.3684008,3.215947,3.8439429,2.8652308,3.8314006,NISQAv2
fake_79.wav,3.1624568,3.3648043,4.011351,2.9369242,3.7875705,NISQAv2
fake_1131.wav,2.6915636,2.859682,3.512251,2.3130696,3.55163,NISQAv2
real_81.wav,4.8052626,4.121092,4.7856145,4.4886146,4.700107,NISQAv2
fake_2438.wav,2.6559894,3.3862188,3.053533,2.3117204,3.3200421,NISQAv2
real_1548.wav,3.69909,3.6216817,4.1113024,3.591088,3.8623312,NISQAv2
real_2041.wav,3.8034108,4.226282,4.192798,3.535779,4.2335086,NISQAv2
fake_1657.wav,3.552921,3.5338748,4.136716,3.4622622,4.0218916,NISQAv2
fake_1864.wav,3.6975522,3.85353,4.1946898,3.2033794,4.010702,NISQAv2
real_129.wav,4.092518,4.297751,4.2898064,3.795389,4.3245173,NISQAv2
real_897.wav,3.3201556,2.85438,4.0510488,3.502159,3.6240199,NISQAv2
fake_92.wav,2.809066,3.3602195,3.768447,2.439667,3.5260897,NISQAv2
fake_86.wav,2.59807,2.8798325,3.5617113,2.396395,3.4331384,NISQAv2
fake_929.wav,3.321622,3.4846323,4.0313115,2.902576,3.8405635,NISQAv2
real_883.wav,3.1819534,2.2278929,4.2149224,3.3682694,3.6807482,NISQAv2
fake_1870.wav,3.5775745,3.582877,4.2465796,3.4241765,3.8271863,NISQAv2
fake_2389.wav,3.2509944,3.2345607,4.0667343,2.8998232,3.7164655,NISQAv2
real_115.wav,4.7484684,4.5160594,4.693918,4.380409,4.6221595,NISQAv2
fake_1858.wav,2.97687,2.2329564,4.1823378,3.3173308,3.7327077,NISQAv2
real_2096.wav,3.842903,3.6047826,4.2948666,3.673831,4.159363,NISQAv2
fake_1680.wav,2.5693567,2.8221617,2.7468362,2.6135976,3.547153,NISQAv2
fake_901.wav,2.8902872,3.179361,3.6220686,2.6477623,3.4832754,NISQAv2
real_673.wav,3.929834,3.3270116,3.8043659,3.8422272,4.1632094,NISQAv2
real_56.wav,4.039201,3.0245378,4.3948255,4.185163,4.1976347,NISQAv2
real_667.wav,4.221405,2.478906,4.48293,4.2602158,4.049433,NISQAv2
fake_915.wav,2.850845,2.6569922,3.8035777,3.0122755,3.4145389,NISQAv2
real_42.wav,4.386037,3.6603281,4.4617867,4.312447,4.5019193,NISQAv2
real_2082.wav,4.625416,4.390848,4.6579323,4.1995435,4.588657,NISQAv2
fake_1694.wav,2.7278938,2.5514028,3.7142127,2.539998,3.6280758,NISQAv2
real_101.wav,4.6308007,4.351997,4.6784334,4.297467,4.629316,NISQAv2
fake_2612.wav,2.100083,2.7358947,2.7926087,2.034318,3.1729255,NISQAv2
fake_524.wav,2.959913,2.2990572,3.7856467,2.9987311,3.636355,NISQAv2
real_1004.wav,3.333593,2.213094,4.1633863,3.6119225,3.1460128,NISQAv2
fake_242.wav,3.0928347,3.4460132,3.9268947,2.8834622,3.7913465,NISQAv2
fake_2174.wav,3.2072728,3.6130788,3.8953114,2.9559505,3.8412588,NISQAv2
real_1762.wav,4.169816,3.4051888,4.4076405,4.0346475,4.397245,NISQAv2
fake_256.wav,3.275257,3.8250608,3.8883145,2.9419367,3.7995026,NISQAv2
fake_2160.wav,2.522627,2.764068,3.732916,2.3312562,3.3563626,NISQAv2
real_1776.wav,4.120629,3.462095,4.486094,3.9485137,4.398348,NISQAv2
fake_1469.wav,2.6412919,3.1975758,3.4642546,2.4580975,3.3140419,NISQAv2
real_2519.wav,4.2507715,4.3933964,4.417501,4.0928,4.323096,NISQAv2
fake_2606.wav,2.590839,2.9402893,2.9416974,2.5400603,3.4180617,NISQAv2
fake_530.wav,2.8544114,2.4068642,3.8006623,2.5823162,3.495962,NISQAv2
real_1010.wav,4.368364,3.6353142,4.4889007,4.228555,4.359718,NISQAv2
fake_1327.wav,3.4132764,3.909219,3.6165776,3.1336296,3.9693315,NISQAv2
real_2531.wav,4.219289,3.4887679,4.6024303,4.2521157,4.3406796,NISQAv2
real_1038.wav,3.8493207,3.7698,4.281436,3.6798477,4.1512847,NISQAv2
fake_518.wav,2.5181677,2.1934204,3.145151,2.4891684,3.1994126,NISQAv2
fake_2148.wav,2.0862248,2.8913448,2.7984302,2.0079668,3.0136943,NISQAv2
real_1986.wav,3.8461754,3.7676055,4.3991594,3.7459517,4.192392,NISQAv2
fake_1441.wav,3.16875,2.4733768,3.9567444,3.0047104,3.789358,NISQAv2
real_2257.wav,4.67661,4.2011266,4.749931,4.377909,4.6217465,NISQAv2
fake_1455.wav,2.9445446,3.551764,3.5923424,2.6483953,3.6746633,NISQAv2
real_2243.wav,4.6141424,4.3209496,4.736518,4.2931933,4.582091,NISQAv2
real_1992.wav,2.9744456,3.408224,3.8693187,2.8903625,3.5944097,NISQAv2
fake_1333.wav,2.852278,3.4635642,3.3368437,2.678978,3.586531,NISQAv2
real_2525.wav,4.32413,4.275992,4.4286084,4.4141393,4.309027,NISQAv2
real_1979.wav,3.7992485,4.1142783,4.341131,3.364175,3.9117815,NISQAv2
fake_281.wav,2.8401573,3.3247678,3.9022758,2.3428352,3.4329345,NISQAv2
fake_295.wav,3.4978433,3.6874926,4.1360703,3.0287912,3.965151,NISQAv2
real_459.wav,4.3267627,3.8707178,4.4025235,4.078217,4.370138,NISQAv2
real_471.wav,4.8067956,4.468224,4.7169924,4.3524003,4.5828648,NISQAv2
fake_1482.wav,2.6730793,3.2386806,3.541938,2.5686162,3.4067008,NISQAv2
real_2294.wav,4.4847755,4.2762494,4.6623096,4.25378,4.495515,NISQAv2
real_1945.wav,3.2350948,3.1525946,3.2238781,2.8626335,3.5997274,NISQAv2
real_317.wav,4.495615,4.1610856,4.6110134,4.149384,4.473972,NISQAv2
real_1951.wav,3.3618839,2.7307804,3.96383,3.3888757,3.740905,NISQAv2
real_303.wav,4.5796375,4.4772134,4.6904926,4.1943483,4.53739,NISQAv2
real_1789.wav,3.4209995,2.347999,4.1152124,3.973846,4.048303,NISQAv2
fake_1496.wav,2.902427,3.1674888,3.5840015,2.7285967,3.5613458,NISQAv2
real_2280.wav,4.5175157,4.081105,4.615544,4.267512,4.489571,NISQAv2
real_465.wav,3.8108625,3.1499271,4.071552,3.714546,4.009357,NISQAv2
fake_450.wav,2.756409,3.1663003,3.8775842,2.3187265,3.527451,NISQAv2
real_1170.wav,4.224347,3.966681,4.4533405,4.117066,4.3187637,NISQAv2
real_2479.wav,3.6323066,3.5713398,4.250415,3.782844,3.8313057,NISQAv2
fake_1509.wav,3.1448858,3.3220851,3.9322004,3.1222727,3.8806882,NISQAv2
fake_336.wav,2.1275618,2.3608077,2.7573068,2.254051,3.0373147,NISQAv2
fake_2000.wav,2.0932693,2.864621,2.539429,1.9977256,2.992882,NISQAv2
real_1616.wav,4.5559373,4.3686314,4.637525,4.3989997,4.4600077,NISQAv2
real_288.wav,4.6144342,4.3746767,4.62336,4.1748357,4.540244,NISQAv2
fake_322.wav,3.4476602,3.7102196,4.044828,3.3303163,3.976319,NISQAv2
fake_2014.wav,1.5220007,1.8367637,2.7983942,1.9876136,2.457435,NISQAv2
real_1602.wav,4.508135,4.275232,4.494747,4.2986493,4.4665847,NISQAv2
fake_444.wav,2.9272845,3.287527,3.7963343,2.8203201,3.5723777,NISQAv2
real_1164.wav,3.7977083,3.8170638,4.0943475,3.7919276,4.019887,NISQAv2
fake_1253.wav,3.3411214,2.7080429,4.15621,3.318332,3.6784885,NISQAv2
real_2445.wav,4.0754848,3.9857724,4.2911882,4.0064235,4.062868,NISQAv2
fake_1535.wav,2.9253743,3.322875,3.7788599,2.7307847,3.628687,NISQAv2
real_2323.wav,4.7653766,4.444364,4.7198358,4.3306584,4.661892,NISQAv2
fake_1521.wav,2.782592,3.010158,3.433869,2.5016558,3.4207232,NISQAv2
real_2337.wav,4.5965395,4.332955,4.5489044,4.157307,4.515571,NISQAv2
fake_2028.wav,1.5900781,1.8464746,2.7261786,1.8433175,2.458626,NISQAv2
real_1158.wav,4.2375145,4.018074,4.4161177,4.21345,4.3355184,NISQAv2
fake_478.wav,2.9408765,3.2519941,3.8888977,2.4704556,3.7812865,NISQAv2
fake_1247.wav,3.3098955,2.653096,4.1703453,3.4629762,3.75827,NISQAv2
real_2451.wav,3.254463,3.1592531,4.0689178,3.5127263,3.3944285,NISQAv2
real_539.wav,4.0702543,3.228228,4.3224506,4.121589,4.1583314,NISQAv2
fake_493.wav,2.6840315,2.212067,4.017558,2.936721,3.5439544,NISQAv2
real_1819.wav,4.016541,3.1444845,4.5013957,4.111911,4.2208333,NISQAv2
fake_487.wav,2.3047357,2.1271389,3.8843672,2.2865007,3.0293975,NISQAv2
real_505.wav,4.43758,3.9945126,4.4765177,4.0797467,4.3963733,NISQAv2
fake_1290.wav,2.3295176,3.0270164,2.924621,2.3948858,3.2616355,NISQAv2
real_2486.wav,2.6779692,3.2443886,3.3706028,3.020219,2.4596102,NISQAv2
real_1831.wav,3.7353425,2.244804,4.520541,4.102656,4.0857077,NISQAv2
real_263.wav,4.1119285,4.043404,4.408823,3.8342917,4.256215,NISQAv2
real_1825.wav,3.3944485,2.2753127,4.556183,4.1598177,4.1088424,NISQAv2
real_277.wav,4.5347185,4.3481183,4.6533756,4.201822,4.446238,NISQAv2
fake_1284.wav,2.1348035,3.150029,2.757414,2.379792,3.3039253,NISQAv2
real_2492.wav,3.3832858,3.1200917,4.066523,3.715233,3.942265,NISQAv2
real_511.wav,3.5285316,3.0488076,3.1241508,3.9479887,3.3979504,NISQAv2
real_1414.wav,4.3728323,3.9277017,4.571535,4.2312436,4.409266,NISQAv2
fake_134.wav,2.354973,3.0733228,3.3127933,2.5476868,3.4911582,NISQAv2
fake_2202.wav,2.6684945,2.821003,3.5117548,2.3516264,3.5246403,NISQAv2
real_1372.wav,4.1174536,4.024717,4.186235,3.8346221,4.1214466,NISQAv2
real_920.wav,4.843109,4.5303435,4.77999,4.4776397,4.691891,NISQAv2
fake_2564.wav,3.0043495,2.4689767,4.074869,3.2844703,3.707917,NISQAv2
fake_652.wav,3.1708882,2.461385,3.8199985,3.4015934,3.5332341,NISQAv2
real_1366.wav,4.3594284,4.250509,4.46564,4.328357,4.4370337,NISQAv2
fake_2570.wav,2.5626862,2.5351856,3.4190273,2.3739595,3.394954,NISQAv2
fake_646.wav,2.2443526,2.2683203,2.582004,2.2066536,2.7699716,NISQAv2
real_934.wav,4.564507,4.411412,4.576103,4.2542152,4.5105247,NISQAv2
fake_1079.wav,2.7971623,2.9770424,3.6864738,2.616948,3.438862,NISQAv2
real_2109.wav,3.765374,3.898597,4.266077,3.6157057,4.122624,NISQAv2
real_1400.wav,4.472058,4.1994824,4.5322313,4.1404104,4.4134383,NISQAv2
fake_120.wav,3.461149,3.8827264,4.1633644,3.4930236,4.107069,NISQAv2
fake_2216.wav,2.7460172,2.6380594,3.7592084,2.5955665,3.3779,NISQAv2
real_2121.wav,4.01479,4.1478057,4.318798,3.6823657,4.2478127,NISQAv2
fake_1737.wav,2.362303,2.4358642,3.3502684,2.4610727,3.3677685,NISQAv2
fake_108.wav,3.1475017,3.3419268,4.161062,2.9158165,3.678473,NISQAv2
real_1428.wav,4.270054,2.8843822,4.416499,4.208286,4.4242444,NISQAv2
fake_2558.wav,2.8394454,3.4615927,3.302612,2.2300003,3.5056264,NISQAv2
fake_1051.wav,3.249315,3.0945032,4.0085692,3.3784993,3.748966,NISQAv2
fake_1045.wav,3.1780825,2.8221467,4.035294,3.4777684,3.6828296,NISQAv2
real_908.wav,3.462475,3.4082189,4.0850277,3.2657616,3.9032166,NISQAv2
real_2135.wav,4.2411623,4.419217,4.626669,3.7624662,4.231631,NISQAv2
fake_1723.wav,2.2626402,1.9331138,3.2252104,2.326893,3.386099,NISQAv2
fake_1910.wav,2.6225352,2.2880242,3.721708,2.5473812,3.470631,NISQAv2
fake_691.wav,2.4423053,2.2389884,3.1720698,2.419319,3.3894045,NISQAv2
fake_849.wav,2.3669183,2.3856933,3.9823055,2.6254323,3.2977316,NISQAv2
fake_685.wav,3.0990736,2.331021,3.4141848,2.956102,3.7434583,NISQAv2
fake_1904.wav,3.7237048,3.202987,4.5172434,3.7516134,4.0882325,NISQAv2
fake_1092.wav,2.8014698,2.982333,3.7178082,2.5726168,3.3802102,NISQAv2
real_707.wav,4.376293,4.3101163,4.536746,4.0705247,4.478376,NISQAv2
fake_875.wav,2.0268123,1.9454055,2.3459175,2.2676256,2.891661,NISQAv2
real_1399.wav,4.303687,4.104672,4.4253654,4.0238075,4.20731,NISQAv2
fake_861.wav,2.5132432,2.4789991,3.680649,2.2124481,3.2619286,NISQAv2
real_713.wav,4.565348,4.333347,4.617343,4.270316,4.5282407,NISQAv2
fake_1086.wav,2.5385897,2.896661,3.4116151,2.251138,3.282706,NISQAv2
fake_1938.wav,3.0870974,3.6889226,3.603634,2.6046827,3.6785219,NISQAv2
fake_1087.wav,2.5309317,2.6219795,3.3821406,2.362617,3.3756506,NISQAv2
real_712.wav,4.5165434,4.5317,4.6496086,4.2236686,4.5502157,NISQAv2
fake_860.wav,2.3590727,2.1323454,3.7288258,2.3936229,3.2740178,NISQAv2
real_1398.wav,4.459063,3.9027224,4.4997454,4.095761,4.3833585,NISQAv2
fake_1939.wav,3.3823814,3.783752,3.9940238,2.7425778,3.8305483,NISQAv2
fake_874.wav,2.559295,2.0057988,3.6794128,2.7993586,3.192263,NISQAv2
real_706.wav,4.5059233,4.42597,4.694172,4.272012,4.49089,NISQAv2
fake_1093.wav,2.5886362,2.6411963,3.4763496,2.3856804,3.3444057,NISQAv2
fake_684.wav,2.4269621,2.260559,2.3295968,2.7058427,3.432117,NISQAv2
fake_1905.wav,2.8571844,3.5974119,3.9256158,2.6160877,3.6005073,NISQAv2
fake_1911.wav,2.7207315,3.0082214,3.0663216,2.2773654,3.36765,NISQAv2
fake_848.wav,2.5397437,2.281801,3.8223839,2.5329955,3.4363158,NISQAv2
fake_690.wav,2.8642466,2.5692337,3.3521974,2.4583542,3.5660846,NISQAv2
real_909.wav,3.6922035,3.912096,4.2984514,3.7206306,4.049167,NISQAv2
fake_1044.wav,3.297629,2.7820754,4.1721153,3.5753963,3.7706347,NISQAv2
fake_1722.wav,2.7149742,2.3672838,3.593004,2.889164,3.5307238,NISQAv2
real_2134.wav,3.5811374,4.090511,4.1697826,3.4180207,4.0854545,NISQAv2
real_1429.wav,4.005942,2.6185,4.218768,3.9853542,4.278289,NISQAv2
fake_109.wav,2.9398496,3.6269248,3.6281018,2.9395266,3.8111095,NISQAv2
fake_1736.wav,2.2465482,2.3035452,3.0616715,2.2940054,3.3447425,NISQAv2
real_2120.wav,4.3687763,4.392615,4.5664845,4.035662,4.455337,NISQAv2
fake_1050.wav,2.7386425,2.6117887,3.8347855,2.9337206,3.5023549,NISQAv2
fake_2559.wav,3.2905452,3.691499,3.8998017,3.1653564,3.7585876,NISQAv2
fake_1078.wav,3.0403817,3.1785321,3.9805744,2.8664112,3.546909,NISQAv2
real_935.wav,4.5977583,4.500979,4.6586876,4.315944,4.5713944,NISQAv2
fake_647.wav,3.1839082,3.174735,3.761403,2.781266,3.153095,NISQAv2
fake_2571.wav,2.7450325,2.4938827,3.4840364,2.5080726,3.4847739,NISQAv2
real_1367.wav,4.5479994,4.329619,4.5557194,4.1895423,4.4690576,NISQAv2
fake_2217.wav,2.7918727,2.808017,3.879615,2.8285651,3.7064257,NISQAv2
fake_121.wav,2.6337888,3.7290704,3.5271835,2.5088105,3.4919474,NISQAv2
real_1401.wav,4.352356,4.1735253,4.5185623,3.9456666,4.285477,NISQAv2
real_2108.wav,3.7576206,3.8419888,4.1707673,3.4720416,4.017712,NISQAv2
fake_2203.wav,2.8043773,2.8897526,3.30462,2.4323595,3.5560863,NISQAv2
fake_135.wav,2.5571077,3.432038,3.313628,2.3791053,3.656027,NISQAv2
real_1415.wav,4.3385,3.8711016,4.550458,4.1931853,4.4100084,NISQAv2
fake_653.wav,2.4293306,2.3262494,2.6187737,2.1132998,3.216971,NISQAv2
fake_2565.wav,2.660997,2.4742439,4.0064955,2.7443006,3.4962473,NISQAv2
real_921.wav,4.7941785,4.2390814,4.7972517,4.405536,4.672342,NISQAv2
real_1373.wav,4.2873163,4.0736823,4.206751,3.9097006,4.184577,NISQAv2
real_276.wav,4.7709713,4.4492674,4.7933292,4.3882737,4.6006436,NISQAv2
real_1824.wav,4.025434,3.3267457,4.3661847,4.0970755,4.266807,NISQAv2
real_510.wav,3.8241293,2.2548335,4.384151,4.044864,4.220081,NISQAv2
real_2493.wav,3.5533035,2.9201348,4.1476736,3.67718,3.9441595,NISQAv2
fake_1285.wav,2.8215554,3.6884987,3.1910038,2.551418,3.392901,NISQAv2
real_2487.wav,3.2059758,2.5707757,4.1615524,3.7102501,3.6585972,NISQAv2
fake_1291.wav,2.3053524,3.3555896,2.5832765,2.639072,3.3156636,NISQAv2
real_504.wav,4.7272124,4.425033,4.6593347,4.363049,4.5687037,NISQAv2
real_262.wav,4.546759,4.373415,4.6683393,4.209368,4.5241227,NISQAv2
real_1830.wav,3.8336995,2.4565177,4.41953,4.0666757,4.196977,NISQAv2
real_1818.wav,3.4093325,2.3896384,4.4543753,3.5239067,3.4793599,NISQAv2
fake_486.wav,3.3099523,1.861897,4.312431,3.7168953,3.9449477,NISQAv2
fake_492.wav,2.9064157,3.1873968,3.8967817,2.6661577,3.6788309,NISQAv2
real_538.wav,4.0669694,3.0086143,4.385595,4.095371,4.2520423,NISQAv2
fake_2029.wav,2.4028852,2.8162053,3.495819,2.2730598,3.3236263,NISQAv2
real_2336.wav,4.9036455,4.5194964,4.8183365,4.4572864,4.709311,NISQAv2
fake_1520.wav,2.5670335,3.1398418,2.7910106,2.5203848,3.3667939,NISQAv2
real_2450.wav,3.5076623,3.1914113,4.288372,3.8516493,3.900427,NISQAv2
fake_1246.wav,3.580601,2.5840027,4.3318076,3.6827145,3.9228148,NISQAv2
fake_479.wav,2.8910165,3.2050462,3.9732604,2.857669,3.6530151,NISQAv2
real_1159.wav,4.3522944,4.151537,4.4751854,4.2168994,4.4442916,NISQAv2
real_2444.wav,3.9281754,3.8432312,4.082012,3.8039894,4.04863,NISQAv2
fake_1252.wav,3.5707753,2.9642982,4.1661663,3.2589328,3.8276296,NISQAv2
real_2322.wav,4.755021,4.460758,4.7127,4.3604856,4.6407595,NISQAv2
fake_1534.wav,2.6349208,3.0615227,3.380778,2.5588033,3.3590338,NISQAv2
real_1603.wav,4.457551,4.1340985,4.540101,4.3830304,4.5319433,NISQAv2
fake_2015.wav,1.5265657,1.8185555,3.0679286,2.0344791,2.4004893,NISQAv2
fake_323.wav,3.2824485,3.7663586,4.02753,2.865855,3.7800152,NISQAv2
real_289.wav,4.563566,4.3824797,4.6089497,4.2045074,4.50996,NISQAv2
real_1165.wav,3.6894255,3.8454726,3.8954918,3.3366935,4.0937095,NISQAv2
fake_445.wav,3.6384313,3.6183007,3.9594123,3.178824,3.9195259,NISQAv2
real_2478.wav,3.232214,2.6118233,4.118707,3.849741,3.7991598,NISQAv2
real_1171.wav,4.1532207,3.9166923,4.416648,4.034974,4.3205886,NISQAv2
fake_451.wav,2.75381,3.0700746,3.9554224,2.3724525,3.516857,NISQAv2
real_1617.wav,4.5394983,4.356001,4.691397,4.360876,4.4461255,NISQAv2
fake_2001.wav,1.8921493,2.0531676,3.1256468,2.0159795,2.607216,NISQAv2
fake_337.wav,2.536911,2.2736254,3.5300984,2.9159672,3.425619,NISQAv2
fake_1508.wav,2.8035913,3.4070728,3.6583188,2.5713518,3.5038016,NISQAv2
real_2281.wav,4.4818907,4.1789575,4.6542363,4.229159,4.479962,NISQAv2
fake_1497.wav,2.9957445,3.2741032,3.7673814,2.9549835,3.5404904,NISQAv2
real_1788.wav,3.5950172,2.060204,4.5570173,4.023468,4.201262,NISQAv2
real_302.wav,4.5901856,4.2755766,4.7311053,4.205696,4.5305443,NISQAv2
real_1950.wav,4.234472,4.175775,4.4691296,3.7173321,4.155999,NISQAv2
real_464.wav,4.4174137,3.4900267,4.6183662,4.220287,4.3857384,NISQAv2
real_470.wav,4.6192436,4.3594003,4.5759096,4.2049775,4.4971914,NISQAv2
real_316.wav,4.567332,4.292268,4.656658,4.1555448,4.5071797,NISQAv2
real_1944.wav,4.52897,4.051046,4.459211,4.088068,4.431526,NISQAv2
real_2295.wav,4.5017,4.2363954,4.697992,4.308394,4.5126953,NISQAv2
fake_1483.wav,2.5286953,2.8593116,2.9037273,2.3588157,3.5086646,NISQAv2
fake_294.wav,3.14537,3.436046,3.9496076,2.7569726,3.6903508,NISQAv2
real_458.wav,3.8765938,3.0709643,4.1381207,3.8856964,4.1837554,NISQAv2
fake_280.wav,3.04467,3.7732708,3.567625,2.478532,3.636256,NISQAv2
real_1978.wav,3.4244854,3.8716571,3.961065,3.1641567,3.799353,NISQAv2
real_1993.wav,3.495047,3.741135,4.1488967,3.232966,3.9080667,NISQAv2
real_2242.wav,4.5923567,4.2533355,4.707221,4.375776,4.613237,NISQAv2
fake_1454.wav,2.2570946,2.8944557,2.5729206,2.3140652,3.3831084,NISQAv2
real_2524.wav,4.362818,4.2549257,4.3881426,4.022597,4.4045234,NISQAv2
fake_1332.wav,2.8166087,3.4606528,3.4702995,2.6471386,3.5820448,NISQAv2
fake_519.wav,3.0722978,2.356163,4.056526,3.0473456,3.6098459,NISQAv2
real_1039.wav,4.1771965,3.4065428,4.4939976,4.1188383,4.5035214,NISQAv2
real_2530.wav,4.497884,4.2944055,4.5489454,4.235644,4.4537177,NISQAv2
fake_1326.wav,3.1189988,3.6142871,3.849709,2.8701723,3.7994237,NISQAv2
real_2256.wav,4.5997486,4.1619267,4.697074,4.304117,4.5831923,NISQAv2
fake_1440.wav,2.989704,2.470596,3.9913518,3.0083928,3.7353866,NISQAv2
real_1987.wav,3.079651,3.5691023,3.9622557,2.74737,3.647085,NISQAv2
fake_2149.wav,2.9197237,3.5888958,3.797364,2.9607832,3.698827,NISQAv2
fake_1468.wav,2.8814895,3.2337923,3.578832,2.6419322,3.484845,NISQAv2
real_1777.wav,4.1793656,4.193912,4.525465,4.0430994,4.383442,NISQAv2
fake_2161.wav,2.7914777,3.3376615,3.6396472,2.3298576,3.590946,NISQAv2
fake_257.wav,3.0081186,3.5051563,3.8910902,2.9065392,3.7140448,NISQAv2
real_1011.wav,4.307909,2.8061943,4.432452,4.1933184,4.2865524,NISQAv2
fake_531.wav,3.3736403,2.3671515,4.126416,3.1174214,3.8723545,NISQAv2
fake_2607.wav,3.0449588,3.28655,3.7606168,2.9007604,3.696977,NISQAv2
real_2518.wav,4.3626566,4.2770543,4.458729,4.2950444,4.4290905,NISQAv2
real_1005.wav,4.0647373,2.7496805,4.305613,4.1606674,4.111595,NISQAv2
fake_525.wav,3.2848256,2.5158792,4.128039,3.3002262,3.9184697,NISQAv2
fake_2613.wav,3.291342,3.5247488,3.8084865,3.012029,3.8647225,NISQAv2
real_1763.wav,4.020847,3.0665662,4.227141,3.9474196,4.355615,NISQAv2
fake_2175.wav,2.451833,3.2318442,2.734164,2.5819561,3.5488276,NISQAv2
fake_243.wav,2.888974,3.3920596,4.1460285,2.3102846,3.6764405,NISQAv2
real_43.wav,4.3470926,3.587067,4.501338,4.172786,4.3973126,NISQAv2
fake_914.wav,2.8788981,2.8264534,3.6947286,3.020969,3.477682,NISQAv2
real_666.wav,3.3378577,3.2460768,3.0838847,3.47515,4.0818424,NISQAv2
real_100.wav,4.4089794,4.3125916,4.5278196,3.9753432,4.470359,NISQAv2
fake_1695.wav,2.4040759,2.5144715,3.4050395,2.358828,3.362868,NISQAv2
real_2083.wav,4.619859,4.597681,4.7720184,4.3808036,4.6367497,NISQAv2
fake_1681.wav,2.4382925,2.1634288,3.5399983,2.699454,3.2125168,NISQAv2
real_2097.wav,3.5523736,3.5676806,4.1167026,3.5051372,3.9675505,NISQAv2
fake_1859.wav,2.9532835,2.043109,4.192853,3.3455539,3.5417912,NISQAv2
real_114.wav,2.6428223,3.6816976,1.9748259,2.7933228,3.6186626,NISQAv2
fake_2388.wav,3.1285233,2.9039636,4.4835424,3.570146,3.8882196,NISQAv2
real_57.wav,4.337286,3.3152244,4.399084,4.2757792,4.4590683,NISQAv2
real_672.wav,3.5286405,2.8522694,3.5376737,3.5061243,3.9611454,NISQAv2
fake_900.wav,2.4979918,2.9872632,2.7997916,2.3321936,3.2476814,NISQAv2
real_882.wav,2.973562,2.003882,4.2062974,3.7085607,3.7523384,NISQAv2
fake_928.wav,3.140257,3.401579,3.8147829,2.6678116,3.809767,NISQAv2
fake_87.wav,3.120456,3.0828636,4.0940833,3.131121,3.7541237,NISQAv2
fake_1871.wav,3.0505438,2.9555326,3.6599817,2.998565,3.7980285,NISQAv2
real_128.wav,4.4994946,4.490798,4.557116,4.2137413,4.54515,NISQAv2
fake_1865.wav,2.7795537,3.4806645,3.248491,2.4521747,3.5868614,NISQAv2
fake_93.wav,2.617269,3.0744488,3.7436016,2.5830734,3.4851055,NISQAv2
real_896.wav,2.984216,2.1961107,4.136883,3.514754,3.7032554,NISQAv2
fake_2439.wav,2.516273,3.1591504,2.469385,2.3733494,3.2834916,NISQAv2
real_80.wav,4.2231884,4.056673,4.44034,3.8625157,4.366657,NISQAv2
fake_1130.wav,2.8671784,2.9789956,3.6508446,2.5011008,3.653548,NISQAv2
fake_78.wav,2.3935363,2.8198812,3.474885,2.052098,3.262554,NISQAv2
fake_1656.wav,2.9124718,3.2573497,3.7937922,3.162676,3.835375,NISQAv2
real_2040.wav,4.512947,4.3634458,4.5778513,4.033302,4.4731226,NISQAv2
real_1549.wav,3.7125723,3.3949592,4.2281504,3.7288113,3.945974,NISQAv2
fake_1642.wav,3.1863263,3.1988015,3.7726357,3.205315,3.8291807,NISQAv2
real_2054.wav,4.765912,4.6126733,4.7902546,4.4313912,4.6251225,NISQAv2
fake_1124.wav,3.127025,3.0518615,3.7982113,2.6761,3.6649773,NISQAv2
real_869.wav,3.3833945,3.343905,3.419888,3.296089,3.9433267,NISQAv2
real_94.wav,4.2083054,3.8048484,4.2792397,4.116652,4.3271136,NISQAv2
fake_44.wav,3.1771133,3.1398032,3.8151886,3.0719202,3.800912,NISQAv2
real_699.wav,4.3133163,3.194721,4.4830537,4.1678677,4.293307,NISQAv2
fake_733.wav,3.8662908,4.01473,4.217921,3.312957,4.1591115,NISQAv2
fake_2405.wav,3.2583477,2.575424,4.1199102,3.2970614,3.844956,NISQAv2
real_841.wav,3.798436,3.1461608,4.380887,4.013258,4.233931,NISQAv2
real_1213.wav,4.469619,3.8622658,4.620912,4.155459,4.2734346,NISQAv2
fake_2363.wav,2.9046853,2.422629,4.080583,2.9363341,3.6181352,NISQAv2
real_1575.wav,4.4908442,4.417969,4.6230927,4.2787385,4.4982724,NISQAv2
real_2068.wav,4.427328,4.450129,4.5140343,4.0643106,4.4640574,NISQAv2
fake_2377.wav,3.6023593,2.7822702,4.206213,3.5365493,4.10391,NISQAv2
real_1561.wav,3.7239397,3.4664204,4.051447,3.7006447,4.09854,NISQAv2
real_855.wav,3.8359654,3.1033359,4.1115704,3.8288534,4.1408114,NISQAv2
fake_727.wav,3.5704062,3.992068,4.214366,3.1943927,3.9302807,NISQAv2
fake_2411.wav,3.308164,2.777034,4.1244636,3.351562,3.927416,NISQAv2
real_1207.wav,4.111905,3.8400848,4.2941766,3.9597168,4.3329024,NISQAv2
fake_1118.wav,2.9433987,2.9398596,3.427327,2.5838454,3.6456723,NISQAv2
fake_50.wav,3.353525,3.2103503,4.0388784,3.2383912,3.9582458,NISQAv2
fake_1668.wav,3.2242177,3.2467904,3.8505175,3.1938825,3.8850188,NISQAv2
fake_2361.wav,3.7130184,3.1093156,4.3660173,3.6099677,4.0846596,NISQAv2
real_1577.wav,4.5412073,4.416303,4.5764527,4.4087014,4.5480084,NISQAv2
real_843.wav,4.235157,3.3130033,4.4088364,4.053539,4.3621697,NISQAv2
fake_731.wav,3.0965059,3.745646,3.6605988,2.7666726,3.7012932,NISQAv2
fake_2407.wav,3.115564,2.6651652,4.115097,3.2593312,3.7906735,NISQAv2
real_1211.wav,4.458495,4.339938,4.530056,4.4128413,4.4464946,NISQAv2
fake_46.wav,3.5569265,3.4214432,4.1941595,3.3987176,4.03645,NISQAv2
fake_52.wav,3.4148383,2.8399866,4.081215,3.3858645,3.9771988,NISQAv2
fake_725.wav,2.98262,3.639513,4.0073376,2.9148576,3.6875377,NISQAv2
fake_2413.wav,3.0952072,2.7846463,3.913777,2.9461052,3.748625,NISQAv2
real_857.wav,3.6752875,3.012962,4.356837,4.0146627,4.305055,NISQAv2
real_1205.wav,4.3358574,4.014983,4.411522,4.061369,4.402875,NISQAv2
fake_2375.wav,3.183453,3.0416386,4.19737,3.4193788,3.8772538,NISQAv2
real_1563.wav,4.2562733,3.4157536,4.45794,3.9379861,4.33679,NISQAv2
fake_1654.wav,3.0767114,3.1955504,3.814152,2.9304116,3.7028625,NISQAv2
real_2042.wav,4.3406444,4.389421,4.449606,3.633538,4.360459,NISQAv2
fake_1132.wav,3.1137066,3.1789787,3.9267437,2.442193,3.8392932,NISQAv2
real_82.wav,4.676073,4.2994604,4.731388,4.3876843,4.5998197,NISQAv2
real_96.wav,4.5968585,4.283299,4.636726,4.320457,4.6136394,NISQAv2
real_1239.wav,3.5880344,2.7722366,4.178322,3.5959828,3.9543622,NISQAv2
fake_719.wav,3.7939665,4.0235476,4.323222,3.3945189,4.191527,NISQAv2
fake_1126.wav,2.838834,3.1684067,3.3355706,2.5409868,3.6617377,NISQAv2
fake_1640.wav,2.6524503,2.8274739,3.106238,2.4450347,3.3389328,NISQAv2
real_2056.wav,4.6666183,4.6654835,4.6855955,4.25399,4.553493,NISQAv2
fake_1898.wav,3.2362335,3.2158787,3.9766731,3.1357815,3.7936785,NISQAv2
fake_2349.wav,2.9138105,3.5153198,3.5886593,2.4270215,3.5819285,NISQAv2
fake_1873.wav,3.385155,3.1575963,4.0797753,3.1951945,3.9342813,NISQAv2
fake_85.wav,2.8279207,3.1284459,3.8426306,2.5510292,3.5941799,NISQAv2
real_658.wav,3.9265387,3.576841,4.1174936,3.9256911,4.1203103,NISQAv2
real_880.wav,3.1121485,2.2408926,4.1466064,3.535473,3.701349,NISQAv2
real_69.wav,4.2326107,3.7424204,4.4628243,4.174686,4.4553943,NISQAv2
real_894.wav,2.9681723,2.0409153,4.2510138,3.5822537,3.6644664,NISQAv2
fake_91.wav,3.0767272,3.3015342,4.003119,2.8075163,3.7504163,NISQAv2
fake_1867.wav,3.1462195,3.5303006,3.6323764,2.7777736,3.7498198,NISQAv2
fake_1697.wav,2.2654316,2.5198054,3.4147456,2.2871196,3.4107199,NISQAv2
real_2081.wav,4.659404,4.2288966,4.659507,4.2493258,4.6082973,NISQAv2
real_1588.wav,4.750401,4.5651317,4.80433,4.548353,4.7054954,NISQAv2
real_102.wav,4.82773,4.2612042,4.76581,4.5171933,4.7161283,NISQAv2
real_664.wav,2.0802395,3.1048057,1.8137045,2.4648006,3.1700826,NISQAv2
fake_916.wav,2.730533,2.9302964,3.6295097,2.5669656,3.424261,NISQAv2
real_41.wav,3.9025152,3.106148,4.306231,3.8802803,4.1867766,NISQAv2
fake_902.wav,3.3044336,3.426336,3.9176185,3.1904714,3.674545,NISQAv2
real_670.wav,3.3103676,3.4986084,3.1695988,3.317715,3.638295,NISQAv2
real_55.wav,4.492958,3.9846478,4.529356,4.173627,4.4613023,NISQAv2
real_116.wav,4.7820516,4.5601306,4.585159,4.439537,4.6317973,NISQAv2
fake_1683.wav,2.4026473,2.2033565,3.3747852,2.460261,3.442232,NISQAv2
real_2095.wav,3.728986,3.9199471,4.352606,3.4654486,4.0932097,NISQAv2
real_499.wav,3.511628,2.8136404,4.13558,3.6147575,4.0227904,NISQAv2
real_1013.wav,4.48845,4.1113477,4.60482,4.3813386,4.5002413,NISQAv2
fake_533.wav,3.2378645,2.4122937,4.1861777,3.0966759,3.8039806,NISQAv2
fake_2605.wav,2.6047387,2.3584695,3.5692387,2.4834533,3.260852,NISQAv2
real_1775.wav,3.860267,3.1600978,4.3043547,3.634193,4.2602143,NISQAv2
fake_2163.wav,2.9872768,3.3515048,3.8085382,2.6363878,3.6330106,NISQAv2
fake_255.wav,2.7089276,3.0781753,3.7142134,2.430992,3.5098672,NISQAv2
real_2268.wav,4.456049,4.072482,4.6751633,4.2541885,4.541359,NISQAv2
real_1761.wav,3.9959795,2.9965053,4.4056206,4.061103,4.339727,NISQAv2
fake_2177.wav,2.4410684,3.0952568,3.0106199,2.1416752,3.3620732,NISQAv2
fake_241.wav,3.2669523,3.5340784,3.8377645,2.8866532,3.7726202,NISQAv2
real_1007.wav,4.187113,2.992624,4.374712,4.146527,4.32891,NISQAv2
fake_527.wav,2.5099518,2.1920094,2.793048,2.4550536,3.3460336,NISQAv2
fake_2611.wav,2.8970835,2.8007133,3.8955963,2.7625895,3.6136358,NISQAv2
fake_1318.wav,3.4778187,3.9139166,3.438241,3.0454218,3.8856022,NISQAv2
real_2526.wav,4.4179573,4.0464478,4.424785,4.0827975,4.359031,NISQAv2
fake_1330.wav,2.5585623,3.3916945,3.5913208,2.6478767,2.578245,NISQAv2
real_2240.wav,4.6438413,4.3248615,4.743136,4.456876,4.629984,NISQAv2
fake_1456.wav,2.9568343,2.9425895,3.779104,2.7036078,3.6586685,NISQAv2
fake_269.wav,2.7012422,2.7641594,3.8936274,2.7678363,3.5489063,NISQAv2
real_1749.wav,4.299671,3.06694,4.474737,4.2305903,4.4304447,NISQAv2
real_1991.wav,3.7067595,3.6108205,4.4001975,3.9291103,4.0753813,NISQAv2
real_1985.wav,3.2450335,3.488114,3.7696624,2.8661184,3.594989,NISQAv2
real_2254.wav,4.6140823,4.1641545,4.67698,4.3394294,4.6125884,NISQAv2
fake_1442.wav,2.4673936,2.6405263,3.093621,2.2927759,3.3356092,NISQAv2
real_2532.wav,4.6492653,4.42431,4.7339354,4.4409184,4.5404754,NISQAv2
fake_1324.wav,3.1088536,3.952319,3.760926,2.9106646,3.4274173,NISQAv2
fake_296.wav,3.350881,3.697758,4.117433,2.9189878,3.8307736,NISQAv2
real_328.wav,4.418772,4.2535377,4.601801,4.1114163,4.407555,NISQAv2
fake_282.wav,2.894696,3.6557782,3.5588112,2.3124206,3.5334322,NISQAv2
real_466.wav,4.4772334,4.271492,4.43277,3.99529,4.3808236,NISQAv2
real_300.wav,4.501775,4.2897,4.699364,4.172151,4.4784493,NISQAv2
real_1952.wav,3.081216,3.1304052,3.94149,2.9026334,3.512115,NISQAv2
real_2283.wav,4.5246363,4.160191,4.6564927,4.2671657,4.5200505,NISQAv2
fake_1495.wav,2.5982077,3.1911333,3.3959246,2.409181,3.4556494,NISQAv2
real_2297.wav,4.444309,4.155583,4.6042385,4.163322,4.4698544,NISQAv2
fake_1481.wav,2.7984593,3.3502347,3.6145942,2.6860561,3.4179072,NISQAv2
real_314.wav,4.7653446,4.4916883,4.824833,4.3675675,4.582042,NISQAv2
real_1946.wav,4.5575447,4.447268,4.5943327,4.0663834,4.32857,NISQAv2
fake_2188.wav,2.547992,2.8653631,2.9675062,2.3160703,3.4035523,NISQAv2
real_472.wav,4.8047338,3.9686701,4.728756,4.3856826,4.543718,NISQAv2
fake_1278.wav,2.9011133,2.3402536,4.0735464,2.8253229,3.1129644,NISQAv2
real_1167.wav,3.593587,3.6015499,3.5744967,3.1512969,3.8511727,NISQAv2
fake_447.wav,2.6079807,2.6385863,3.3224185,2.3873878,3.5981872,NISQAv2
real_1601.wav,4.442123,4.491858,4.643471,4.333428,4.483751,NISQAv2
fake_2017.wav,1.5467314,1.6764411,2.723964,1.8747637,2.3602366,NISQAv2
fake_321.wav,2.7748137,3.562732,3.6599126,2.1585844,3.4319658,NISQAv2
real_2308.wav,4.6077833,4.3319235,4.6963882,4.303144,4.5580153,NISQAv2
real_1615.wav,4.4381046,4.297565,4.6248894,4.3384213,4.483533,NISQAv2
fake_2003.wav,2.1160815,2.2943645,3.250888,2.3010375,2.7099786,NISQAv2
fake_335.wav,2.3796723,2.1919978,3.3350985,2.601215,3.2810524,NISQAv2
real_1173.wav,4.1188836,4.017664,4.313557,3.8501801,4.2658467,NISQAv2
fake_453.wav,2.2881925,2.2409737,3.6288893,2.4459746,3.3474102,NISQAv2
real_2452.wav,2.6892507,3.0155141,4.0162354,3.0181725,3.2255354,NISQAv2
fake_1244.wav,3.5177288,2.615025,4.30789,3.432195,3.784518,NISQAv2
real_2334.wav,4.757671,4.4236345,4.6784124,4.3000565,4.6664114,NISQAv2
fake_1522.wav,2.6518636,3.407367,3.6179144,2.2601483,3.3590238,NISQAv2
fake_309.wav,3.461202,3.6052647,4.0242367,3.0513437,3.948778,NISQAv2
real_1629.wav,4.3076286,3.9617012,4.6085544,4.4608455,4.318542,NISQAv2
real_2320.wav,4.5025,4.24141,4.5103045,4.163174,4.571464,NISQAv2
fake_1536.wav,2.7122378,2.5752702,3.4397266,2.4811962,3.4991674,NISQAv2
real_2446.wav,3.7512708,3.3326056,4.2513676,3.5818684,3.8968916,NISQAv2
fake_1250.wav,3.3895996,2.6352627,4.226353,3.4681952,3.7884529,NISQAv2
fake_484.wav,2.7223403,2.108343,4.003784,2.708978,3.399778,NISQAv2
real_248.wav,4.534471,4.033888,4.495093,4.081049,4.418625,NISQAv2
fake_490.wav,2.7472718,2.8076837,4.1751075,2.4915874,4.0201097,NISQAv2
real_2491.wav,2.850547,3.0521486,4.201182,2.923162,3.2954335,NISQAv2
fake_1287.wav,2.0694706,3.1595016,2.4788349,2.247075,3.1527545,NISQAv2
real_512.wav,3.2416418,2.9796064,2.8494966,3.68255,3.5860713,NISQAv2
real_1198.wav,4.505944,3.9928622,4.557848,4.216123,4.545486,NISQAv2
real_274.wav,3.9249427,3.490836,4.2829256,3.8349276,4.164501,NISQAv2
real_1826.wav,3.4503703,2.1839752,4.4464793,3.9366848,4.0141163,NISQAv2
real_260.wav,4.306703,4.2975287,4.3494987,4.061934,4.409125,NISQAv2
real_1832.wav,3.2887945,2.553007,4.1847734,3.9100456,3.8175144,NISQAv2
real_506.wav,4.621083,3.9727814,4.615468,4.2747407,4.517073,NISQAv2
real_2485.wav,3.6296012,3.9761655,4.1500506,3.601966,3.7509894,NISQAv2
fake_1293.wav,2.2276983,3.4795268,3.276019,2.5097723,3.2989767,NISQAv2
fake_2215.wav,3.0312169,3.4344823,3.8528526,2.403721,3.604703,NISQAv2
fake_123.wav,3.9760327,4.03446,4.285248,3.386998,4.2429943,NISQAv2
real_1403.wav,4.478109,4.1232047,4.5256724,4.1978993,4.413907,NISQAv2
fake_645.wav,3.103893,2.389763,3.7820013,2.981841,3.6537151,NISQAv2
fake_2573.wav,2.605399,2.5552363,3.0102842,2.3757212,3.4051354,NISQAv2
real_937.wav,4.8547163,4.595525,4.7989054,4.4666333,4.6977377,NISQAv2
real_1365.wav,4.005832,3.9949467,4.3213663,3.9131453,4.132295,NISQAv2
fake_889.wav,2.8001661,2.070161,4.126934,3.346876,3.493064,NISQAv2
real_923.wav,4.7501984,4.496433,4.7863307,4.4400244,4.654754,NISQAv2
fake_651.wav,2.7555962,2.108569,3.4506085,2.7736564,3.3757865,NISQAv2
fake_2567.wav,2.7106893,2.4725826,3.777492,2.7056086,3.4928792,NISQAv2
real_1371.wav,4.2467465,4.167866,4.3548617,4.0671725,4.352157,NISQAv2
fake_2201.wav,2.8077292,3.1167462,3.700753,2.485429,3.590978,NISQAv2
fake_137.wav,2.796059,3.7637887,3.8396728,2.66763,3.7387447,NISQAv2
real_1417.wav,4.1636086,2.9693573,4.262719,4.1701097,4.286638,NISQAv2
fake_1708.wav,2.3649507,2.1139953,3.031657,2.3177776,3.3651915,NISQAv2
fake_2229.wav,2.8998737,3.4745257,3.876809,2.7012422,3.6459777,NISQAv2
fake_1720.wav,3.5668395,2.6025784,4.215152,3.717386,4.039294,NISQAv2
real_2136.wav,4.093644,4.270901,4.4073677,3.92933,4.329409,NISQAv2
fake_1046.wav,2.917755,2.3014615,3.994406,3.1815434,3.4785144,NISQAv2
real_1359.wav,3.2335305,3.5902946,3.6276617,2.8631713,3.65478,NISQAv2
fake_679.wav,2.8496914,1.9907365,3.7894835,2.696944,3.6658413,NISQAv2
fake_1052.wav,2.6458423,2.3652375,3.937111,2.8355224,3.475914,NISQAv2
fake_1734.wav,2.461923,2.548597,3.4629042,2.400718,3.3622756,NISQAv2
real_2122.wav,4.287357,3.7529812,4.232373,3.9780781,4.4140153,NISQAv2
fake_1907.wav,3.1024833,3.4664438,3.791181,2.7574532,3.6870275,NISQAv2
fake_686.wav,3.3959873,2.745346,4.0393186,3.3267934,4.003275,NISQAv2
fake_692.wav,2.3421173,2.2429316,2.5107214,2.5209162,3.376189,NISQAv2
real_738.wav,4.401301,4.5396256,4.566558,4.266112,4.483953,NISQAv2
fake_1913.wav,2.796017,3.1076267,3.288379,2.7489166,3.61262,NISQAv2
fake_862.wav,2.7735996,2.3690841,3.9621308,2.7842607,3.5446408,NISQAv2
real_710.wav,4.6619062,4.4339385,4.713228,4.3616824,4.5633426,NISQAv2
fake_1085.wav,2.9906194,3.1792514,3.8073826,2.7498987,3.5279317,NISQAv2
fake_1091.wav,3.09599,2.8685997,3.6506388,3.1350482,3.7842,NISQAv2
fake_2598.wav,2.947478,2.874057,3.8366416,2.6432137,3.6078346,NISQAv2
real_704.wav,4.506221,4.4815016,4.6615334,4.1405807,4.517415,NISQAv2
fake_876.wav,2.5028133,1.8999263,3.8703837,2.956995,3.3487947,NISQAv2
fake_877.wav,2.6126485,1.9160895,3.8316789,2.926149,3.395857,NISQAv2
real_705.wav,4.381134,4.282258,4.5448246,4.0185504,4.41289,NISQAv2
fake_2599.wav,2.5368035,2.9492707,3.6043696,2.3768563,3.4514644,NISQAv2
fake_1090.wav,2.9772675,3.3249083,3.8182666,2.7200847,3.4616714,NISQAv2
fake_1084.wav,2.2136424,2.6206949,3.3197086,2.1039338,3.1507692,NISQAv2
real_711.wav,4.4785724,4.4052444,4.6392503,4.2032204,4.494575,NISQAv2
fake_863.wav,2.6863883,2.273379,2.8854496,2.3184712,3.3762932,NISQAv2
real_739.wav,4.5589905,4.484129,4.6889105,4.1906524,4.5562696,NISQAv2
fake_693.wav,3.362848,2.1127877,4.212625,3.615474,3.8284247,NISQAv2
fake_1912.wav,2.6688125,3.137954,3.371442,2.4923232,3.481636,NISQAv2
fake_1906.wav,2.47805,2.8294895,3.7764266,2.322867,3.0643275,NISQAv2
fake_687.wav,3.400653,2.2914107,4.331914,3.4778292,4.055701,NISQAv2
fake_1053.wav,3.1735342,2.8378398,3.9901583,3.545687,3.662142,NISQAv2
real_2123.wav,4.192729,4.264454,4.537877,3.9349566,4.34482,NISQAv2
fake_1735.wav,2.4776785,2.4341543,3.0286295,2.3075798,3.436127,NISQAv2
real_2137.wav,3.8526757,3.883198,4.24199,3.5496936,4.204842,NISQAv2
fake_1721.wav,2.1190238,2.2578356,3.3443573,2.202436,3.2306783,NISQAv2
fake_2228.wav,3.3262303,3.2441704,3.9829714,3.0450604,3.8440087,NISQAv2
fake_678.wav,2.9867918,2.3857322,3.56649,3.0578597,3.650059,NISQAv2
real_1358.wav,4.1141367,4.0660515,4.202571,3.7598784,4.308267,NISQAv2
fake_1047.wav,2.7741058,2.68976,3.7364788,2.9319108,3.5534797,NISQAv2
real_1370.wav,3.9513779,3.8719144,3.872878,3.6264637,4.069797,NISQAv2
fake_2566.wav,2.9070675,2.5805395,3.8715725,2.8201435,3.3945196,NISQAv2
fake_650.wav,3.136417,2.167836,3.8865457,2.9503214,3.640148,NISQAv2
real_922.wav,4.6648645,4.399114,4.687847,4.3813353,4.6495624,NISQAv2
fake_888.wav,2.760237,2.114815,4.026565,2.9187496,3.3231964,NISQAv2
fake_1709.wav,2.678394,2.6678061,3.6787646,2.6888065,3.4996288,NISQAv2
real_1416.wav,4.1601133,3.6412373,4.516275,4.074328,4.3514614,NISQAv2
fake_136.wav,2.560944,3.5735261,3.6666248,2.538164,3.550608,NISQAv2
fake_2200.wav,2.8705003,3.014695,3.7364583,2.5958567,3.5546913,NISQAv2
real_1402.wav,4.6982036,4.3177886,4.7430334,4.4320245,4.594348,NISQAv2
fake_122.wav,2.6128137,3.2847602,3.5085087,2.5655694,3.4860055,NISQAv2
fake_2214.wav,2.692158,2.7438884,3.0722463,2.1320705,3.4380298,NISQAv2
real_1364.wav,3.6791046,3.9415915,3.9834883,3.3355796,4.059506,NISQAv2
real_936.wav,4.6136837,4.5247827,4.6725197,4.3659806,4.5990434,NISQAv2
fake_2572.wav,2.6071808,2.2249227,3.8601031,2.8386245,3.6361885,NISQAv2
fake_644.wav,2.905491,2.5697799,3.4341419,2.643647,3.3975506,NISQAv2
real_1833.wav,3.3350165,2.2691083,4.418276,3.911323,3.8948166,NISQAv2
real_261.wav,4.561805,4.4372816,4.668115,4.288367,4.554555,NISQAv2
fake_1292.wav,1.8335446,2.80593,2.6693459,2.3746223,2.9421232,NISQAv2
real_2484.wav,3.92783,3.4907272,4.36432,4.225467,4.069464,NISQAv2
real_507.wav,4.423142,3.8853824,4.469244,4.210258,4.4342284,NISQAv2
real_1199.wav,4.419236,3.7292318,4.460167,4.165252,4.4272637,NISQAv2
real_513.wav,3.9737194,3.5256803,4.343974,4.198702,3.5524092,NISQAv2
fake_1286.wav,2.309592,3.4171298,2.4106605,2.3514314,3.1795294,NISQAv2
real_2490.wav,3.6636064,3.3295798,4.260882,3.6764555,3.270166,NISQAv2
real_1827.wav,3.1133046,2.2639143,4.522131,4.050219,4.0664687,NISQAv2
real_275.wav,4.8347034,4.4654565,4.8121634,4.401708,4.6578846,NISQAv2
fake_491.wav,2.9052975,2.6262655,2.8338077,2.8082364,3.7358594,NISQAv2
fake_485.wav,2.8482444,1.8637955,4.144291,3.4352872,3.7450628,NISQAv2
real_249.wav,4.586049,4.238439,4.625596,4.257944,4.583385,NISQAv2
fake_1537.wav,2.7823234,2.9953487,3.4610546,2.6567354,3.5548992,NISQAv2
real_2321.wav,4.741541,4.4447093,4.7153654,4.3296695,4.635123,NISQAv2
real_1628.wav,4.334265,3.9576647,4.561565,4.298267,4.3979473,NISQAv2
fake_308.wav,3.2335129,3.6807032,3.9641864,2.8373926,3.7424295,NISQAv2
fake_1251.wav,3.5475833,2.795554,4.167041,3.4817138,3.9394274,NISQAv2
real_2447.wav,3.4888806,3.5376256,4.061471,3.2540803,3.4440272,NISQAv2
fake_1245.wav,3.1543677,2.4563155,4.1354957,3.0247867,3.7461073,NISQAv2
real_2453.wav,3.5491323,3.2379382,4.3638496,3.7246351,3.8475773,NISQAv2
fake_1523.wav,3.0623548,3.3678815,3.8205292,2.978943,3.7175398,NISQAv2
real_2335.wav,4.7279067,4.274118,4.6450696,4.324186,4.5995173,NISQAv2
fake_334.wav,2.0575545,1.9508952,2.8196585,2.36256,3.0013368,NISQAv2
fake_2002.wav,1.7286414,1.9390574,2.9552329,2.0228791,2.555318,NISQAv2
real_1614.wav,4.387317,4.168818,4.533734,4.3276563,4.169221,NISQAv2
fake_452.wav,2.5763304,2.6026309,3.8278008,2.3187747,3.4567692,NISQAv2
real_1172.wav,3.2710292,3.4543464,2.8104413,2.949642,3.8226528,NISQAv2
fake_446.wav,3.4099147,3.5169146,4.1029086,3.267866,3.9359326,NISQAv2
real_1166.wav,4.3024836,4.07083,4.2797785,3.9314928,4.35123,NISQAv2
fake_1279.wav,3.5195777,2.4399154,4.248002,3.731253,3.9014373,NISQAv2
real_2309.wav,4.454978,4.283616,4.6518965,4.1933675,4.4297194,NISQAv2
fake_320.wav,3.260991,3.6058934,3.981222,2.9214113,3.781027,NISQAv2
fake_2016.wav,1.3947076,1.7927378,3.1362207,2.076101,2.2597773,NISQAv2
real_1600.wav,4.4921465,4.3694506,4.631033,4.371695,4.5359554,NISQAv2
fake_2189.wav,3.153248,3.3145642,4.0037875,2.6183329,3.6906557,NISQAv2
real_1947.wav,4.3116665,4.0962214,4.295148,3.8052588,4.1977706,NISQAv2
real_315.wav,4.5914135,4.3817153,4.659162,4.201839,4.5205684,NISQAv2
fake_1480.wav,2.7219872,3.303282,3.2779875,2.4258945,3.4036195,NISQAv2
real_2296.wav,4.543373,4.1956906,4.66074,4.251517,4.517526,NISQAv2
real_473.wav,4.5488296,4.3213105,4.5419693,4.2014527,4.443855,NISQAv2
real_467.wav,4.7816095,4.4726386,4.6806884,4.2603874,4.5840907,NISQAv2
fake_1494.wav,2.896813,3.5566738,3.6554348,2.6761174,3.5427701,NISQAv2
real_2282.wav,4.447537,4.2212157,4.649105,4.216779,4.488537,NISQAv2
real_1953.wav,3.0273154,3.318257,3.7878463,2.8809524,3.5821378,NISQAv2
real_301.wav,4.688394,4.3612866,4.721672,4.2398643,4.547562,NISQAv2
fake_283.wav,2.7278943,3.3997476,3.4600718,2.126055,3.409011,NISQAv2
real_329.wav,4.4710445,4.287382,4.6364083,4.1190295,4.4439797,NISQAv2
fake_297.wav,3.2611654,3.4514947,4.175617,3.1334252,3.8748596,NISQAv2
fake_1443.wav,3.0953336,3.65855,3.8521879,2.8653984,3.7617671,NISQAv2
real_2255.wav,4.571347,4.1315284,4.6701927,4.3271966,4.58153,NISQAv2
real_1984.wav,2.816961,3.1222937,3.8559186,3.1024163,3.579172,NISQAv2
fake_1325.wav,2.8443758,3.504836,3.5769415,2.8568714,3.6565802,NISQAv2
real_2533.wav,4.6138735,4.447475,4.6128025,4.3156734,4.5097075,NISQAv2
fake_1331.wav,3.3152225,3.6815205,3.9893136,2.9737976,3.6903217,NISQAv2
real_2527.wav,4.2861204,4.066447,4.443661,4.039225,4.330562,NISQAv2
real_1990.wav,2.854962,3.4587831,3.8901987,2.5916007,3.3314347,NISQAv2
real_1748.wav,4.3192606,3.894708,4.5069885,4.1799865,4.452802,NISQAv2
fake_268.wav,2.9904122,2.8324862,3.8051665,2.9057455,3.7464175,NISQAv2
fake_1457.wav,2.7246683,3.3079035,3.4255648,2.3906891,3.5040925,NISQAv2
real_2241.wav,4.626686,4.226542,4.716876,4.3611126,4.600324,NISQAv2
fake_240.wav,3.472274,3.6776268,4.0639744,3.3273733,3.9160664,NISQAv2
fake_2176.wav,2.5465567,3.481577,3.1799939,2.2591908,3.4875975,NISQAv2
real_1760.wav,4.2487087,3.4003646,4.493748,4.136131,4.428862,NISQAv2
real_2269.wav,4.4814286,4.0176954,4.6524353,4.1853566,4.5273886,NISQAv2
fake_1319.wav,2.253011,2.8450282,3.6607215,3.096543,3.7532785,NISQAv2
fake_2610.wav,3.7283354,3.510549,4.3725443,3.3550935,4.0242214,NISQAv2
fake_526.wav,2.9139206,2.2690368,3.9210894,2.8254764,3.5309865,NISQAv2
real_1006.wav,4.236424,3.1801794,4.36831,4.170449,4.2457867,NISQAv2
fake_2604.wav,2.3034647,2.4319687,3.716678,2.2704904,2.8595655,NISQAv2
fake_532.wav,3.1602414,2.3767068,4.027616,3.090877,3.7740204,NISQAv2
real_1012.wav,4.3006525,3.0101192,4.504137,4.21787,4.3681545,NISQAv2
real_498.wav,3.36785,1.6825027,4.2969413,3.972904,4.0375404,NISQAv2
fake_254.wav,3.4401379,3.878646,3.8973386,3.0831838,3.859112,NISQAv2
fake_2162.wav,2.6863346,3.2246697,3.904843,2.4619653,3.5370305,NISQAv2
real_1774.wav,3.9841878,3.1562881,4.4470606,3.8493602,4.288114,NISQAv2
real_54.wav,4.452986,3.7155917,4.4473577,4.2931604,4.4712873,NISQAv2
real_671.wav,3.527858,3.3182068,3.1325212,3.6560042,4.1220875,NISQAv2
fake_903.wav,2.7460864,2.9026458,3.7175682,2.7609713,3.3507502,NISQAv2
real_2094.wav,4.0672765,3.91272,4.397562,3.7979112,4.2799106,NISQAv2
fake_1682.wav,2.1976993,2.0088143,3.566651,2.6873367,3.3040698,NISQAv2
real_117.wav,4.5954046,4.5248237,4.5076466,4.199303,4.4892473,NISQAv2
real_103.wav,4.5924206,4.03671,4.725337,4.399298,4.6498504,NISQAv2
real_1589.wav,4.7345314,4.4750156,4.591093,4.47264,4.6247263,NISQAv2
real_2080.wav,4.6680975,4.494859,4.6716175,4.338361,4.6223006,NISQAv2
fake_1696.wav,2.7218978,2.3051589,3.6535153,2.8825362,3.50193,NISQAv2
real_40.wav,4.4458914,3.7685506,4.514826,4.1766877,4.474294,NISQAv2
fake_917.wav,2.4292438,2.315957,3.7152379,2.6213694,3.2272263,NISQAv2
real_665.wav,3.7689261,3.178803,3.2443578,3.8580058,3.375189,NISQAv2
fake_90.wav,3.051569,3.2643037,3.9937704,2.9303873,3.6959896,NISQAv2
real_895.wav,3.210783,2.156378,4.237153,3.609317,3.707712,NISQAv2
real_68.wav,4.322658,3.8070583,4.497028,4.2105927,4.5318522,NISQAv2
fake_1866.wav,3.1569893,3.5708263,3.6400447,2.6333013,3.683407,NISQAv2
fake_1872.wav,3.5492413,3.6280482,4.1089115,3.1316926,3.8875031,NISQAv2
real_881.wav,3.403009,2.203885,4.377103,3.729365,3.9786608,NISQAv2
real_659.wav,3.7817397,3.3063488,3.5596821,3.5925581,4.0656075,NISQAv2
fake_84.wav,2.8384626,3.18224,3.9460628,2.5396888,3.556772,NISQAv2
fake_1127.wav,2.8452976,3.2668965,3.5548246,2.3279445,3.5849288,NISQAv2
fake_718.wav,3.172198,4.0331917,4.0877895,2.838994,3.798638,NISQAv2
real_1238.wav,3.8803015,2.803046,4.379798,3.8669682,3.9450023,NISQAv2
real_97.wav,4.5353518,4.261022,4.611479,4.133316,4.540483,NISQAv2
fake_2348.wav,3.295674,3.6238914,4.039309,2.945729,3.8572292,NISQAv2
fake_1899.wav,2.7707171,2.2314577,3.269892,2.543968,3.5019798,NISQAv2
real_2057.wav,4.505663,4.6839323,4.733568,4.338927,4.560501,NISQAv2
fake_1641.wav,3.216789,3.1890948,3.8736005,3.2008848,3.8601687,NISQAv2
real_2043.wav,4.73371,4.5255966,4.688758,4.335362,4.554117,NISQAv2
fake_1655.wav,3.2358105,3.3163142,3.842486,3.3103902,3.6788208,NISQAv2
real_83.wav,4.4512906,3.8611503,4.5760117,4.299527,4.567902,NISQAv2
fake_1133.wav,2.8028755,2.9437478,3.3518946,2.4523313,3.6386602,NISQAv2
real_1204.wav,4.4673862,4.1272626,4.5381556,4.2126017,4.537597,NISQAv2
real_856.wav,3.536195,3.0432146,4.2414327,4.2031054,4.3385196,NISQAv2
fake_2412.wav,2.5937383,2.6030276,2.8578959,2.4204237,3.569092,NISQAv2
fake_724.wav,2.6776628,3.1805193,3.022251,2.4759886,3.6348999,NISQAv2
fake_53.wav,3.4556172,2.770231,4.025879,3.4894798,3.7872155,NISQAv2
real_1562.wav,4.5012126,4.273734,4.5401745,4.1761427,4.4264455,NISQAv2
fake_2374.wav,2.899978,3.025056,4.0186143,3.0691423,3.6518977,NISQAv2
real_1576.wav,4.6553965,4.5537724,4.728359,4.5132823,4.68404,NISQAv2
fake_2360.wav,3.3733032,3.0134995,4.380221,3.6210678,3.9234335,NISQAv2
fake_1669.wav,3.105531,3.4953039,3.4156058,2.8841336,3.7487648,NISQAv2
fake_47.wav,3.3622768,3.0427322,4.0822325,3.336672,3.97207,NISQAv2
real_1210.wav,4.371214,4.1248474,4.529045,4.1861296,4.4600077,NISQAv2
fake_2406.wav,2.9341774,2.9750674,4.0722537,3.1417596,3.599316,NISQAv2
fake_730.wav,3.0839179,3.3155947,3.8912156,2.9147222,3.7364488,NISQAv2
real_842.wav,3.918097,3.0349383,4.2507515,3.8860934,4.2700076,NISQAv2
real_1209.wav,4.2653875,4.2363954,4.364538,4.1776323,4.333412,NISQAv2
fake_729.wav,2.9539194,3.6824906,3.8825705,2.7305777,3.6779866,NISQAv2
real_683.wav,4.396776,3.2985585,4.4234676,4.2559867,4.477621,NISQAv2
fake_1116.wav,3.0298917,2.963277,3.5318692,2.6367621,3.7393057,NISQAv2
fake_1670.wav,3.7600813,3.5565403,4.0825944,3.6741803,4.0330124,NISQAv2
real_2066.wav,4.6467395,4.5510964,4.745159,4.2979746,4.587802,NISQAv2
fake_2379.wav,3.4498491,3.2259693,4.2948623,3.3021939,3.9299247,NISQAv2
fake_1664.wav,3.7724943,3.3571522,4.3680096,3.7865832,4.0079,NISQAv2
real_2072.wav,4.5232024,4.4580364,4.6225195,4.115203,4.5218415,NISQAv2
fake_1102.wav,2.1723235,2.9603233,2.306271,2.1530654,3.2401612,NISQAv2
real_697.wav,4.1129475,3.694647,4.252668,3.8623288,3.990363,NISQAv2
fake_62.wav,3.2814257,2.8079345,4.2098823,3.267722,3.8513095,NISQAv2
fake_715.wav,3.0171683,3.7659628,3.3825498,2.7336566,3.6792572,NISQAv2
fake_2423.wav,2.8161218,2.817538,3.981184,2.5141852,3.6489058,NISQAv2
real_867.wav,2.8879569,2.7960155,3.3454282,2.9167128,3.629273,NISQAv2
real_1235.wav,3.8600266,2.9595459,4.4181194,3.961064,4.1732097,NISQAv2
fake_2345.wav,2.6975825,3.3412673,3.6534784,2.18065,3.5040739,NISQAv2
real_1553.wav,4.0285697,3.8135495,4.3591537,3.7900314,4.284453,NISQAv2
fake_1894.wav,3.2882464,3.6144865,4.2176676,3.32288,3.704633,NISQAv2
fake_1658.wav,3.202727,3.497392,3.6537488,2.992932,3.8200352,NISQAv2
fake_1880.wav,2.7723124,3.395342,2.717038,2.3337736,3.436491,NISQAv2
fake_2351.wav,3.3212266,3.8980107,4.060837,2.9579055,3.922665,NISQAv2
real_1547.wav,3.4670222,3.7130964,4.0690584,3.4429867,3.9572003,NISQAv2
real_873.wav,4.0160723,2.9204276,4.4038143,3.9698677,4.266725,NISQAv2
fake_701.wav,2.9646823,2.0037067,3.802326,3.2936327,3.6586118,NISQAv2
fake_2437.wav,2.2284048,2.8462882,2.9692674,2.015633,3.0355985,NISQAv2
real_1221.wav,2.8863864,2.3103893,2.57488,3.04608,3.733577,NISQAv2
fake_76.wav,2.7097905,2.916746,3.8097706,2.8557272,3.4818249,NISQAv2
fake_932.wav,3.4107552,3.7382715,3.8644292,2.8153336,3.8743062,NISQAv2
real_640.wav,3.8073022,2.5004628,4.1620617,4.1071105,4.1688,NISQAv2
real_898.wav,3.6333854,3.4985747,4.207261,3.6092954,3.9404733,NISQAv2
real_65.wav,4.109392,3.6093996,4.323161,3.9464557,4.427709,NISQAv2
real_126.wav,3.6502752,4.138212,4.060536,3.3041646,4.042167,NISQAv2
real_132.wav,4.314997,4.457832,4.4296,4.044989,4.4204783,NISQAv2
real_654.wav,3.469064,2.4365947,3.3167982,3.5089588,3.8904986,NISQAv2
fake_926.wav,3.7202206,3.876937,4.1215744,3.3155086,4.1221757,NISQAv2
real_71.wav,4.333234,3.8276212,4.4847374,4.1905785,4.492513,NISQAv2
fake_89.wav,2.653475,2.9236226,3.611328,2.2342668,3.445358,NISQAv2
real_59.wav,4.4686522,3.830311,4.563346,4.2083554,4.496671,NISQAv2
fake_1857.wav,3.084751,2.1258314,4.2999244,3.522741,3.8395574,NISQAv2
real_2099.wav,3.5958898,3.2654126,4.144553,3.7986739,4.051714,NISQAv2
fake_2386.wav,3.144518,3.0234416,4.1083117,3.1185277,3.7442594,NISQAv2
real_1590.wav,4.5870333,4.53651,4.6964726,4.431358,4.5562434,NISQAv2
fake_2392.wav,2.8435142,2.8880844,3.9417295,2.7051537,3.580899,NISQAv2
real_1584.wav,4.49214,4.4222155,4.6280518,4.4218025,4.5725255,NISQAv2
fake_1843.wav,2.8894353,1.9780213,4.3175774,3.7522123,3.6568587,NISQAv2
real_668.wav,3.8709319,3.2711513,4.1634955,3.58206,3.9904354,NISQAv2
real_2264.wav,4.6599207,4.1144214,4.7357855,4.3541393,4.6049676,NISQAv2
fake_1472.wav,2.4612951,2.7067392,3.3108983,2.3683603,3.3469331,NISQAv2
real_2502.wav,4.1123366,4.0764537,4.405408,4.148268,4.308738,NISQAv2
fake_1314.wav,2.9720209,3.7497466,3.4163399,2.5129645,3.5354435,NISQAv2
real_481.wav,2.6277652,1.9799104,4.0553575,3.1702845,3.2510636,NISQAv2
real_495.wav,3.8693101,2.7238605,4.412358,4.0465074,4.276632,NISQAv2
fake_2609.wav,2.8952591,2.7973754,3.7260392,2.74274,3.5892155,NISQAv2
real_2516.wav,4.2704573,4.2131968,4.33141,4.2307124,4.2679954,NISQAv2
fake_1300.wav,1.9340872,2.6907864,2.7870414,2.5224497,3.250109,NISQAv2
real_2270.wav,4.5290933,4.105199,4.6794147,4.291991,4.5379596,NISQAv2
fake_1466.wav,2.3383348,3.0456598,3.0398324,2.5533965,3.1819017,NISQAv2
fake_259.wav,3.6416097,3.8796194,4.1021237,3.127411,4.0077467,NISQAv2
real_1779.wav,4.27522,3.5680683,4.480487,4.025486,4.438665,NISQAv2
real_2258.wav,4.58714,3.9549272,4.6726875,4.2118773,4.5598497,NISQAv2
real_1751.wav,4.3305864,3.3989384,4.536917,4.0839396,4.4629574,NISQAv2
fake_2147.wav,2.6088402,3.2334921,3.3199809,2.3830736,3.362155,NISQAv2
fake_271.wav,2.6428597,2.7434928,3.716001,2.4913929,3.5950968,NISQAv2
real_1989.wav,3.0962005,3.16364,3.9267688,3.0763342,3.5743852,NISQAv2
real_1037.wav,3.1895566,3.0520182,4.313229,3.2618542,3.5569868,NISQAv2
fake_517.wav,2.7674577,2.385517,3.90721,2.5552402,3.3869708,NISQAv2
fake_1328.wav,2.4354675,3.430924,3.37794,2.5906265,3.297672,NISQAv2
real_1023.wav,4.4849777,4.369017,4.516122,4.3246865,4.4566216,NISQAv2
fake_503.wav,2.6693776,3.427557,4.0741506,2.4911344,3.6404815,NISQAv2
real_1745.wav,4.259502,3.7623472,4.4502025,4.059985,4.4239974,NISQAv2
fake_2153.wav,2.7835193,3.636565,3.7278163,2.9552722,3.6537411,NISQAv2
fake_265.wav,3.1745431,3.5657449,3.7152467,2.811916,3.7142959,NISQAv2
real_324.wav,4.549551,4.2545924,4.6275587,4.1607656,4.4792647,NISQAv2
real_1976.wav,2.8716729,3.0475843,3.7444375,2.753689,3.436645,NISQAv2
real_442.wav,4.034018,3.135184,4.29416,3.9811964,4.2993293,NISQAv2
real_456.wav,4.023264,3.2549317,4.3512297,3.963257,4.273783,NISQAv2
real_330.wav,4.460841,4.2009478,4.5349765,4.05121,4.392355,NISQAv2
real_1962.wav,2.8471272,2.9300497,3.7239797,2.9170396,3.466461,NISQAv2
real_318.wav,4.4821205,4.226056,4.637767,4.0905466,4.4645357,NISQAv2
real_1792.wav,3.3145149,1.9642239,4.089354,4.027575,4.0101185,NISQAv2
fake_2184.wav,2.417783,3.2116013,3.4087012,2.1332867,3.4704978,NISQAv2
fake_1499.wav,3.0942194,3.4094899,3.8321579,2.9285448,3.7408204,NISQAv2
real_1786.wav,3.6428044,2.1862106,4.3814516,4.1890864,4.2344337,NISQAv2
fake_2190.wav,2.6771402,2.887101,3.525267,2.5732722,3.5970185,NISQAv2
real_293.wav,4.605622,4.367438,4.7133703,4.220283,4.542615,NISQAv2
fake_339.wav,2.1555464,2.0372486,2.8184905,2.323207,3.1700528,NISQAv2
real_1619.wav,4.328916,4.266683,4.629036,4.297012,4.254767,NISQAv2
real_2310.wav,4.4114785,4.189363,4.602233,4.143021,4.430576,NISQAv2
fake_1506.wav,2.7760856,3.1203043,3.3362386,2.5729363,3.5527666,NISQAv2
real_2476.wav,3.5808308,3.999574,4.1941,3.4087124,3.459374,NISQAv2
fake_1260.wav,3.0607073,2.5333285,4.0309587,3.1929905,3.4557455,NISQAv2
real_2462.wav,3.7238057,3.1903722,4.1205635,3.8677924,4.062622,NISQAv2
fake_1274.wav,3.2847316,2.901962,4.1204534,3.0724225,3.752856,NISQAv2
real_2304.wav,4.6493235,4.270086,4.588718,4.284372,4.590097,NISQAv2
fake_1512.wav,2.5525436,3.3598835,3.611041,2.1879904,3.4335172,NISQAv2
real_287.wav,4.4184837,4.2628064,4.642315,4.2067394,4.3902974,NISQAv2
real_1625.wav,4.372873,4.047206,4.5026097,4.2412324,4.478474,NISQAv2
fake_2033.wav,2.8399627,3.696333,3.66662,2.1242063,3.5061162,NISQAv2
fake_305.wav,3.2195842,3.7604358,3.9955676,2.770716,3.7283866,NISQAv2
real_1143.wav,3.9138193,3.5301828,3.8266952,3.615061,4.2463894,NISQAv2
fake_463.wav,2.8473876,2.7284539,3.618705,2.9755573,3.5313854,NISQAv2
fake_1248.wav,3.6255457,2.6233087,4.2525697,3.3336446,3.913589,NISQAv2
real_1157.wav,4.5829377,4.2377996,4.5893564,4.2646995,4.507627,NISQAv2
fake_477.wav,3.5547228,3.8540175,4.218686,3.1932259,4.0558286,NISQAv2
real_1631.wav,3.6897032,3.6559322,4.34923,3.823281,3.1541345,NISQAv2
fake_2027.wav,1.4220183,1.6425819,3.2213428,2.1032243,2.265465,NISQAv2
fake_311.wav,3.0547073,3.7670696,3.9595482,2.6056836,3.6752436,NISQAv2
real_2338.wav,4.6797028,4.3897204,4.6838303,4.3124824,4.5764384,NISQAv2
real_250.wav,4.639928,4.3547044,4.5919576,4.3714423,4.534859,NISQAv2
real_1802.wav,4.085681,3.3316448,4.538458,4.080742,4.1288266,NISQAv2
real_536.wav,3.9819067,2.9545355,4.484616,4.1753316,4.1319094,NISQAv2
real_522.wav,4.0867596,3.1242347,4.3967304,4.204499,4.186416,NISQAv2
fake_488.wav,3.251901,2.709295,4.2467365,3.301061,3.8103404,NISQAv2
real_244.wav,4.6265316,4.48437,4.6976147,4.3092904,4.528337,NISQAv2
real_1816.wav,3.5117328,1.9754686,4.491566,4.061664,3.8918972,NISQAv2
real_2489.wav,4.1891418,3.687288,4.4839163,4.056373,4.325892,NISQAv2
real_1180.wav,4.3701572,3.7149937,4.296668,3.997648,4.306499,NISQAv2
real_1194.wav,4.154053,4.0451035,4.280235,3.7536414,4.1644635,NISQAv2
real_278.wav,4.6616883,4.3914413,4.6949105,4.242191,4.4999194,NISQAv2
fake_885.wav,2.5515642,2.0223851,3.662142,2.7227314,3.1983337,NISQAv2
fake_1062.wav,2.6974256,2.4166346,3.8252895,3.0965226,3.3409617,NISQAv2
fake_1704.wav,2.149381,2.61159,3.1159234,2.0097044,3.1417446,NISQAv2
real_2112.wav,3.6880758,3.4996722,4.171699,3.5600276,4.0521474,NISQAv2
fake_2219.wav,3.01105,2.9850461,3.7602727,2.7418296,3.6798847,NISQAv2
fake_1710.wav,2.5159404,2.2881658,3.5239286,2.570689,3.4153192,NISQAv2
real_2106.wav,4.118843,3.897613,4.325825,3.9727244,4.3551173,NISQAv2
fake_1076.wav,2.6096072,3.0425832,3.5273392,2.1932895,3.2548928,NISQAv2
fake_891.wav,2.7573657,2.1391983,4.0902076,3.2350674,3.4734538,NISQAv2
real_1369.wav,4.4245844,4.2172728,4.4551167,4.2016053,4.4071584,NISQAv2
fake_649.wav,3.348605,2.2533026,4.028668,3.5096447,3.9570563,NISQAv2
real_913.wav,3.5210257,3.5401769,4.0409074,3.2606094,3.8646638,NISQAv2
fake_661.wav,3.0566506,2.8095124,3.5691416,2.8673434,3.69676,NISQAv2
fake_2557.wav,3.3190062,3.5000846,3.7839205,3.2516468,3.8397062,NISQAv2
real_1341.wav,3.6700547,3.9036052,3.9794178,3.3351047,3.9502978,NISQAv2
fake_2231.wav,2.9498897,3.2416513,3.8186858,2.392468,3.6909206,NISQAv2
fake_107.wav,3.0610042,2.637491,4.1315274,3.1209211,3.7649457,NISQAv2
real_1427.wav,3.84025,2.444408,4.3276634,4.006825,4.2332377,NISQAv2
fake_1738.wav,2.2965515,2.1023026,3.3622296,2.5751212,3.2803583,NISQAv2
fake_2225.wav,3.0779278,3.1859539,3.803715,2.7423513,3.7235887,NISQAv2
fake_113.wav,3.4944966,3.9500945,4.0476384,2.905481,4.0701227,NISQAv2
real_1433.wav,4.0338717,2.6079075,4.3861914,3.9209774,4.2668414,NISQAv2
fake_675.wav,3.1409645,2.4378774,4.045227,3.4076402,3.8355052,NISQAv2
fake_2543.wav,3.1733139,3.5550764,4.064897,3.1688957,3.8688142,NISQAv2
real_907.wav,2.9582083,2.9416883,3.524602,2.853903,3.5701678,NISQAv2
real_1355.wav,3.2785633,3.9839964,3.7303247,3.113756,3.793067,NISQAv2
real_734.wav,4.832025,4.622374,4.8367414,4.47396,4.670606,NISQAv2
fake_846.wav,2.4905658,2.5206425,4.0527506,2.6044815,3.5420282,NISQAv2
fake_852.wav,2.4934423,2.1230786,3.8108609,2.656331,3.4822984,NISQAv2
real_720.wav,4.544261,4.4326515,4.671772,4.317101,4.5564218,NISQAv2
fake_2594.wav,3.6283352,3.5810845,4.2705436,3.3141243,3.878573,NISQAv2
real_1382.wav,3.8424795,4.0906057,3.9271579,3.5481908,3.7901506,NISQAv2
real_708.wav,4.4327216,4.4667206,4.4955444,4.0700445,4.4180274,NISQAv2
fake_1923.wav,3.6569932,4.004658,4.087917,3.2219644,3.9976833,NISQAv2
fake_1937.wav,3.8580155,4.0818357,3.9916565,3.3711793,4.095757,NISQAv2
fake_1089.wav,2.9917426,2.9916828,3.931095,2.9304054,3.6728973,NISQAv2
fake_2580.wav,2.1853569,2.3154733,2.7777007,1.9269396,3.068942,NISQAv2
real_1396.wav,4.251734,4.074291,4.406551,4.061938,4.1776276,NISQAv2
fake_1936.wav,3.0487318,3.6858919,3.6993973,2.8686376,3.667474,NISQAv2
real_1397.wav,4.1853905,4.0742416,4.426281,4.247096,4.1975904,NISQAv2
fake_2581.wav,2.6522102,2.2981138,3.5793674,2.5076556,3.3650417,NISQAv2
fake_1088.wav,2.859155,3.0843441,3.7009218,2.7157125,3.6074946,NISQAv2
real_709.wav,4.643549,4.5486093,4.6231103,4.2024817,4.5250196,NISQAv2
real_1383.wav,4.1725574,4.0728755,4.1347055,3.9202037,4.1490674,NISQAv2
fake_2595.wav,2.9589283,3.2917254,3.6413949,2.6166952,3.5579526,NISQAv2
fake_1922.wav,3.1394837,3.7422662,3.5776937,2.6815865,3.6567912,NISQAv2
real_721.wav,4.391862,4.3155427,4.5769463,4.066805,4.471294,NISQAv2
fake_853.wav,2.50194,2.318093,3.7394872,2.5430708,3.4451036,NISQAv2
fake_847.wav,2.7655911,2.4415746,3.9156587,2.673445,3.6094184,NISQAv2
real_735.wav,4.5839376,4.5068164,4.612605,4.2622123,4.5423546,NISQAv2
real_1432.wav,4.2209597,2.8386781,4.373424,4.149303,4.397042,NISQAv2
fake_112.wav,3.1325095,3.9140074,4.1371613,2.8527405,3.880541,NISQAv2
fake_2224.wav,3.0696313,3.0041811,3.9711828,2.7304945,3.7304099,NISQAv2
real_1354.wav,2.8856242,3.2004485,2.9719598,2.5486338,3.4886942,NISQAv2
real_906.wav,3.782138,3.2872424,4.1468563,3.7986012,4.18241,NISQAv2
fake_2542.wav,3.8190172,3.7297084,4.2905903,3.4280803,4.13388,NISQAv2
fake_674.wav,2.7045286,2.9128623,2.9152582,2.3058455,3.4368594,NISQAv2
real_1340.wav,2.912291,3.112014,2.7950332,2.45949,3.7747085,NISQAv2
fake_2556.wav,2.9832456,3.61911,3.8387887,2.5438168,3.4926546,NISQAv2
fake_660.wav,3.6960356,2.5740654,4.33856,3.7349005,4.127681,NISQAv2
real_912.wav,3.4486074,3.3065827,4.1668797,3.5823643,3.9032674,NISQAv2
fake_1739.wav,2.8870723,2.362581,3.6058285,2.7734442,3.5851064,NISQAv2
real_1426.wav,3.6055202,3.029897,4.220962,3.8283234,4.0746856,NISQAv2
fake_106.wav,2.8196838,2.9895704,3.8590143,2.7300112,3.5872157,NISQAv2
fake_2230.wav,3.0950792,3.1326413,3.8166633,2.6137018,3.6837122,NISQAv2
real_2107.wav,3.6378973,3.2211826,4.3878374,3.592069,4.050601,NISQAv2
fake_1711.wav,2.6128027,2.107559,3.436418,2.637331,3.514162,NISQAv2
fake_2218.wav,2.7616513,2.8129184,3.731087,2.6053343,3.5778325,NISQAv2
fake_648.wav,3.3339741,2.1134348,4.0696716,3.5479078,4.021674,NISQAv2
real_1368.wav,3.8900163,4.0407305,3.9320457,3.3453267,3.884306,NISQAv2
fake_890.wav,2.8341434,2.0059557,3.909074,3.0313292,3.4538374,NISQAv2
fake_1077.wav,2.9045808,2.8769424,3.7234077,2.7756078,3.5365355,NISQAv2
fake_1063.wav,3.1183393,2.770988,3.9481103,3.2065394,3.713287,NISQAv2
fake_884.wav,2.5296414,2.13478,3.8688943,3.0008478,3.174394,NISQAv2
real_2113.wav,3.6829302,3.5722275,4.1498656,3.572119,4.0080786,NISQAv2
fake_1705.wav,2.253949,2.3711758,3.1532605,2.2148354,3.2735715,NISQAv2
real_1195.wav,3.3960268,3.9878888,3.0826862,3.176924,4.025693,NISQAv2
real_279.wav,4.6718616,4.4358544,4.707144,4.208626,4.516071,NISQAv2
real_1181.wav,3.8187768,3.7556608,4.0229964,3.4441,4.1016803,NISQAv2
real_2488.wav,3.0765104,2.8026512,4.1145253,3.6113784,3.2982934,NISQAv2
fake_489.wav,3.1192226,3.0134954,4.0973544,3.0746481,3.8105881,NISQAv2
real_523.wav,3.6825712,2.952954,4.210742,3.8283343,3.9007065,NISQAv2
real_1817.wav,3.2259028,2.0849895,4.256811,3.8930314,3.8599682,NISQAv2
real_245.wav,4.5459394,4.3049474,4.5686507,4.1227813,4.429085,NISQAv2
real_1803.wav,3.7664495,2.58067,4.4810147,3.959722,4.0589137,NISQAv2
real_251.wav,4.453996,4.2763286,4.5124373,4.129901,4.362245,NISQAv2
real_537.wav,3.453965,2.862924,3.7500985,3.4898255,3.9420035,NISQAv2
fake_476.wav,3.0781395,3.1828785,3.987601,2.8745904,3.7068892,NISQAv2
real_1156.wav,4.4034624,3.968237,4.5469303,4.304486,4.4546385,NISQAv2
fake_1249.wav,3.2676828,2.55304,4.067763,3.2909427,3.7810655,NISQAv2
real_2339.wav,4.8212996,4.465984,4.738115,4.381516,4.6591663,NISQAv2
fake_310.wav,3.2028039,3.654366,3.9848974,2.873831,3.7466726,NISQAv2
fake_2026.wav,2.0613341,2.3677344,3.1988714,2.2268915,2.9096966,NISQAv2
real_1630.wav,3.8943577,3.4715157,4.3980665,4.083976,3.9180145,NISQAv2
fake_304.wav,3.1471474,3.6657588,3.98684,2.6475177,3.7091134,NISQAv2
fake_2032.wav,2.7894485,3.6896625,3.839906,2.2121904,3.5567238,NISQAv2
real_1624.wav,4.084643,3.9629226,4.3192782,4.187922,4.2547894,NISQAv2
fake_462.wav,3.3100202,2.6678498,4.1979656,3.2343526,3.8455448,NISQAv2
real_1142.wav,4.2178574,4.16386,4.436967,3.9599097,4.3813233,NISQAv2
fake_1275.wav,3.118426,2.732938,3.9059808,3.0653095,3.6518402,NISQAv2
real_2463.wav,4.0684614,4.0493555,4.3881903,4.12585,4.230475,NISQAv2
real_286.wav,4.610984,4.4200125,4.681305,4.2759013,4.5079284,NISQAv2
fake_1513.wav,2.8259623,3.3280022,3.7302244,2.6752627,3.4349477,NISQAv2
real_2305.wav,4.552809,4.2850266,4.536313,4.2236447,4.5115557,NISQAv2
fake_1507.wav,2.7708495,3.2585943,3.801244,2.8163123,3.5266984,NISQAv2
real_2311.wav,4.521636,4.180881,4.617122,4.276506,4.4320707,NISQAv2
real_1618.wav,4.52193,4.3432765,4.640677,4.3979964,4.459616,NISQAv2
fake_338.wav,2.1846619,2.1479733,3.2315347,2.5997567,3.1761112,NISQAv2
real_292.wav,4.547228,4.1696024,4.723465,4.2486453,4.51604,NISQAv2
fake_1261.wav,3.2211754,2.450555,4.019017,3.3827472,3.7185824,NISQAv2
real_2477.wav,3.0644023,2.4007955,4.2881756,3.6933277,1.9874926,NISQAv2
fake_2191.wav,2.9933581,2.648207,3.7525737,2.710319,3.6664793,NISQAv2
real_1787.wav,3.8124936,2.144595,4.4585266,4.1274295,4.2349663,NISQAv2
fake_1498.wav,3.8629673,4.151224,4.2001905,3.4634595,4.0841675,NISQAv2
fake_2185.wav,2.412994,3.1871364,3.1905916,2.4290934,3.443842,NISQAv2
real_1793.wav,3.080115,1.9965503,4.189548,3.9403083,3.902849,NISQAv2
real_319.wav,4.667753,4.398373,4.6956024,4.2240295,4.54203,NISQAv2
real_457.wav,3.7216184,3.9003007,4.135957,3.7674215,4.026398,NISQAv2
real_1963.wav,3.2937403,3.6051342,3.8817248,3.255797,3.6072783,NISQAv2
real_331.wav,4.4558964,4.3971643,4.6276073,3.9657059,4.4327044,NISQAv2
real_1977.wav,3.7307436,3.7156377,4.167243,3.611788,4.0051336,NISQAv2
real_325.wav,4.480026,4.2686896,4.577428,4.158796,4.4745793,NISQAv2
real_443.wav,4.496026,4.0284142,4.4943185,4.19691,4.4172482,NISQAv2
fake_502.wav,2.3833377,2.751104,3.954981,2.5902088,3.6408265,NISQAv2
real_1022.wav,4.520978,3.9988225,4.48522,4.068792,4.5023503,NISQAv2
fake_264.wav,2.827124,3.0796545,3.6114929,2.4174173,3.549329,NISQAv2
fake_2152.wav,2.7854958,3.5581264,3.9230266,2.70042,3.6414094,NISQAv2
real_1744.wav,4.3326106,3.4798272,4.4746575,4.0449243,4.4531636,NISQAv2
real_1988.wav,3.281512,3.4155934,4.0768347,3.0227401,3.7573378,NISQAv2
fake_270.wav,2.9777892,2.8757374,3.992327,3.1189115,3.7535079,NISQAv2
fake_2146.wav,2.5588052,3.327391,3.8195066,2.49683,3.4112127,NISQAv2
real_1750.wav,3.7464066,3.0605001,4.1407733,3.7815816,4.1247478,NISQAv2
real_2259.wav,4.5037975,4.1778903,4.6724486,4.2869115,4.51291,NISQAv2
fake_1329.wav,2.679558,3.167136,3.1293995,2.6230857,3.4107294,NISQAv2
fake_516.wav,2.3282144,2.019697,3.4921324,2.2041736,3.0189276,NISQAv2
real_1036.wav,3.6088305,3.4112647,4.262848,3.7773087,3.964763,NISQAv2
fake_1301.wav,2.1104505,3.3683996,3.0304723,2.5778124,3.0629375,NISQAv2
real_2517.wav,3.62062,3.2385242,4.106178,3.4718137,3.98206,NISQAv2
fake_2608.wav,2.7313352,2.9063456,3.4596984,2.4181757,3.5186446,NISQAv2
real_494.wav,4.3406787,3.5894518,4.4184756,4.193224,4.363699,NISQAv2
real_1778.wav,3.2696588,2.7190347,3.9221191,3.4220107,3.9426773,NISQAv2
fake_258.wav,3.4080975,3.665637,4.021715,3.1231577,3.9315975,NISQAv2
fake_1467.wav,3.8423188,4.1840253,4.2143903,3.474925,4.0977435,NISQAv2
real_2271.wav,4.4388475,3.9715242,4.609541,4.276378,4.5366907,NISQAv2
fake_1473.wav,2.1465375,2.6738966,2.8022459,2.003327,2.936368,NISQAv2
real_2265.wav,4.5022106,4.1179514,4.6013093,4.236421,4.520599,NISQAv2
real_480.wav,4.6138067,4.1274724,4.5661488,4.198343,4.4151387,NISQAv2
fake_1315.wav,3.3042626,3.6442785,3.6549232,3.0834253,3.7518246,NISQAv2
real_2503.wav,4.4297276,4.3701334,4.550802,4.228807,4.082317,NISQAv2
fake_1842.wav,2.86048,1.9872191,4.235879,3.3070722,3.6545198,NISQAv2
real_1585.wav,4.541133,4.4184475,4.6364317,4.363358,4.5205283,NISQAv2
fake_2393.wav,2.9978406,2.9566815,4.104322,2.7745185,3.7327106,NISQAv2
real_669.wav,3.0049329,3.3553655,2.8214786,3.1246898,3.392484,NISQAv2
real_58.wav,4.4892845,3.7096016,4.4145765,4.209621,4.370978,NISQAv2
real_1591.wav,4.474928,4.445585,4.5560365,4.4087667,4.4715047,NISQAv2
fake_2387.wav,3.1237466,2.8666937,4.058217,3.1219513,3.791998,NISQAv2
real_2098.wav,3.4723616,3.3666835,4.0272436,3.1204453,3.835181,NISQAv2
fake_1856.wav,3.0522316,2.4072587,4.2289085,3.4390972,3.814073,NISQAv2
real_133.wav,4.40708,4.476419,4.455024,4.121377,4.474517,NISQAv2
fake_88.wav,2.733274,2.911056,3.812115,2.4597194,3.5631483,NISQAv2
real_70.wav,3.958072,3.4371495,4.3950377,3.807445,4.1836305,NISQAv2
fake_927.wav,3.2888386,3.7599971,4.0464563,3.0571492,3.9427307,NISQAv2
real_655.wav,3.6573026,2.8250656,3.5078223,3.7408254,3.893499,NISQAv2
real_64.wav,3.8058274,3.3653104,4.1723266,3.82517,4.298024,NISQAv2
real_899.wav,3.3122113,2.839326,4.1346297,3.5246637,3.804535,NISQAv2
real_641.wav,3.759171,2.8135326,4.3122406,3.921022,4.135727,NISQAv2
fake_933.wav,3.2520788,3.861311,4.0463786,3.0579722,3.9370892,NISQAv2
real_127.wav,3.9606714,4.260814,4.2047787,3.8546,4.24658,NISQAv2
real_1546.wav,4.2530875,3.9569633,4.4421067,3.8400323,4.32865,NISQAv2
fake_2350.wav,2.7371533,3.2065313,3.4637322,2.3292143,3.4490898,NISQAv2
fake_1881.wav,2.9696093,3.6196864,3.795678,2.525009,3.6055467,NISQAv2
fake_1659.wav,2.7407334,3.1991837,3.460626,2.6556256,3.5744221,NISQAv2
fake_77.wav,2.9382114,3.0989144,4.0493913,2.6675746,3.4969678,NISQAv2
real_1220.wav,3.1671348,3.1029284,3.0923567,2.9823282,3.6693537,NISQAv2
fake_2436.wav,2.614701,3.4740121,3.425695,2.4747708,3.3057265,NISQAv2
fake_700.wav,2.6347091,2.2405958,3.1857271,2.587765,3.4348295,NISQAv2
real_872.wav,3.4357278,3.016916,4.089045,3.5354164,4.031431,NISQAv2
real_1234.wav,3.8341293,3.1191049,4.189394,3.587004,4.101682,NISQAv2
real_866.wav,3.819752,3.2700722,4.2938876,3.7589452,4.173154,NISQAv2
fake_2422.wav,2.7781062,2.5304205,3.8320029,2.958195,3.5850089,NISQAv2
fake_714.wav,2.7588491,3.9981368,2.4948502,2.4360862,3.4473445,NISQAv2
fake_63.wav,3.0855668,2.9413414,3.8350213,2.87371,3.7344496,NISQAv2
fake_1895.wav,3.451389,3.420908,3.6867933,2.970354,3.882872,NISQAv2
real_1552.wav,3.9847088,3.7749822,4.3023787,3.7068274,4.244204,NISQAv2
fake_2344.wav,2.8905222,3.363046,3.8263845,2.618046,3.5368721,NISQAv2
real_2073.wav,4.548811,4.5542197,4.5954943,4.1579843,4.5164495,NISQAv2
fake_1665.wav,3.1006467,3.5308332,3.8430207,3.1054993,3.8156369,NISQAv2
real_696.wav,3.2447057,2.968651,3.2195182,3.3820193,3.607021,NISQAv2
fake_1103.wav,2.6966202,3.0897222,3.5227592,2.6009285,3.5478551,NISQAv2
fake_1117.wav,2.9000096,3.007952,3.5175507,2.5933926,3.7532039,NISQAv2
real_682.wav,2.7269804,3.0953684,2.13573,2.8522124,3.6413715,NISQAv2
fake_728.wav,3.4751723,3.6273644,4.1372056,3.2932236,3.956244,NISQAv2
real_1208.wav,4.290517,4.2198114,4.4029884,4.0627837,4.3738637,NISQAv2
fake_2378.wav,3.3543139,2.8292243,4.2592373,3.3394306,3.9152243,NISQAv2
real_2067.wav,4.6509533,4.5394583,4.6735735,4.2273245,4.5609818,NISQAv2
fake_1671.wav,3.2767582,3.4732955,3.9899542,3.334517,3.9463582,NISQAv2
fake_49.wav,3.2167494,3.0180588,3.8947961,3.0150096,3.868122,NISQAv2
fake_1101.wav,2.4507084,2.9413383,3.2229407,2.4411757,3.4267838,NISQAv2
fake_2408.wav,2.831435,2.9786096,3.770837,2.6289747,3.536187,NISQAv2
real_694.wav,4.149336,2.58127,4.277603,4.0899,4.266158,NISQAv2
real_1578.wav,4.456646,4.270787,4.5222244,4.415871,4.5774145,NISQAv2
real_2071.wav,4.8081255,4.6067967,4.749796,4.3539176,4.6408453,NISQAv2
fake_1667.wav,3.4622202,3.5091279,3.9442413,3.4331496,3.9357495,NISQAv2
real_2065.wav,4.520978,4.061348,4.641198,4.1954527,4.449648,NISQAv2
fake_1673.wav,3.999439,3.8108108,4.44545,3.8338077,4.1722116,NISQAv2
real_858.wav,3.6306512,2.8465974,4.363224,3.883641,4.205519,NISQAv2
real_680.wav,3.1561306,3.1423829,3.2290208,3.1783102,3.5390646,NISQAv2
fake_1115.wav,2.7540343,3.0819762,3.4314723,2.4450867,3.5406868,NISQAv2
real_1222.wav,3.691541,2.8685071,4.2451687,3.7423847,4.0204897,NISQAv2
real_870.wav,3.6357663,3.2847562,4.2220488,3.6603467,4.0245295,NISQAv2
fake_2434.wav,2.642104,3.3417337,3.1755023,2.3367946,3.3249328,NISQAv2
fake_702.wav,3.607392,3.872375,4.1677513,3.32885,4.045252,NISQAv2
fake_75.wav,2.9227333,3.1899843,3.8114383,2.5776267,3.7101111,NISQAv2
fake_1883.wav,3.007991,3.3520606,3.1977727,2.599694,3.601888,NISQAv2
real_1544.wav,3.5573454,3.7502253,4.043561,3.1684835,3.8516946,NISQAv2
fake_2352.wav,3.1586058,3.592032,3.982031,2.8857653,3.7426448,NISQAv2
real_1550.wav,3.214756,3.5076916,3.4170861,2.8595922,3.3648107,NISQAv2
fake_2346.wav,3.0707345,3.5582738,3.8329237,2.6409128,3.6666906,NISQAv2
real_2059.wav,4.431467,4.5744767,4.608582,4.224375,4.526369,NISQAv2
fake_1897.wav,3.2379057,3.3308413,4.212016,3.4286487,4.0025816,NISQAv2
fake_61.wav,3.1684122,3.342346,3.8703532,2.70785,3.787916,NISQAv2
fake_1129.wav,3.2251382,3.1466827,3.9211473,2.89159,3.7687092,NISQAv2
real_1236.wav,3.7263653,2.5994246,4.2750187,3.6089413,4.075076,NISQAv2
fake_2420.wav,2.6397314,2.9319177,3.6729453,2.4753273,3.214974,NISQAv2
fake_716.wav,3.6274579,3.7297473,4.1211996,3.2953327,3.9183028,NISQAv2
real_864.wav,3.632391,3.2419922,4.141974,3.6590862,4.059951,NISQAv2
real_99.wav,4.344622,3.7988045,4.3372765,4.160878,4.4855676,NISQAv2
real_657.wav,4.118621,2.6195986,4.326041,4.0906396,4.219845,NISQAv2
fake_925.wav,3.3954866,3.749615,3.8375905,2.7797465,3.892961,NISQAv2
real_72.wav,3.9408672,3.6542413,4.2550373,3.633279,4.301085,NISQAv2
real_131.wav,4.456345,4.4529414,4.5038705,4.0810733,4.5328727,NISQAv2
real_125.wav,3.969004,4.3723598,4.1438913,3.442312,4.095631,NISQAv2
fake_1868.wav,3.1289485,3.0097892,4.0026846,3.0679896,3.7891753,NISQAv2
fake_931.wav,3.5636609,3.8961911,4.1105165,3.1112354,4.0098357,NISQAv2
real_643.wav,3.5605204,2.572921,3.498405,3.634083,3.9265618,NISQAv2
real_66.wav,4.371136,4.0340586,4.5110226,4.19134,4.4782386,NISQAv2
fake_919.wav,2.87896,3.0543547,3.8893125,2.9787297,3.5066113,NISQAv2
real_1587.wav,4.606414,4.4811654,4.715926,4.4704947,4.6033688,NISQAv2
fake_2391.wav,3.3954608,3.347522,4.402935,3.5661936,3.9108078,NISQAv2
fake_1840.wav,3.2409632,2.0953515,4.2325807,3.4610198,3.8652644,NISQAv2
fake_1698.wav,2.4444938,2.510055,3.4636068,2.1759555,3.4328191,NISQAv2
fake_1854.wav,3.3340108,2.2599485,4.2588067,3.4366007,3.9064953,NISQAv2
real_1593.wav,4.436716,4.4231744,4.52433,4.3406816,4.0885887,NISQAv2
fake_2385.wav,2.9420815,2.8367255,3.8385656,2.8653526,3.4735072,NISQAv2
real_119.wav,4.8715076,4.645156,4.7048225,4.4602113,4.6780934,NISQAv2
fake_1465.wav,2.384234,3.199358,2.9017,2.2473686,3.0121586,NISQAv2
real_2273.wav,4.589309,4.148288,4.661742,4.2237315,4.5863466,NISQAv2
real_496.wav,3.991825,3.3153245,4.29272,4.065877,4.333081,NISQAv2
fake_1303.wav,1.8565351,2.94581,2.4130414,2.29063,3.2387416,NISQAv2
real_2515.wav,4.408269,4.374047,4.5428534,4.10967,4.3336864,NISQAv2
fake_1317.wav,3.4419072,3.873257,3.75433,3.2009335,3.8199682,NISQAv2
real_2501.wav,4.606166,4.4336257,4.5757008,4.2731237,4.5430884,NISQAv2
real_482.wav,2.9702485,1.9423761,4.0891113,3.4559019,3.7747624,NISQAv2
real_1008.wav,4.2206087,3.2023568,4.445257,4.1732593,4.333779,NISQAv2
fake_528.wav,3.4216526,2.8729675,4.2321763,3.3654869,3.803665,NISQAv2
fake_2178.wav,2.3926642,2.6117947,3.486601,2.131101,3.3538678,NISQAv2
fake_1471.wav,2.4123418,2.595326,3.2654617,2.6779575,3.2529247,NISQAv2
real_2267.wav,4.801585,4.3292317,4.804173,4.4994855,4.712955,NISQAv2
fake_266.wav,3.1471164,3.8326967,3.956187,3.167563,3.7136557,NISQAv2
fake_2150.wav,2.3744564,3.2070851,3.176758,2.0561416,3.4328437,NISQAv2
real_1746.wav,4.060528,3.2129092,4.2293186,3.9509804,4.2789383,NISQAv2
fake_1459.wav,3.0155241,3.5042906,3.9825613,2.9624789,3.7367256,NISQAv2
real_2529.wav,3.5803921,3.6566164,3.3665733,3.4866662,3.9527647,NISQAv2
fake_500.wav,2.872102,2.1741312,4.1011996,3.2831714,3.6733353,NISQAv2
real_1020.wav,4.4405174,4.094539,4.476017,4.226441,4.4818854,NISQAv2
fake_514.wav,2.9157975,2.294531,3.8510706,2.6819189,3.455395,NISQAv2
real_1034.wav,3.8684952,3.595792,4.4259124,3.9972336,4.208829,NISQAv2
fake_272.wav,2.9726732,2.9039621,3.9842155,2.9827344,3.7092564,NISQAv2
fake_2144.wav,2.330578,3.1890821,3.3515165,2.3045638,3.301473,NISQAv2
real_1752.wav,4.220008,3.6422148,4.5515704,4.22136,4.391703,NISQAv2
real_1961.wav,2.5468147,3.068466,3.7542386,3.0223482,3.11217,NISQAv2
real_333.wav,4.412896,4.3950133,4.5774713,4.0462623,4.4288,NISQAv2
fake_299.wav,3.4134119,3.7983904,4.1128635,3.0689104,3.8615077,NISQAv2
real_455.wav,4.2556047,3.8083537,4.3811464,3.9600055,4.317343,NISQAv2
real_441.wav,4.4331,3.766873,4.429302,4.1764674,4.4606557,NISQAv2
real_1975.wav,3.225656,3.4995425,3.934118,2.6246464,3.5960052,NISQAv2
real_327.wav,4.466631,4.1720653,4.593932,4.107145,4.451915,NISQAv2
fake_2193.wav,2.9599898,3.3261755,3.7347982,2.1824696,3.5842574,NISQAv2
real_1785.wav,4.137066,2.8751502,4.445916,4.2091594,4.3824964,NISQAv2
real_469.wav,4.8192687,4.6023035,4.7112355,4.4189076,4.598737,NISQAv2
real_1949.wav,3.5639884,3.0919912,4.0751324,3.4447916,3.3288229,NISQAv2
fake_2187.wav,2.7907526,2.773745,3.7249959,2.563146,3.6238768,NISQAv2
real_1791.wav,3.3425386,2.102862,4.260856,3.9623427,3.8605533,NISQAv2
real_2298.wav,4.4659367,4.176096,4.491619,4.174317,4.4482436,NISQAv2
fake_1511.wav,2.554655,3.1858785,3.4810593,2.7000396,3.3492286,NISQAv2
real_2307.wav,4.754577,4.495871,4.745022,4.3397794,4.646342,NISQAv2
real_284.wav,4.5465727,4.05565,4.5299206,4.0146627,4.42009,NISQAv2
fake_2018.wav,1.4296156,1.5851628,2.7322345,1.8339754,2.3121908,NISQAv2
real_1168.wav,2.85012,3.33622,2.462281,2.5958679,3.5352983,NISQAv2
fake_448.wav,2.4399297,2.9319544,3.64604,2.2595615,3.469416,NISQAv2
fake_1277.wav,3.3865576,2.1073582,4.2823772,3.555838,3.761384,NISQAv2
real_2461.wav,4.0339155,3.3182676,3.8597653,3.6294127,3.9735122,NISQAv2
fake_1263.wav,3.2246637,2.6990259,4.0481524,3.1508913,3.6792595,NISQAv2
real_2475.wav,3.2588985,3.0947769,4.100941,3.378183,3.5626087,NISQAv2
real_290.wav,4.82218,4.463988,4.7638288,4.353787,4.6514077,NISQAv2
fake_1505.wav,2.245063,3.1191444,2.855338,2.4141533,3.189494,NISQAv2
real_2313.wav,4.6153073,4.270904,4.6127024,4.260382,4.553494,NISQAv2
fake_312.wav,3.5914116,3.6899931,4.1434145,3.1671267,3.9672508,NISQAv2
fake_2024.wav,1.7358145,2.187376,2.887823,1.9619039,2.648713,NISQAv2
real_1632.wav,4.46548,4.0180783,4.654104,4.2945848,4.309993,NISQAv2
fake_474.wav,2.9501035,2.8479393,3.7317097,2.8312762,3.6484034,NISQAv2
real_1154.wav,4.364259,4.124003,4.514621,4.215246,4.483286,NISQAv2
fake_460.wav,2.7868464,2.7611454,4.0268383,2.648008,3.570094,NISQAv2
real_1140.wav,4.1274986,3.8794825,4.2423854,3.9471405,4.2417397,NISQAv2
real_2449.wav,3.2888858,3.2317443,4.106918,3.4379566,3.2957308,NISQAv2
fake_1539.wav,2.8052955,3.47526,3.5104535,2.487536,3.541866,NISQAv2
fake_306.wav,3.379309,3.6006134,4.1353116,3.0378947,3.7891235,NISQAv2
fake_2030.wav,3.002335,3.7671766,3.8275988,2.5138257,3.7060335,NISQAv2
real_1626.wav,3.8662076,3.7615025,4.466099,4.2076197,4.1176367,NISQAv2
real_1815.wav,3.8240728,2.6920214,4.478018,4.134835,4.160733,NISQAv2
real_247.wav,4.4036503,4.3192945,4.5368204,4.0391407,4.3988996,NISQAv2
real_521.wav,4.0196075,2.863313,4.4853797,4.1655526,4.2971606,NISQAv2
real_535.wav,3.8800483,2.880985,4.072372,4.0923047,4.0534143,NISQAv2
real_1801.wav,3.5360992,2.3329594,4.4062777,4.041968,4.1150303,NISQAv2
real_253.wav,4.4451895,4.1588645,4.3880095,4.035147,4.2949643,NISQAv2
real_1829.wav,3.2736948,2.0085208,4.2061024,3.9766874,4.014647,NISQAv2
real_1197.wav,4.5456867,4.089595,4.58863,4.253499,4.5930324,NISQAv2
fake_1288.wav,2.797115,3.5188568,3.214445,2.59316,3.4236648,NISQAv2
real_509.wav,4.0572987,4.185452,3.931294,4.1800513,4.313577,NISQAv2
real_1183.wav,4.5737,4.348935,4.51134,4.2897263,4.474854,NISQAv2
fake_1075.wav,2.8468614,2.6547892,3.8610747,2.677643,3.5330937,NISQAv2
fake_892.wav,2.5976486,2.08804,4.039343,2.9337542,3.2074199,NISQAv2
real_938.wav,4.734872,4.5685406,4.7229185,4.34724,4.611974,NISQAv2
real_2105.wav,3.9804506,4.111489,4.243577,3.7620375,4.2166038,NISQAv2
fake_1713.wav,2.3681781,2.0303156,3.4861712,2.6699126,3.3941355,NISQAv2
real_2111.wav,3.7437494,3.4575756,4.1187577,3.7609136,4.1245723,NISQAv2
fake_1707.wav,2.39094,2.3665974,3.3953245,2.2151177,3.4197345,NISQAv2
fake_138.wav,2.8832953,3.5714648,3.5955675,2.6316736,3.6510513,NISQAv2
real_1418.wav,4.096133,3.1033661,4.425842,4.158479,4.310966,NISQAv2
fake_886.wav,2.6246617,1.9823518,3.8941936,2.7270215,3.2744668,NISQAv2
fake_2568.wav,2.7628262,2.6844642,3.4070837,2.4634776,3.5041826,NISQAv2
fake_1061.wav,3.2928896,2.6471486,4.156595,3.5109832,3.8127344,NISQAv2
real_1356.wav,3.0239785,3.6454592,3.1659598,2.7479866,3.5896804,NISQAv2
fake_2540.wav,2.7433841,3.1146085,3.613328,2.2578237,3.5796125,NISQAv2
fake_676.wav,2.225386,2.632706,2.131687,2.340997,3.2476122,NISQAv2
real_904.wav,3.2736685,3.0840175,4.027408,3.2942348,3.7713974,NISQAv2
fake_1049.wav,3.5507338,3.0537813,4.319165,3.8113313,4.1108313,NISQAv2
real_2139.wav,3.8064506,4.280907,4.3013535,3.3950803,4.110686,NISQAv2
real_1430.wav,3.8813279,2.3037198,4.2817116,3.9209082,4.1857677,NISQAv2
fake_110.wav,2.694614,3.977615,3.8107228,2.5702477,3.4466202,NISQAv2
fake_2226.wav,2.7482326,3.1084547,3.631944,2.3664377,3.595933,NISQAv2
real_1424.wav,4.201806,3.1442988,4.270559,4.0896864,4.332559,NISQAv2
fake_104.wav,3.0165546,3.0102863,3.9180815,2.8587286,3.7500253,NISQAv2
fake_2232.wav,2.47356,2.6293616,3.6144092,2.3054945,3.318723,NISQAv2
real_1342.wav,3.9271078,4.1791043,4.2375274,3.7825165,4.2229047,NISQAv2
real_910.wav,3.8198447,3.6117444,4.2601495,3.706858,4.0761228,NISQAv2
fake_2554.wav,3.6130185,3.8368835,4.238515,3.4137099,3.927778,NISQAv2
fake_662.wav,3.1873224,2.8472612,3.8610198,3.218105,3.6445012,NISQAv2
fake_689.wav,2.7714055,2.376683,3.7304637,2.6766024,3.8550005,NISQAv2
fake_851.wav,2.8164651,2.3742874,4.0215487,2.8440874,3.5778089,NISQAv2
real_723.wav,4.4902334,4.2213697,4.5948877,4.3513765,4.5230107,NISQAv2
fake_1908.wav,3.0565875,2.6152503,3.9480982,2.8897545,3.6558576,NISQAv2
real_737.wav,4.681967,4.5565076,4.766556,4.4030585,4.6348257,NISQAv2
fake_845.wav,2.28228,2.31759,3.724728,2.5712256,3.3732913,NISQAv2
real_1395.wav,4.236634,4.121364,4.403283,4.1047797,4.2253146,NISQAv2
fake_2583.wav,3.1481094,2.6427486,4.0676913,3.1485388,3.7580564,NISQAv2
fake_1934.wav,3.3381927,3.7389252,3.6660216,3.0087547,3.8640244,NISQAv2
fake_1920.wav,3.0371242,3.427341,3.4256437,2.689379,3.6996372,NISQAv2
real_1381.wav,4.140847,4.187697,4.3501406,4.1107545,4.1525025,NISQAv2
fake_2597.wav,2.7774827,2.781818,3.8097703,2.6666481,3.541147,NISQAv2
fake_879.wav,2.4440715,2.0317125,3.7301278,2.7598753,3.1546803,NISQAv2
fake_1921.wav,3.0393384,3.5346828,3.4717457,2.614368,3.6723554,NISQAv2
fake_878.wav,2.4232438,2.0839186,3.2701738,2.4617398,3.063555,NISQAv2
fake_2596.wav,2.999151,2.851593,3.7305467,2.6837008,3.6888187,NISQAv2
real_1380.wav,4.753537,4.392757,4.748185,4.479323,4.689588,NISQAv2
fake_2582.wav,2.8832848,2.6399736,3.7418945,2.8249161,3.541881,NISQAv2
real_1394.wav,4.2697873,4.086371,4.386759,4.007263,4.2546277,NISQAv2
fake_1935.wav,2.351307,3.5904179,2.5153162,2.4906223,3.348169,NISQAv2
fake_844.wav,2.4771616,2.2873433,3.5118172,2.498679,3.4476774,NISQAv2
real_736.wav,4.53421,4.3718166,4.688666,4.2860656,4.5476937,NISQAv2
real_722.wav,4.284158,4.2518206,4.4406915,3.9615831,4.4575896,NISQAv2
fake_850.wav,2.4310453,2.2751224,4.2007475,3.3460824,3.7243874,NISQAv2
fake_688.wav,2.260519,2.580701,2.7652512,2.0653481,3.1760437,NISQAv2
fake_1909.wav,2.6170218,3.0321696,3.2087398,2.239296,3.2826939,NISQAv2
fake_2233.wav,3.4306126,3.534484,3.898774,2.9180586,3.8651352,NISQAv2
fake_105.wav,2.9349961,3.1237977,3.994155,2.562268,3.611912,NISQAv2
real_1425.wav,3.7891905,3.4333389,4.204625,3.7388155,4.123826,NISQAv2
fake_663.wav,2.9982615,2.6094773,3.6134903,2.9106596,3.667161,NISQAv2
fake_2555.wav,3.7974088,4.11495,4.1892567,3.4596891,4.0515876,NISQAv2
real_911.wav,3.6765134,3.471646,4.1337075,3.6134036,4.014256,NISQAv2
real_1343.wav,3.8373911,4.0048957,4.0673013,3.8114364,4.181067,NISQAv2
fake_1048.wav,3.0309417,2.7067845,3.9260738,3.1138551,3.4305024,NISQAv2
real_905.wav,3.8325417,3.6231883,4.3241854,3.9700654,4.149586,NISQAv2
fake_677.wav,3.0968184,2.7903004,3.7042644,2.8944454,3.7460845,NISQAv2
fake_2541.wav,3.7650898,3.6585362,4.5068493,3.9269068,4.1069374,NISQAv2
real_1357.wav,2.6087785,3.500093,2.6344466,2.6292264,3.433592,NISQAv2
fake_2227.wav,3.0298362,3.5206454,4.044592,2.636288,3.7340627,NISQAv2
fake_111.wav,2.6216142,3.5432744,3.4660673,2.8753262,3.5053532,NISQAv2
real_1431.wav,3.4098794,2.366433,4.008109,3.2821972,3.7987874,NISQAv2
real_2138.wav,4.2508125,3.8511744,4.37551,3.9881232,4.3544173,NISQAv2
real_1419.wav,3.4441278,2.7850735,3.47723,3.190264,4.030953,NISQAv2
fake_139.wav,2.7929676,3.355563,3.63082,2.7517262,3.667857,NISQAv2
fake_1706.wav,2.4715958,2.4395244,3.776014,2.9831493,3.3867705,NISQAv2
real_2110.wav,3.4762418,3.4055574,4.0903215,3.4377968,3.9102986,NISQAv2
fake_1060.wav,3.2307067,2.70105,4.1484895,3.5221627,3.8256829,NISQAv2
fake_2569.wav,3.114032,2.5941372,3.8854065,2.865019,3.6677232,NISQAv2
fake_887.wav,2.4085011,2.173002,3.5723484,2.7266138,3.116215,NISQAv2
real_939.wav,4.8434715,4.4650445,4.796399,4.4839153,4.654176,NISQAv2
fake_893.wav,2.4317696,2.107149,3.9489555,2.7142222,3.1366818,NISQAv2
fake_1074.wav,2.9283345,3.1491487,3.7795298,2.6502225,3.4539921,NISQAv2
fake_1712.wav,2.441376,2.0233896,3.460033,2.4544098,3.3839984,NISQAv2
real_2104.wav,4.103177,4.0103645,4.3177595,3.9668372,4.367155,NISQAv2
real_1182.wav,4.518399,4.0599318,4.506885,4.298513,4.5181317,NISQAv2
real_508.wav,4.419779,4.0656834,4.255348,4.209107,4.407127,NISQAv2
real_1828.wav,3.9577441,2.4025881,4.511174,4.183461,4.078633,NISQAv2
fake_1289.wav,1.6962037,2.5237134,2.6226559,2.399976,3.006131,NISQAv2
real_1196.wav,4.337693,4.040394,4.456297,4.1298995,4.3303676,NISQAv2
real_534.wav,4.2105765,3.293123,4.362547,4.225129,4.3801436,NISQAv2
real_252.wav,3.8258903,3.976751,4.083855,3.319055,4.0933905,NISQAv2
real_1800.wav,3.556337,2.70452,4.356567,3.657175,3.737068,NISQAv2
real_246.wav,4.5149503,4.425609,4.533227,4.1004357,4.465077,NISQAv2
real_1814.wav,3.687092,2.5069005,4.3649025,4.0874805,4.1026964,NISQAv2
real_520.wav,4.126847,3.2850115,4.3985806,4.1617017,4.3070025,NISQAv2
real_2448.wav,3.1615965,3.2246084,4.1958895,3.4567022,3.5625818,NISQAv2
real_1141.wav,3.7237284,4.01646,3.8010576,3.3763433,4.0960684,NISQAv2
fake_461.wav,2.4491317,2.681035,3.7310216,2.509403,3.5082057,NISQAv2
real_1627.wav,3.7343342,3.8005931,4.382274,3.8888204,4.1178746,NISQAv2
fake_2031.wav,2.7958558,3.576662,3.9869115,2.4105232,3.5028155,NISQAv2
fake_307.wav,3.1425352,3.6947055,3.847252,2.6463149,3.6630788,NISQAv2
fake_1538.wav,2.7466853,3.2868438,3.4949174,2.649588,3.4784641,NISQAv2
real_1633.wav,3.6771348,3.9240499,4.034733,3.8585234,3.8748643,NISQAv2
fake_2025.wav,1.3478019,1.8595085,2.433645,1.7696843,2.2379193,NISQAv2
fake_313.wav,3.47605,3.8069696,4.0794244,3.1943848,3.9510903,NISQAv2
real_1155.wav,3.8870573,3.5074596,3.7342558,3.794429,4.1533217,NISQAv2
fake_475.wav,2.8204195,3.0136688,3.8356693,2.4945767,3.6853008,NISQAv2
real_2474.wav,3.7891257,3.0349581,4.1031814,3.7991667,3.9365351,NISQAv2
fake_1262.wav,3.5547075,2.2729144,4.30122,3.493751,3.9335485,NISQAv2
real_2312.wav,4.7884827,4.5089555,4.760957,4.3645344,4.6584544,NISQAv2
fake_1504.wav,2.9303157,3.4321115,3.6443408,2.6665993,3.431937,NISQAv2
real_291.wav,4.626428,4.2670884,4.7110233,4.2881703,4.5728025,NISQAv2
fake_2019.wav,1.9541452,2.4816911,2.8700564,2.1425622,2.8111563,NISQAv2
real_285.wav,4.5792866,4.369642,4.654558,4.2692437,4.484386,NISQAv2
real_2306.wav,4.602947,4.3614836,4.71231,4.3389564,4.555817,NISQAv2
fake_1510.wav,3.6423292,3.7874177,4.1998606,3.6974993,3.9478457,NISQAv2
real_2460.wav,4.0077004,3.4770792,4.2008057,4.1237803,4.132982,NISQAv2
fake_1276.wav,3.3101163,2.874983,4.048765,3.3052704,3.8151426,NISQAv2
fake_449.wav,3.171516,3.7126105,3.7671008,2.884248,3.4804208,NISQAv2
real_1169.wav,4.2559376,4.107198,4.5349913,4.037493,4.336353,NISQAv2
real_2299.wav,4.5353565,4.322011,4.6956644,4.327077,4.529624,NISQAv2
real_1790.wav,3.4308927,2.0814338,4.1386366,3.9224474,3.941605,NISQAv2
fake_2186.wav,2.1154716,2.4417708,3.6463568,2.5244546,3.1243894,NISQAv2
real_1948.wav,4.2122455,4.069808,4.433478,3.7902286,4.2316327,NISQAv2
real_1784.wav,4.055739,3.3357003,4.3202143,3.8452578,4.31233,NISQAv2
fake_2192.wav,3.0219822,3.117956,3.7668216,2.5750322,3.689169,NISQAv2
real_468.wav,4.246192,3.647123,4.235978,3.6298373,3.9809475,NISQAv2
real_440.wav,4.5893054,4.3178754,4.61703,4.133038,4.402679,NISQAv2
real_326.wav,4.628472,4.360225,4.7467117,4.2827106,4.5246444,NISQAv2
real_1974.wav,3.5634167,3.6580534,4.0464983,3.2404568,3.8870018,NISQAv2
fake_298.wav,3.2815185,3.3026807,4.0811253,2.9774098,3.832589,NISQAv2
real_332.wav,4.5212193,4.4318895,4.63595,4.118192,4.4836307,NISQAv2
real_1960.wav,3.33266,3.2595243,3.9784567,3.1553562,3.7024386,NISQAv2
real_454.wav,4.3566675,3.9895995,4.4459434,3.9422495,4.301641,NISQAv2
real_1035.wav,3.8429532,3.6954472,4.406518,3.8708117,4.1194863,NISQAv2
fake_515.wav,2.4771278,2.3064296,3.481911,2.6847827,3.2428277,NISQAv2
real_1753.wav,4.3295207,4.0333676,4.4073906,4.153402,4.4502773,NISQAv2
fake_2145.wav,2.561547,3.5116525,3.4024842,2.249384,3.360953,NISQAv2
fake_273.wav,2.8895664,2.9163678,3.9045243,2.9812922,3.6818047,NISQAv2
fake_1458.wav,2.893945,3.1497169,3.866496,2.7770367,3.7290304,NISQAv2
real_1747.wav,4.204486,3.6732132,4.2150965,3.962126,4.3697586,NISQAv2
fake_2151.wav,2.7612832,3.454831,3.7220948,2.5551279,3.4798968,NISQAv2
fake_267.wav,3.0845282,2.9654691,4.0628986,3.017259,3.7463112,NISQAv2
real_1021.wav,4.70006,4.4524183,4.6823854,4.4174604,4.6114755,NISQAv2
fake_501.wav,2.802655,2.688371,3.9478228,3.163172,3.8504164,NISQAv2
real_2528.wav,4.2593837,4.170426,4.485506,3.9807215,4.2817807,NISQAv2
fake_529.wav,3.1673682,2.8404734,4.030347,3.1434672,3.779862,NISQAv2
real_1009.wav,4.3724594,3.1193583,4.529068,4.281648,4.370867,NISQAv2
real_483.wav,2.3334243,1.9619284,3.8571036,2.6694753,3.2482421,NISQAv2
real_2500.wav,3.8384652,3.753713,4.2969527,3.8819613,3.1937175,NISQAv2
fake_1316.wav,3.0744069,3.6409204,3.5965116,2.8203304,3.6793976,NISQAv2
real_2266.wav,4.6173863,3.99994,4.7352324,4.3739476,4.6170216,NISQAv2
fake_1470.wav,2.498419,3.2867548,3.2316267,2.9680765,3.3545153,NISQAv2
fake_2179.wav,2.3959665,2.735445,3.2661588,2.4281476,3.3872244,NISQAv2
real_2272.wav,4.5376387,3.9165542,4.6143303,4.2428827,4.541539,NISQAv2
fake_1464.wav,3.3675952,3.6145651,3.8430228,3.181543,3.7745602,NISQAv2
real_2514.wav,4.5819626,4.429573,4.5717115,4.2462554,4.492642,NISQAv2
fake_1302.wav,2.2443085,3.2307265,3.3632398,2.7030456,3.37029,NISQAv2
real_497.wav,3.9272501,2.6237633,4.4938526,4.2926536,4.3289504,NISQAv2
real_118.wav,4.7751865,4.631187,4.6319876,4.354485,4.631578,NISQAv2
fake_2384.wav,3.2971354,2.931578,4.096044,3.2234046,3.8200867,NISQAv2
real_1592.wav,4.287337,4.315919,4.3489227,4.1348453,4.1380105,NISQAv2
fake_1855.wav,3.1060362,2.0759447,4.28706,3.464603,3.8264108,NISQAv2
fake_918.wav,3.0107303,3.106304,3.8509817,3.0149496,3.539869,NISQAv2
fake_1699.wav,2.3034327,2.4262764,3.4580119,2.3386595,3.2887142,NISQAv2
fake_1841.wav,2.8424613,2.0679774,4.0159874,3.1432302,3.5605686,NISQAv2
fake_2390.wav,3.5284455,3.1668289,4.2388725,3.562147,3.933891,NISQAv2
real_1586.wav,4.7050753,4.4412174,4.695365,4.5599103,4.6983995,NISQAv2
fake_1869.wav,3.3046408,3.0878885,4.1598477,3.6392262,3.9940271,NISQAv2
real_124.wav,4.213354,4.427235,4.3231015,3.9220142,4.3611317,NISQAv2
real_67.wav,3.9467027,3.5688002,4.3901567,3.7778509,4.305469,NISQAv2
real_642.wav,3.913763,2.6312957,4.2246294,3.9166243,4.1536107,NISQAv2
fake_930.wav,3.3787208,3.774992,3.9788845,2.9933825,3.9136424,NISQAv2
real_73.wav,4.16296,3.7041771,4.4465475,4.0542116,4.4438653,NISQAv2
fake_924.wav,3.154272,3.105302,3.7001007,2.8889453,3.8184397,NISQAv2
real_656.wav,3.84798,3.52962,4.203904,3.9626784,4.0806503,NISQAv2
real_130.wav,4.442931,4.438496,4.492613,4.125171,4.5160832,NISQAv2
fake_1896.wav,3.0973265,3.1524532,4.1260753,3.1331592,3.8568494,NISQAv2
real_2058.wav,4.8217916,4.7342925,4.8036537,4.451817,4.6929884,NISQAv2
fake_2347.wav,3.1609876,3.5241024,3.8456638,2.9632494,3.734212,NISQAv2
real_1551.wav,4.090782,3.5681746,4.285358,3.7257378,4.2655673,NISQAv2
real_98.wav,4.5541883,4.1673265,4.6330824,4.271439,4.590914,NISQAv2
real_865.wav,3.882708,3.3885787,4.430832,4.024201,4.3044105,NISQAv2
fake_717.wav,3.515856,3.838599,4.19144,3.1446784,3.9109576,NISQAv2
fake_2421.wav,3.1827414,2.6177528,3.9339366,3.0843143,3.860006,NISQAv2
real_1237.wav,3.897712,2.814895,4.317299,3.90694,4.1228023,NISQAv2
fake_1128.wav,2.9286435,2.708551,3.7353027,2.5638623,3.6575775,NISQAv2
fake_60.wav,3.472216,3.3190167,3.9295452,3.256246,3.950753,NISQAv2
fake_74.wav,2.9916518,3.055761,3.969494,2.9516199,3.7821004,NISQAv2
fake_703.wav,3.0964158,3.654155,4.05724,2.9786103,3.7838666,NISQAv2
fake_2435.wav,2.7555768,3.4920413,3.305833,2.3430583,3.374572,NISQAv2
real_871.wav,2.934829,2.9396582,3.6891522,2.7665582,3.7514484,NISQAv2
real_1223.wav,3.8550203,2.817535,4.387929,3.8424308,4.1233516,NISQAv2
fake_2353.wav,3.1446402,3.6864362,3.9354486,2.8288743,3.6670477,NISQAv2
real_1545.wav,4.1172624,4.0250735,4.3998027,3.8695061,4.2783093,NISQAv2
fake_1882.wav,3.5248148,3.8843954,4.109483,3.2955096,3.8739069,NISQAv2
fake_1672.wav,3.287762,3.54932,4.131589,3.4562325,3.8972132,NISQAv2
real_2064.wav,4.281913,3.198853,4.57781,4.1094785,4.3757334,NISQAv2
fake_1114.wav,2.8457682,2.9947665,3.8368618,2.5371625,3.6453059,NISQAv2
real_681.wav,3.5061057,2.9958155,3.000171,3.5694237,3.6829379,NISQAv2
real_859.wav,3.6563165,2.939864,4.4163227,3.8834994,4.1433096,NISQAv2
real_695.wav,3.381047,2.7619913,2.934541,3.4858234,4.023714,NISQAv2
fake_2409.wav,3.3884416,3.0709827,4.242023,3.3171654,3.9305453,NISQAv2
fake_1100.wav,2.9411476,3.1587737,3.8350396,2.9192183,3.7071786,NISQAv2
fake_48.wav,2.549626,2.3250048,3.6186852,2.6577575,3.6751904,NISQAv2
fake_1666.wav,2.8439188,3.2301762,3.893109,2.9718297,3.66346,NISQAv2
real_2070.wav,4.71421,4.6116166,4.7503815,4.3399625,4.6399045,NISQAv2
real_1579.wav,4.821656,4.5831285,4.7661347,4.585938,4.7475123,NISQAv2
real_2048.wav,3.3227646,3.8512576,3.4039335,3.1261234,3.7684956,NISQAv2
fake_1886.wav,3.0865214,3.6432672,3.4792821,2.7342374,3.6845129,NISQAv2
real_1541.wav,3.8631027,3.7761555,4.3689938,3.6968539,4.1506553,NISQAv2
fake_2357.wav,3.6212943,3.0802681,4.3455467,3.5493243,3.9965997,NISQAv2
real_88.wav,4.462051,3.8765023,4.5878105,4.3135576,4.5704374,NISQAv2
real_1227.wav,3.9702532,3.2647953,4.4736576,4.014758,3.9942863,NISQAv2
real_875.wav,2.8520503,1.8949058,4.224112,3.5637527,3.6743653,NISQAv2
fake_2431.wav,2.4046643,3.1764498,3.031203,2.1411,3.110439,NISQAv2
fake_707.wav,3.4642327,3.8651407,3.9933455,3.0657678,3.9982169,NISQAv2
fake_70.wav,2.7276866,2.7148607,3.6031938,2.9414537,3.5430708,NISQAv2
fake_1138.wav,1.8630118,2.7130575,2.52383,1.9454435,2.908114,NISQAv2
fake_64.wav,2.690842,2.790625,3.7920916,2.6690607,3.5107353,NISQAv2
real_1233.wav,3.8355691,3.0849416,4.293001,3.8307374,3.9844258,NISQAv2
fake_2425.wav,3.3445008,3.010111,4.207264,3.4328754,3.9061244,NISQAv2
fake_713.wav,3.128759,3.4681695,3.907636,2.7644143,3.7233267,NISQAv2
real_861.wav,3.5143409,3.0162263,4.092513,3.429632,3.9295695,NISQAv2
real_1555.wav,4.190245,4.0480103,4.301167,3.7591262,4.2089887,NISQAv2
fake_2343.wav,3.0070374,3.6171682,3.7746382,2.7285652,3.6896422,NISQAv2
fake_1892.wav,2.8688424,3.46408,2.892231,2.594727,3.6051753,NISQAv2
real_2074.wav,4.2495546,4.2441506,4.359497,3.8966684,4.372424,NISQAv2
fake_1662.wav,3.2257726,3.309916,3.863335,3.3198872,3.865674,NISQAv2
fake_1104.wav,2.6255329,2.9960551,3.3575647,2.5448732,3.4290388,NISQAv2
real_849.wav,4.032423,3.250536,4.451564,3.9109309,4.2991347,NISQAv2
real_691.wav,3.3597229,2.6050007,3.5740335,3.1796448,3.8398135,NISQAv2
fake_2419.wav,3.4023197,2.752726,4.192194,3.4096527,3.8345027,NISQAv2
real_685.wav,4.0449343,2.5068505,4.0630383,3.7993367,4.1920066,NISQAv2
fake_58.wav,2.345907,3.014865,3.8140924,2.323186,3.3338158,NISQAv2
fake_1110.wav,2.72697,3.0819032,3.122616,2.5400608,3.5350745,NISQAv2
real_2060.wav,4.692611,4.406342,4.6528015,4.2517395,4.5535736,NISQAv2
fake_1676.wav,3.3084424,3.198401,3.8606198,3.6522834,4.0044208,NISQAv2
real_1569.wav,4.4428854,4.160376,4.4255304,4.140521,4.4190574,NISQAv2
real_1582.wav,4.674732,4.4605136,4.6712675,4.372233,4.6099086,NISQAv2
fake_2394.wav,3.1301658,2.8252697,3.978884,3.078461,3.7216263,NISQAv2
real_108.wav,4.2806044,3.7045422,4.47007,4.222141,4.428089,NISQAv2
fake_1845.wav,3.3793747,2.4290614,3.9905505,3.4433753,3.7911358,NISQAv2
fake_908.wav,2.432617,2.7583477,3.2815917,2.4628875,3.2504761,NISQAv2
fake_1851.wav,3.3649137,2.9035919,3.9082975,3.260686,3.916284,NISQAv2
fake_1689.wav,2.1138742,2.0734525,3.0004442,2.186312,3.3601458,NISQAv2
real_1596.wav,4.3018985,4.4040065,4.5599375,4.276637,4.3100486,NISQAv2
fake_2380.wav,3.0009058,2.8399029,4.002593,2.8520293,3.6541934,NISQAv2
fake_1879.wav,3.866679,2.9533083,4.2741904,3.5319707,4.098561,NISQAv2
real_134.wav,3.7175534,4.153853,3.9727733,3.2723606,4.180313,NISQAv2
real_652.wav,4.147458,2.8037012,4.4716663,4.1925855,3.7387292,NISQAv2
fake_920.wav,3.5163054,3.7603424,4.095968,3.1905847,4.0322185,NISQAv2
real_77.wav,4.599367,3.2262452,4.8011737,4.513112,4.622051,NISQAv2
fake_934.wav,3.3588712,3.7390661,4.0658135,2.901337,3.830398,NISQAv2
real_646.wav,3.3343089,2.8202708,3.4300888,3.301445,3.1901152,NISQAv2
real_63.wav,4.355155,3.8467796,4.517097,4.1116605,4.42766,NISQAv2
real_120.wav,4.75832,4.6135745,4.6677628,4.350137,4.6392317,NISQAv2
fake_505.wav,3.366429,2.9096968,4.0815167,3.3587577,3.8600366,NISQAv2
real_1025.wav,4.463878,4.0350647,4.4842095,4.3706536,4.3674936,NISQAv2
fake_263.wav,2.9503577,3.4174178,3.8416364,2.8986418,3.549493,NISQAv2
fake_2155.wav,2.3994966,3.3473055,3.288417,2.3782017,3.346579,NISQAv2
real_1743.wav,3.7032883,3.0062828,4.158478,3.7238564,4.182438,NISQAv2
fake_1448.wav,2.7969818,3.21439,3.56772,2.6048672,3.5828588,NISQAv2
fake_277.wav,2.6886184,3.5693252,3.8088553,2.2424629,3.4036233,NISQAv2
fake_2141.wav,2.6263206,3.1525612,3.6804707,2.3593576,3.4026546,NISQAv2
real_1757.wav,4.1889114,3.1948862,4.4122834,4.032212,4.396395,NISQAv2
fake_511.wav,2.6997056,2.289287,3.8077252,2.9241102,3.3167715,NISQAv2
real_1031.wav,3.7521713,3.4191844,4.33444,3.9376929,3.9466534,NISQAv2
real_2538.wav,4.506591,4.375827,4.53168,4.1787515,4.308456,NISQAv2
real_493.wav,3.1396992,2.481576,3.9533503,3.4228492,3.9288518,NISQAv2
real_1019.wav,4.5283003,3.9017045,4.5963545,4.210915,4.5147734,NISQAv2
fake_539.wav,2.951769,2.4841182,3.7211235,3.0442073,3.4337976,NISQAv2
fake_1306.wav,2.854143,3.4227355,3.2120557,2.5075161,3.6520555,NISQAv2
real_2510.wav,4.481823,4.158727,4.4606924,4.148456,4.401493,NISQAv2
fake_1460.wav,2.7939517,3.2977126,3.7014654,2.5688965,3.6226723,NISQAv2
real_2276.wav,4.561941,4.225244,4.746455,4.2826543,4.5820336,NISQAv2
fake_2169.wav,2.8694863,2.9862292,3.550093,2.506684,3.6114016,NISQAv2
fake_1474.wav,3.1058762,3.601661,3.72875,2.895968,3.5359652,NISQAv2
real_2262.wav,4.720421,4.0230064,4.754079,4.4147964,4.6384416,NISQAv2
fake_1312.wav,2.8609107,3.431743,3.405364,2.6181993,3.5454051,NISQAv2
real_2504.wav,4.5846286,4.282197,4.5070057,4.3105226,4.5156546,NISQAv2
real_487.wav,2.2492769,2.1583972,3.9232733,2.27964,3.079983,NISQAv2
real_2289.wav,4.508457,4.208013,4.6614165,4.281892,4.5327754,NISQAv2
real_1958.wav,3.4463112,3.3582814,4.038051,3.7390974,3.7756066,NISQAv2
fake_2196.wav,2.9268215,2.658994,3.3965874,2.4536798,3.5866013,NISQAv2
real_1780.wav,4.1902046,3.4672287,4.413339,4.031335,4.297771,NISQAv2
fake_2182.wav,2.3450077,2.8172977,3.0927837,2.1408963,3.288494,NISQAv2
real_1794.wav,3.398074,1.6369822,4.3989115,4.014272,3.8717782,NISQAv2
real_478.wav,4.683707,4.073147,4.5280795,4.2757597,4.456086,NISQAv2
real_450.wav,4.1027775,3.7827477,4.3040743,4.00205,4.340379,NISQAv2
real_1964.wav,2.7359111,3.0935776,3.9693487,3.1809576,3.5602777,NISQAv2
real_336.wav,3.571077,3.4008803,4.070044,3.6136827,3.9462037,NISQAv2
real_1970.wav,3.300983,3.4436,3.9561584,3.2247381,3.7549279,NISQAv2
real_322.wav,4.5972424,4.4526143,4.757359,4.332212,4.558266,NISQAv2
fake_288.wav,2.936492,3.4921172,3.6873868,2.590268,3.5956662,NISQAv2
real_444.wav,4.467041,4.413237,4.552946,4.2477384,4.4006114,NISQAv2
real_2458.wav,3.5530825,2.7986705,4.217479,3.3969264,3.3381965,NISQAv2
fake_471.wav,2.9113605,2.8524156,3.9415538,2.7999475,3.7890084,NISQAv2
real_1151.wav,4.1798487,3.9903827,4.476586,4.11682,4.2700467,NISQAv2
fake_317.wav,3.0441465,3.5124457,3.7841742,2.7055857,3.6962655,NISQAv2
fake_2021.wav,1.9980158,2.3901544,3.2404792,2.1441197,2.7124991,NISQAv2
real_1637.wav,3.9486763,3.677726,4.279747,3.8550918,4.1758676,NISQAv2
fake_1528.wav,3.2701304,3.6574848,3.934849,3.1599321,3.79816,NISQAv2
fake_303.wav,3.2644846,3.7597327,4.0336947,2.9236634,3.781515,NISQAv2
fake_2035.wav,2.822148,3.4964812,3.7333496,2.4095585,3.5786347,NISQAv2
real_1623.wav,3.4330704,3.3149796,3.9571095,3.1314662,3.5805497,NISQAv2
fake_465.wav,2.5981321,2.8356752,3.7313528,2.5218208,3.585166,NISQAv2
real_1145.wav,4.4531584,4.191713,4.566247,4.361349,4.4878335,NISQAv2
fake_1272.wav,3.2738898,2.7210019,4.1224356,3.2584138,3.7812917,NISQAv2
real_2464.wav,3.7711089,3.3318806,4.1948137,3.612734,3.7522695,NISQAv2
fake_1514.wav,2.8263886,3.5924053,3.779575,2.797947,3.4980931,NISQAv2
real_2302.wav,4.4763536,4.1931963,4.552952,4.179759,4.4648232,NISQAv2
real_281.wav,4.620056,4.188517,4.727794,4.2546296,4.463547,NISQAv2
real_295.wav,4.54275,4.2819877,4.6428804,4.0537767,4.472634,NISQAv2
fake_2009.wav,1.8263288,2.1534514,2.8064616,2.0037932,2.5739882,NISQAv2
fake_1500.wav,3.2405522,3.7391584,3.9318273,2.9846942,3.6421695,NISQAv2
real_2316.wav,4.6735883,4.310743,4.6160913,4.29229,4.5924582,NISQAv2
fake_1266.wav,2.985831,2.6995964,3.773301,2.7287726,3.5625625,NISQAv2
real_2470.wav,2.8918486,3.3052027,4.1850777,3.1855972,2.992037,NISQAv2
real_1179.wav,4.486081,3.9228315,4.427541,4.1920266,4.4833083,NISQAv2
fake_459.wav,2.6480315,3.030011,3.8299289,2.5011508,3.6201222,NISQAv2
real_518.wav,4.122735,2.8773134,4.624897,4.199943,4.246387,NISQAv2
real_1192.wav,4.1555367,4.06742,4.2894363,3.999575,4.2745852,NISQAv2
real_1838.wav,3.4923995,2.064634,4.503767,4.038448,3.9847043,NISQAv2
fake_1299.wav,2.4043348,3.3744454,2.9115183,2.3271718,3.2433612,NISQAv2
real_1186.wav,4.2187347,3.9914062,4.2935805,3.7487545,4.351776,NISQAv2
real_524.wav,4.0056067,3.0702007,4.3321657,4.001401,4.1554985,NISQAv2
real_1810.wav,3.8761246,2.5543718,4.489663,4.0409474,4.161847,NISQAv2
real_242.wav,4.584964,4.540205,4.6964817,4.3387227,4.5912004,NISQAv2
real_1804.wav,3.4152899,2.2726455,4.3244486,3.8865864,3.8666646,NISQAv2
real_256.wav,4.6349025,4.5456853,4.689662,4.2337313,4.5533123,NISQAv2
real_530.wav,3.1006365,2.7970726,2.917271,3.1626902,3.9040725,NISQAv2
real_1435.wav,4.0453916,2.5020964,4.384696,4.080234,4.2482505,NISQAv2
fake_115.wav,2.9905574,3.7379239,3.6853275,2.5857878,3.5524337,NISQAv2
fake_2223.wav,2.7709618,2.9853837,3.771609,2.6950169,3.5951784,NISQAv2
real_1353.wav,2.8311625,3.6177118,3.0948231,3.008681,3.7059338,NISQAv2
fake_2545.wav,3.6200917,3.6312835,4.1200895,3.3111827,3.9749384,NISQAv2
fake_673.wav,3.4763186,2.4373546,3.9949782,3.2666056,4.004656,NISQAv2
real_901.wav,3.687759,3.3928006,4.0402436,3.6750703,4.0309772,NISQAv2
fake_1058.wav,2.8141708,2.427222,4.0055165,3.2570233,3.4346993,NISQAv2
real_1347.wav,3.786474,3.9146607,4.0295,3.5013635,4.110302,NISQAv2
real_915.wav,3.556548,2.987609,4.2694864,3.704826,3.8875291,NISQAv2
fake_2551.wav,3.7472908,4.1365933,4.2518225,3.5154912,4.036727,NISQAv2
fake_667.wav,3.0676692,2.4468691,3.7665617,3.2853389,3.7259204,NISQAv2
real_1421.wav,4.0074677,2.6297853,4.3116126,4.1049457,4.339318,NISQAv2
fake_101.wav,2.7572129,3.3247173,3.7977931,2.3278768,3.515547,NISQAv2
fake_2237.wav,3.1981091,3.359526,3.9699495,2.9188886,3.738637,NISQAv2
real_2128.wav,4.2002606,4.277907,4.4098063,3.9196115,4.3794875,NISQAv2
fake_129.wav,2.8848224,3.7127976,3.7693627,2.6004303,3.6180735,NISQAv2
real_1409.wav,3.7914507,3.8407643,4.1396885,3.6783245,4.121849,NISQAv2
real_2100.wav,3.9929087,4.0858607,4.3501954,3.8934243,4.290299,NISQAv2
fake_1716.wav,2.3147883,2.2291913,3.2025945,2.2126257,3.363077,NISQAv2
fake_1070.wav,3.2060678,2.2525628,4.217247,3.6565654,3.889738,NISQAv2
fake_897.wav,2.9714613,2.894931,3.7410483,2.9847207,3.4288836,NISQAv2
fake_2579.wav,2.8097513,2.4531949,3.81371,2.6776273,3.5039802,NISQAv2
fake_883.wav,2.578036,2.2417047,3.6524005,2.6318405,3.1255867,NISQAv2
real_929.wav,4.625601,4.391802,4.687442,4.3373055,4.5887628,NISQAv2
fake_1064.wav,3.301187,2.805754,4.2130103,3.5438163,3.8087022,NISQAv2
real_2114.wav,3.951466,3.8289697,4.1706314,3.9655104,4.231404,NISQAv2
fake_1702.wav,3.194266,2.4996588,4.052002,3.161816,3.8450289,NISQAv2
fake_1931.wav,3.7605681,3.6001575,4.2795377,3.4952252,4.136726,NISQAv2
real_1390.wav,4.29438,4.072066,4.325759,4.110957,4.2613964,NISQAv2
fake_2586.wav,2.694637,2.3625984,3.741237,2.781548,3.5122433,NISQAv2
fake_868.wav,2.5852947,2.5470977,3.6370614,2.454509,3.3891199,NISQAv2
real_1384.wav,3.9001558,4.028171,4.236998,3.4226308,3.902706,NISQAv2
fake_2592.wav,2.6729426,2.4661257,3.4202495,2.6095302,3.4860725,NISQAv2
fake_1925.wav,3.6890914,4.0603266,4.2957172,3.3006341,3.971208,NISQAv2
fake_854.wav,2.6893475,2.3380816,3.765433,2.613694,3.5029151,NISQAv2
real_726.wav,3.2392719,3.886393,3.7602932,2.7903259,3.737038,NISQAv2
fake_698.wav,2.6321793,2.7201734,3.0990796,2.5677407,3.4102838,NISQAv2
real_732.wav,4.6540427,4.512169,4.735474,4.3462477,4.5818534,NISQAv2
fake_840.wav,2.2632287,2.122547,3.1467628,2.189635,2.9636831,NISQAv2
fake_1919.wav,3.2520454,3.6618264,3.833381,2.887443,3.7284644,NISQAv2
fake_841.wav,2.5279236,2.2523386,4.0284123,2.630643,3.452905,NISQAv2
real_733.wav,4.592723,4.4753604,4.705353,4.1936054,4.554417,NISQAv2
fake_699.wav,3.1175835,2.407538,3.5336204,3.0459166,3.6944816,NISQAv2
fake_1918.wav,3.3019884,3.6802528,3.805844,2.9505813,3.7612073,NISQAv2
real_727.wav,4.4856644,4.4825625,4.630601,4.1626477,4.4674582,NISQAv2
fake_855.wav,2.3179572,2.3096225,3.2884443,2.1518219,3.321855,NISQAv2
fake_2593.wav,2.488517,2.5885384,3.6151457,2.3187406,3.303477,NISQAv2
real_1385.wav,4.5087776,4.3202534,4.465378,4.1990104,4.4176235,NISQAv2
fake_1924.wav,3.6247501,3.8801877,4.180264,3.2289436,4.036423,NISQAv2
fake_1930.wav,3.4599955,3.7363489,4.197603,3.1896827,3.951731,NISQAv2
fake_869.wav,2.301245,2.632059,3.626475,2.206437,3.3057618,NISQAv2
fake_2587.wav,2.534538,2.4683588,2.9833343,2.4656513,3.3609097,NISQAv2
real_1391.wav,4.199427,4.1551147,4.3639107,3.9895556,4.211533,NISQAv2
fake_1065.wav,3.1197848,3.1779602,4.014094,3.3091075,3.658415,NISQAv2
real_928.wav,4.551261,4.3065896,4.5822763,4.3826447,4.5599494,NISQAv2
fake_882.wav,2.2767336,1.9722286,3.4326336,2.5387466,2.9973607,NISQAv2
fake_1703.wav,2.326498,2.285228,2.6309714,2.4286828,3.3438764,NISQAv2
real_2115.wav,3.6007965,3.644705,4.1939087,3.5674226,4.029402,NISQAv2
fake_1717.wav,2.2870433,2.4652565,3.491008,2.4319603,3.3184426,NISQAv2
real_2101.wav,3.7792237,3.6740334,4.0573287,3.8044114,4.0942783,NISQAv2
real_1408.wav,4.2263165,3.9535615,4.4797564,4.121825,4.316166,NISQAv2
fake_128.wav,2.9364655,3.5954041,3.7537649,2.50627,3.6157825,NISQAv2
fake_2578.wav,2.3894613,2.381932,3.018061,2.175374,3.2202547,NISQAv2
fake_896.wav,2.5896907,2.1574676,3.9110906,2.9383452,3.267468,NISQAv2
fake_1071.wav,3.1069388,2.6382716,4.004198,3.4246678,3.7650044,NISQAv2
fake_666.wav,3.513123,2.5516107,4.0669613,3.6688945,3.7778447,NISQAv2
fake_2550.wav,3.5132184,3.7136762,4.033818,3.5566447,3.7734683,NISQAv2
real_914.wav,3.3711011,3.0212793,3.908335,3.3299067,3.8678637,NISQAv2
real_1346.wav,2.6884193,3.6535976,3.6048625,2.1446273,3.1678505,NISQAv2
fake_1059.wav,2.9693916,2.615927,3.8848689,3.1703928,3.5250208,NISQAv2
real_2129.wav,3.2979033,3.8833222,3.2158291,2.7231553,3.8586738,NISQAv2
fake_2236.wav,3.128536,3.4761417,3.9072058,2.7569797,3.7152762,NISQAv2
fake_100.wav,3.0978186,3.7192822,4.0356646,2.748028,3.6550086,NISQAv2
real_1420.wav,3.7291312,2.2870305,4.5505486,4.0711236,4.27844,NISQAv2
fake_2222.wav,2.5062509,2.7190292,2.7570076,2.4972937,3.310755,NISQAv2
fake_114.wav,2.985212,4.0032988,3.525637,2.5625498,3.8054998,NISQAv2
real_1434.wav,3.6111193,2.499061,4.113896,3.7474463,4.1440873,NISQAv2
real_900.wav,2.978935,3.2315176,3.3682334,2.828564,3.2845044,NISQAv2
fake_672.wav,2.899277,2.5822234,3.4686944,2.8314168,3.6046143,NISQAv2
fake_2544.wav,3.0763333,3.3873131,3.924253,3.0196052,3.8368945,NISQAv2
real_1352.wav,2.6771977,3.5121825,2.5672152,2.416018,3.358679,NISQAv2
real_257.wav,4.7953386,4.520367,4.7532363,4.3779645,4.648027,NISQAv2
real_1805.wav,3.3929906,2.2895715,4.090135,4.003588,3.972749,NISQAv2
real_531.wav,4.0801535,2.7939115,4.4589376,4.1325064,4.365628,NISQAv2
real_525.wav,4.236344,3.36075,4.570031,4.154465,4.4017296,NISQAv2
real_243.wav,4.284442,4.160565,4.4009714,3.962107,4.3234496,NISQAv2
real_1811.wav,3.5093324,2.4348783,4.372658,3.9728794,4.0435176,NISQAv2
real_1839.wav,3.4421585,2.1421766,4.4680786,3.943809,3.9891427,NISQAv2
real_1187.wav,4.4087706,4.1190963,4.410293,4.1292644,4.373782,NISQAv2
fake_1298.wav,2.6057708,3.5282233,3.1417851,2.4859588,3.4922953,NISQAv2
real_1193.wav,2.1260712,3.069174,1.8224304,2.415055,3.3704827,NISQAv2
real_519.wav,4.1651554,3.2501142,4.5286326,4.1875916,4.229296,NISQAv2
real_2317.wav,4.811727,4.3912416,4.7358966,4.3926535,4.6707263,NISQAv2
fake_1501.wav,3.3550365,3.1044848,4.1186905,3.225043,3.8837824,NISQAv2
fake_2008.wav,1.6240407,2.022331,2.4152906,1.8933645,2.4710033,NISQAv2
real_294.wav,4.4868884,4.218257,4.642249,4.162285,4.460345,NISQAv2
fake_458.wav,2.8099413,2.6496398,3.8469756,2.7902224,3.6310055,NISQAv2
real_1178.wav,4.510542,4.1497025,4.617305,4.285293,4.5157413,NISQAv2
real_2471.wav,4.002841,3.9741664,4.3653736,3.9492323,4.2047243,NISQAv2
fake_1267.wav,3.332381,2.8912184,3.862892,3.035272,3.828935,NISQAv2
real_2465.wav,4.181513,4.1845107,4.3678894,4.1367917,4.203833,NISQAv2
fake_1273.wav,3.2512152,2.5356145,4.06185,3.3252459,3.5164063,NISQAv2
real_280.wav,4.6455965,4.4479747,4.7443953,4.317225,4.510615,NISQAv2
real_2303.wav,4.609694,4.3768764,4.7288523,4.400763,4.5998397,NISQAv2
fake_1515.wav,2.5762494,2.91915,3.3053167,2.5850646,3.3828914,NISQAv2
real_1622.wav,4.132781,3.8994937,4.1991954,3.9301538,4.2639246,NISQAv2
fake_2034.wav,2.5480196,3.6088552,3.678014,2.118282,3.385014,NISQAv2
fake_302.wav,3.4818566,3.585443,4.1885023,3.1466367,3.8785255,NISQAv2
real_1144.wav,4.095813,3.9449894,4.224968,3.8189316,4.2925725,NISQAv2
fake_464.wav,2.8833244,2.7797287,3.864364,2.6148345,3.4408662,NISQAv2
real_1150.wav,4.1334567,3.862398,3.832269,3.9374611,4.385283,NISQAv2
fake_470.wav,2.951269,3.2340317,3.9251835,2.6466942,3.6757789,NISQAv2
real_2459.wav,3.5018847,3.5214422,4.134201,3.8787315,3.7845066,NISQAv2
fake_1529.wav,2.3247616,3.5425556,2.5514154,2.4559662,3.122564,NISQAv2
real_1636.wav,4.400361,3.8912141,4.6789427,4.5473156,4.4281993,NISQAv2
fake_2020.wav,1.8904847,2.046898,3.0789526,2.3869512,2.7835267,NISQAv2
fake_316.wav,3.0968504,3.5488255,3.9303186,2.8622773,3.736215,NISQAv2
fake_289.wav,3.1763074,3.700364,3.738276,2.7443302,3.7518747,NISQAv2
real_323.wav,4.4450483,4.2799726,4.601262,4.202026,4.449388,NISQAv2
real_1971.wav,3.3512628,3.1640668,3.9033926,3.2363312,3.5829062,NISQAv2
real_445.wav,4.6389756,4.4053802,4.6524835,4.2680435,4.4593244,NISQAv2
real_451.wav,3.3655033,3.484214,3.9818668,2.9728134,3.827129,NISQAv2
real_337.wav,3.7268722,2.7559114,4.322708,3.9236195,4.193822,NISQAv2
real_1965.wav,3.0765355,3.5714881,3.9233618,3.1608984,3.6055253,NISQAv2
real_1795.wav,3.6162574,2.3284166,4.406024,3.9521403,3.9926465,NISQAv2
fake_2183.wav,2.565409,2.8376963,3.6280954,2.4135501,3.4375684,NISQAv2
real_479.wav,4.4183254,3.7251604,4.3073187,3.9024808,4.303047,NISQAv2
real_1781.wav,4.249178,3.4449303,4.456204,4.0707855,4.3928747,NISQAv2
fake_2197.wav,2.6255922,2.8057096,3.5398512,2.4765015,3.5989625,NISQAv2
real_1959.wav,3.6231868,3.5614564,4.1491003,3.9223182,3.9534924,NISQAv2
real_2288.wav,4.466607,4.1669817,4.6278677,4.222587,4.5121665,NISQAv2
real_2263.wav,4.5925236,4.041836,4.7085238,4.3570514,4.577681,NISQAv2
fake_1475.wav,3.2818103,2.895333,3.9857423,3.322667,3.8666708,NISQAv2
real_486.wav,3.227856,1.8368986,4.238489,3.6380718,3.9906158,NISQAv2
real_2505.wav,4.588049,4.2611094,4.630725,4.3081946,4.5056663,NISQAv2
fake_1313.wav,2.272019,3.2252808,2.8098366,2.1582687,3.6117618,NISQAv2
real_2511.wav,4.128132,4.1627364,4.3017006,4.0850577,4.2555747,NISQAv2
fake_1307.wav,2.3755066,3.3606327,2.5932503,2.361869,3.5015666,NISQAv2
fake_538.wav,2.98924,2.3178747,3.8504455,3.078327,3.6763577,NISQAv2
real_1018.wav,4.4809656,4.0564213,4.571468,4.249491,4.4759097,NISQAv2
real_492.wav,4.650149,4.2767587,4.6233063,4.179382,4.533813,NISQAv2
fake_2168.wav,2.2714632,2.2078962,3.390984,2.7149286,3.4538844,NISQAv2
real_2277.wav,4.565631,4.1405807,4.7205925,4.3141217,4.5725675,NISQAv2
fake_1461.wav,2.6157892,3.326595,3.4322047,2.5562396,3.5064528,NISQAv2
real_1756.wav,4.3568406,3.3006313,4.4261875,4.219972,4.47963,NISQAv2
fake_2140.wav,2.452892,3.1964018,3.3946521,2.181124,3.3442957,NISQAv2
fake_276.wav,3.0598114,3.7068174,3.882363,2.4295313,3.5660675,NISQAv2
fake_1449.wav,1.5750797,2.9761393,1.9143434,2.028006,2.8651311,NISQAv2
real_2539.wav,4.7099476,4.3551326,4.7035675,4.5090055,4.5604534,NISQAv2
real_1030.wav,3.7681878,3.585487,4.329277,3.7460258,4.1692805,NISQAv2
fake_510.wav,2.862323,2.273576,4.098878,3.3341124,3.6549706,NISQAv2
real_1024.wav,4.5236597,3.9686654,4.4451976,4.2611856,4.4469237,NISQAv2
fake_504.wav,2.8450458,3.0725858,3.8506236,2.8070848,3.7516906,NISQAv2
real_1742.wav,3.117971,2.7970088,3.677584,3.1501267,3.739465,NISQAv2
fake_2154.wav,2.0720975,3.2464359,2.7504742,2.3499148,3.2520764,NISQAv2
fake_262.wav,3.0617006,3.4489706,3.8900561,2.8615234,3.5519993,NISQAv2
real_62.wav,4.600198,3.6476054,4.311408,4.3432794,4.409865,NISQAv2
real_647.wav,3.9815419,2.6901085,4.240278,4.03052,4.0446067,NISQAv2
fake_935.wav,3.4041536,3.6691873,4.0895677,3.131877,3.9735093,NISQAv2
real_121.wav,4.5283875,4.407966,4.4938536,4.1520104,4.524814,NISQAv2
real_135.wav,4.473945,4.31118,4.4912667,4.1300254,4.5610323,NISQAv2
fake_1878.wav,3.2629488,3.4757354,3.8335083,2.9965515,3.8013637,NISQAv2
real_76.wav,4.0790997,3.6160548,4.430872,4.1368423,4.4206033,NISQAv2
fake_921.wav,3.2286446,3.7987237,3.7354343,2.5956774,3.828062,NISQAv2
real_653.wav,2.4527845,2.106424,2.2482905,2.590849,3.4408326,NISQAv2
fake_909.wav,2.6830637,3.0544827,3.6566403,2.6040199,3.364906,NISQAv2
fake_2381.wav,2.7373831,2.7370946,4.1350174,3.0221136,3.736284,NISQAv2
real_1597.wav,4.7046185,4.5495076,4.7299585,4.4307837,4.614094,NISQAv2
fake_1688.wav,2.6804495,2.6355836,3.821205,2.7139292,3.390353,NISQAv2
fake_1850.wav,2.9710398,2.1123853,4.1679974,3.3476112,3.6157644,NISQAv2
fake_1844.wav,2.4644153,2.075535,3.5277336,2.643071,3.236972,NISQAv2
real_109.wav,4.7937527,4.575565,4.6621017,4.299823,4.5781803,NISQAv2
fake_2395.wav,3.2006476,3.022068,4.098375,3.1322443,3.7348516,NISQAv2
real_1583.wav,4.4269075,4.417854,4.6068974,4.390309,4.431644,NISQAv2
fake_1111.wav,2.708872,3.1184433,3.5825365,2.6002924,3.5633187,NISQAv2
fake_59.wav,3.2546413,3.2340581,3.9455543,3.097247,3.8369267,NISQAv2
real_684.wav,3.7589447,3.0876284,4.387433,3.934745,4.1327963,NISQAv2
fake_2418.wav,3.7355523,2.7357686,4.3017955,3.4951344,4.0497713,NISQAv2
real_1568.wav,4.7597504,4.451991,4.7404327,4.452376,4.702149,NISQAv2
fake_1677.wav,4.059863,3.6568477,4.587529,4.231312,4.356968,NISQAv2
real_2061.wav,4.447241,3.868249,4.569607,4.21675,4.497727,NISQAv2
fake_1663.wav,2.9013772,3.0927596,3.5744278,3.2026205,3.6780186,NISQAv2
real_2075.wav,4.2985735,4.3486953,4.4329824,4.0618443,4.451118,NISQAv2
real_690.wav,3.428132,3.1471608,3.2293746,3.3244925,4.01804,NISQAv2
real_848.wav,3.3495905,3.0400608,3.666124,3.389932,3.8710248,NISQAv2
fake_1105.wav,2.8730907,3.1057308,3.6558673,2.6115139,3.5915318,NISQAv2
real_860.wav,3.825942,2.8172626,4.407158,3.9979758,4.196127,NISQAv2
fake_712.wav,3.19819,3.7051778,3.768222,2.5260146,3.7820387,NISQAv2
fake_2424.wav,2.9120421,2.4591882,3.0548139,2.5759137,3.590274,NISQAv2
real_1232.wav,3.6284506,2.7577422,4.251357,3.9706748,4.0829587,NISQAv2
fake_65.wav,2.923086,2.947148,3.7599368,3.0365899,3.7099955,NISQAv2
fake_1893.wav,2.4649498,2.7321436,2.7578404,2.469961,3.4029691,NISQAv2
fake_2342.wav,3.435733,3.7744462,3.9935932,3.0612469,3.8738718,NISQAv2
real_1554.wav,3.8671315,3.8133786,4.112589,3.444626,3.9357085,NISQAv2
fake_2356.wav,3.2886226,3.1608121,4.168828,3.2309682,3.9471757,NISQAv2
real_1540.wav,3.391588,3.876638,3.9863517,3.3221729,3.7929418,NISQAv2
fake_1887.wav,3.2212665,3.5160663,4.056977,2.8212202,3.6355631,NISQAv2
real_2049.wav,4.163975,4.3026714,4.447931,3.821862,4.3782535,NISQAv2
fake_1139.wav,1.9275602,2.9215553,2.2497911,2.2252767,3.0590966,NISQAv2
fake_71.wav,2.7499154,2.8264859,3.7367332,2.6306808,3.6574779,NISQAv2
fake_706.wav,4.135906,4.179234,4.4951344,3.662435,4.176327,NISQAv2
fake_2430.wav,3.0680177,3.5076513,3.9544404,2.5604422,3.4907062,NISQAv2
real_874.wav,3.0002654,1.9985532,4.2118807,3.5196903,3.6840613,NISQAv2
real_1226.wav,3.6668742,2.8916812,4.0099535,3.4001575,3.9870448,NISQAv2
real_89.wav,4.5820417,3.6463056,4.5131044,4.247769,4.501598,NISQAv2
fake_2340.wav,3.0398371,3.53523,4.048474,2.5365512,3.713624,NISQAv2
real_1556.wav,4.1890855,3.8584828,4.2734017,3.9425373,4.215396,NISQAv2
fake_1649.wav,2.4602313,3.0251215,3.2134151,2.5312414,3.2536004,NISQAv2
fake_1891.wav,3.5954516,3.8182323,4.0841236,3.1411498,3.9523911,NISQAv2
fake_67.wav,2.941572,3.1187031,3.921772,2.8508556,3.7128313,NISQAv2
fake_710.wav,3.3280425,3.7178059,4.1757007,3.1144204,3.8608315,NISQAv2
fake_2426.wav,3.4006543,2.9178922,4.124146,3.1559174,3.8394313,NISQAv2
real_862.wav,3.5565033,3.3074763,3.635692,3.3156047,3.9163642,NISQAv2
real_1230.wav,4.0915556,3.048906,4.3458796,4.095326,4.2517724,NISQAv2
real_876.wav,2.760659,1.8591691,4.135924,3.4152386,3.5989492,NISQAv2
fake_704.wav,3.178952,3.5743487,3.8942103,2.7486897,3.792816,NISQAv2
fake_2432.wav,2.6983259,3.3921664,3.338239,2.5182605,3.431257,NISQAv2
real_1224.wav,3.7720137,2.523297,4.3561144,3.7787035,4.0833178,NISQAv2
fake_73.wav,2.9694295,2.9460447,3.9092946,2.9390914,3.6739242,NISQAv2
fake_1885.wav,3.2059429,3.6112134,3.6673,2.6876938,3.7888944,NISQAv2
fake_2354.wav,3.119315,3.5676115,3.8797038,2.8391502,3.6945899,NISQAv2
real_1542.wav,3.8512971,3.9323378,3.821081,3.428211,4.1379676,NISQAv2
fake_1675.wav,2.6464052,3.209209,3.6890335,2.8019257,3.4722636,NISQAv2
real_2063.wav,4.211132,3.4621747,4.5088024,4.063774,4.288785,NISQAv2
real_686.wav,4.254513,3.2505572,4.271207,3.9990141,4.386254,NISQAv2
fake_1113.wav,3.1423519,2.9530766,4.1117773,2.5271213,3.7811606,NISQAv2
fake_1107.wav,2.6314466,3.0741293,2.9515564,2.3637536,3.3972204,NISQAv2
real_1218.wav,4.4424043,4.1610055,4.504721,4.307842,4.4709816,NISQAv2
fake_738.wav,3.4565823,3.9661524,3.9466102,3.3646023,4.0676026,NISQAv2
real_692.wav,3.8239584,3.0354412,4.1339507,3.7945514,4.0932384,NISQAv2
fake_2368.wav,3.329756,2.7391317,4.246343,2.999238,3.879319,NISQAv2
fake_1661.wav,3.4187176,3.4551206,4.013158,3.5141892,4.002131,NISQAv2
real_2077.wav,4.7978077,4.508973,4.7188516,4.393959,4.656756,NISQAv2
fake_1852.wav,2.9305236,2.0348377,4.2409973,3.4172878,3.731438,NISQAv2
fake_2383.wav,3.2955,3.3099506,4.2330227,3.3920085,3.7943966,NISQAv2
real_1595.wav,4.6214585,4.496693,4.6669617,4.5004897,4.6222596,NISQAv2
real_679.wav,3.4794457,2.3957505,4.3064647,3.8236732,3.9780176,NISQAv2
real_48.wav,4.480789,3.2667081,4.3468723,4.3243613,4.429046,NISQAv2
fake_2397.wav,3.2708278,2.6911552,4.246587,3.353656,3.9313169,NISQAv2
real_1581.wav,4.755989,4.54731,4.760869,4.570659,4.7127676,NISQAv2
fake_1846.wav,2.988239,2.8069065,4.1287136,3.2182667,3.6099653,NISQAv2
real_2088.wav,4.2623005,4.172989,4.4467945,4.095588,4.3923535,NISQAv2
real_123.wav,4.7851725,4.528293,4.71282,4.464114,4.682793,NISQAv2
fake_98.wav,3.126045,3.4544404,4.008393,2.962617,3.7326949,NISQAv2
fake_937.wav,3.3702044,3.7713716,4.1399717,3.1311555,3.978618,NISQAv2
real_645.wav,3.6215842,2.7134545,3.4124029,3.679228,4.0028996,NISQAv2
real_60.wav,4.561738,3.9442282,4.5851116,4.303042,4.5130243,NISQAv2
real_651.wav,3.8327668,2.7837033,4.187499,3.97041,3.9180288,NISQAv2
fake_923.wav,3.531277,3.8322642,4.156831,3.1491456,4.0004487,NISQAv2
real_74.wav,4.223429,3.8123758,4.5672235,4.259958,4.5737753,NISQAv2
real_889.wav,3.031469,2.2289784,4.227884,3.5314953,3.4218957,NISQAv2
real_137.wav,4.4020596,4.46613,4.543947,4.0491414,4.4797997,NISQAv2
real_1032.wav,3.8630774,3.5018659,4.372958,4.1319757,4.12034,NISQAv2
fake_512.wav,2.421613,2.4069958,2.9328501,2.2509181,3.1130507,NISQAv2
real_1754.wav,4.458366,4.1171045,4.5611553,4.2655315,4.5299916,NISQAv2
fake_2142.wav,2.9488811,3.5122771,3.8946984,2.7565105,3.7345805,NISQAv2
fake_274.wav,2.7722812,2.7506635,3.838298,2.742193,3.5947878,NISQAv2
real_1740.wav,4.275712,2.955742,4.546861,4.1766305,4.365454,NISQAv2
fake_2156.wav,2.4464555,3.146125,3.1990407,2.3402834,3.4068038,NISQAv2
fake_260.wav,3.211737,3.7219098,4.031267,3.0408583,3.8162806,NISQAv2
real_1998.wav,2.480624,2.5203655,3.886445,2.6688793,3.389525,NISQAv2
real_2249.wav,4.50187,4.272576,4.653579,4.2669153,4.524228,NISQAv2
fake_1339.wav,3.0643878,3.60422,3.4517694,2.7351217,3.6339567,NISQAv2
real_1026.wav,4.8578644,4.2998557,4.8326435,4.4787254,4.6520753,NISQAv2
fake_506.wav,3.1793046,3.0608459,4.0551224,3.1494768,3.8280246,NISQAv2
real_2507.wav,4.572453,4.3367944,4.602829,4.295074,4.549854,NISQAv2
fake_1311.wav,4.0332513,4.0719385,4.191607,3.28076,3.90641,NISQAv2
real_484.wav,2.8617985,2.062491,4.0372863,3.2579477,3.7217772,NISQAv2
fake_2618.wav,2.8158152,2.8221629,3.6281486,2.5832484,3.50957,NISQAv2
fake_248.wav,3.7713144,3.8337348,4.218507,3.5337336,4.122697,NISQAv2
real_1768.wav,4.309494,4.196275,4.5217566,4.0131254,4.433805,NISQAv2
real_2261.wav,4.6383085,4.106143,4.7291155,4.389334,4.607865,NISQAv2
fake_1477.wav,3.0346987,3.6317585,3.896687,2.867964,3.6917233,NISQAv2
real_2275.wav,4.5915203,4.0675044,4.65333,4.276257,4.5772066,NISQAv2
fake_1463.wav,2.6915164,3.241866,3.3675332,2.5900006,3.3975952,NISQAv2
real_490.wav,4.3792343,3.2138875,4.439371,4.0590253,4.2710214,NISQAv2
real_2513.wav,4.790185,4.1307764,4.4096203,4.39302,4.6225905,NISQAv2
fake_1305.wav,3.286124,3.7735918,3.6563838,2.8984911,3.8691452,NISQAv2
real_1797.wav,3.632161,2.7839262,4.1486797,3.984646,4.0535326,NISQAv2
fake_2181.wav,2.314039,2.5066113,3.4438536,2.5042365,3.2707636,NISQAv2
fake_1488.wav,2.5191813,3.312939,3.434707,2.5409415,3.2545123,NISQAv2
real_309.wav,4.65653,4.320165,4.669917,4.256847,4.5571027,NISQAv2
real_1783.wav,4.0176144,3.3879914,4.4397583,3.9649668,4.309109,NISQAv2
fake_2195.wav,3.4576035,3.3746264,4.116039,3.1018836,3.977495,NISQAv2
real_447.wav,3.741583,3.2190616,3.9970758,3.425683,4.0219083,NISQAv2
real_321.wav,4.6857634,4.423121,4.731719,4.293463,4.5362887,NISQAv2
real_1973.wav,2.8108206,3.096493,3.583785,2.732773,3.4337914,NISQAv2
real_335.wav,3.8939965,3.1886475,4.3311477,3.9678648,4.2569933,NISQAv2
real_1967.wav,3.1986644,3.1000001,3.9783604,3.04757,3.535207,NISQAv2
real_453.wav,3.184131,2.302171,4.2681136,4.0168953,3.8887887,NISQAv2
real_1146.wav,4.1590853,3.6120784,4.320017,4.010277,4.3420186,NISQAv2
fake_466.wav,2.7894223,3.1473162,4.059979,2.5437899,3.742327,NISQAv2
fake_1259.wav,3.2889795,2.3228586,4.19518,3.6862633,3.770078,NISQAv2
real_2329.wav,4.796852,4.530514,4.8051777,4.406381,4.6999087,NISQAv2
real_1620.wav,4.2811074,3.8399136,4.718652,4.1778054,4.1228776,NISQAv2
fake_2036.wav,2.547188,3.5771143,3.301047,1.9681407,3.3690379,NISQAv2
fake_300.wav,3.302761,3.5256898,4.1750927,3.1214612,3.8170967,NISQAv2
real_1634.wav,4.1808796,3.9738533,4.4817047,4.215696,4.330073,NISQAv2
fake_2022.wav,1.6106125,1.8818021,2.5667322,1.8955586,2.5702126,NISQAv2
fake_314.wav,4.034357,3.9585931,4.3662186,3.7535064,4.2297196,NISQAv2
real_1152.wav,3.9508543,3.803966,4.070495,3.7980387,4.1010523,NISQAv2
fake_472.wav,2.7957635,3.0642912,4.0204554,2.5398834,3.6199353,NISQAv2
real_2473.wav,3.2509925,3.1573632,3.5195267,3.1758997,3.5994666,NISQAv2
fake_1265.wav,2.8379705,2.0983398,4.128654,3.1503904,3.2568567,NISQAv2
real_296.wav,4.64219,4.3586507,4.67706,4.2001405,4.534177,NISQAv2
real_2315.wav,3.1692631,3.4758093,2.7550423,3.3816497,4.002413,NISQAv2
fake_1503.wav,2.9646742,3.2059553,3.61106,2.7325058,3.6586113,NISQAv2
real_2301.wav,4.07047,3.846894,4.2226205,3.9955716,4.254601,NISQAv2
fake_1517.wav,2.167425,3.1631725,2.4254677,2.2795906,3.321508,NISQAv2
real_282.wav,4.577061,4.3035274,4.6213202,4.192488,4.5371776,NISQAv2
fake_328.wav,3.229382,3.5661604,3.9844458,3.0602872,3.7589223,NISQAv2
real_1608.wav,3.872929,4.048816,4.406771,3.6823728,4.003431,NISQAv2
real_2467.wav,2.533306,2.9536664,2.5223293,2.7552636,2.7375877,NISQAv2
fake_1271.wav,2.8109963,2.5789711,4.135727,2.9708855,3.8586676,NISQAv2
real_1185.wav,4.6231575,4.2510076,4.643304,4.29133,4.6230593,NISQAv2
real_269.wav,4.013961,3.743753,4.394318,3.8775213,4.1857166,NISQAv2
real_1191.wav,4.3802137,3.9403622,4.561117,4.2694755,4.4855933,NISQAv2
real_2498.wav,3.806266,3.3232844,4.134102,3.90101,3.2392848,NISQAv2
real_533.wav,3.9906795,3.089553,4.5922813,3.9683535,4.2378592,NISQAv2
fake_499.wav,2.7929606,2.469824,3.9346168,2.7789333,3.6402695,NISQAv2
real_255.wav,4.5995054,4.4585266,4.640465,4.259464,4.538694,NISQAv2
real_1807.wav,3.530174,2.2341583,4.458521,3.9371736,4.019447,NISQAv2
real_241.wav,4.638399,4.4218106,4.627044,4.2297225,4.572474,NISQAv2
real_1813.wav,3.611049,2.6062784,4.2248125,3.8631833,3.8309,NISQAv2
real_527.wav,3.881294,2.8165412,4.569339,3.994555,4.2382708,NISQAv2
fake_2234.wav,3.3027747,3.8958025,4.191448,3.0651183,3.7724967,NISQAv2
fake_102.wav,3.0351217,3.548036,4.087371,2.5338337,3.7184544,NISQAv2
real_1422.wav,4.128462,3.1414344,4.293558,4.0836835,4.3052616,NISQAv2
real_916.wav,3.4987864,3.2811584,4.107042,3.5143588,3.9408762,NISQAv2
fake_664.wav,2.2587812,2.9923062,2.4329872,1.9444149,2.977918,NISQAv2
fake_2552.wav,3.0637605,3.635371,3.8288357,2.8237467,3.6454847,NISQAv2
real_1344.wav,2.9477584,3.0960867,3.6280775,2.9267204,3.6444674,NISQAv2
fake_670.wav,2.56734,2.8741407,3.3651078,2.593992,2.9613993,NISQAv2
fake_2546.wav,3.94426,3.8213332,4.3702507,3.780229,4.25001,NISQAv2
real_902.wav,3.6285698,3.405164,4.086083,3.6150465,3.9848974,NISQAv2
real_1350.wav,3.7479627,4.0789,4.2035336,3.5635896,4.1017084,NISQAv2
fake_1729.wav,2.3976347,2.385339,3.4942954,2.7470603,3.5980067,NISQAv2
fake_2220.wav,2.5388896,2.980201,3.8059094,2.5004592,3.508016,NISQAv2
fake_116.wav,3.168401,3.7707663,4.0006723,2.8657582,3.8840446,NISQAv2
real_1436.wav,3.6421835,2.3997076,4.337354,3.9378133,4.2349005,NISQAv2
fake_1701.wav,2.2659361,2.3621588,3.131759,2.1049783,3.140071,NISQAv2
real_2117.wav,3.848225,3.8713086,4.073041,3.690842,4.1335616,NISQAv2
fake_2208.wav,2.777625,3.316367,3.895079,2.3082361,3.6413584,NISQAv2
fake_880.wav,2.392214,1.9921807,3.388521,2.5642889,3.0700328,NISQAv2
real_1378.wav,4.710331,4.425796,4.7404604,4.4960284,4.6074295,NISQAv2
fake_658.wav,2.70997,2.83436,3.6652915,2.5956762,3.56582,NISQAv2
fake_1067.wav,3.3311036,2.5722673,4.1453986,3.6353347,3.852164,NISQAv2
fake_1073.wav,3.207434,2.918575,4.085651,3.3564441,3.7081606,NISQAv2
fake_894.wav,2.3999503,2.0065932,3.6698606,2.7730772,3.0665638,NISQAv2
fake_1715.wav,3.2186882,2.443827,4.34249,3.624156,3.8869538,NISQAv2
real_2103.wav,4.240638,3.5703342,4.4131374,4.1338797,4.4127173,NISQAv2
fake_1926.wav,3.5684369,3.8348227,4.015068,3.0869236,3.9351165,NISQAv2
fake_2591.wav,3.047352,2.7431276,3.8366282,3.2311997,3.8204014,NISQAv2
real_1387.wav,4.4310784,4.084468,4.441286,4.1620936,4.467201,NISQAv2
fake_1098.wav,2.5016596,3.248863,3.3363433,2.4292245,3.422629,NISQAv2
fake_2585.wav,2.3839846,2.39723,3.3252277,2.1588085,3.31031,NISQAv2
real_1393.wav,4.3163013,3.8541687,4.352205,3.9773476,4.214183,NISQAv2
real_719.wav,4.699768,4.4193587,4.722356,4.313324,4.6016593,NISQAv2
fake_1932.wav,3.0225804,3.5255034,3.4014208,2.4632277,3.622954,NISQAv2
real_731.wav,4.31242,4.345227,4.401331,3.9163265,4.3680367,NISQAv2
fake_843.wav,2.9477234,2.4010918,4.0480566,3.0968354,3.7257266,NISQAv2
fake_857.wav,2.6446345,2.6315787,3.9137218,2.6299045,3.5676057,NISQAv2
real_725.wav,4.4588604,4.3592653,4.5534754,4.2073817,4.5079303,NISQAv2
real_724.wav,4.625803,4.491674,4.722892,4.364866,4.5853624,NISQAv2
fake_856.wav,2.7600958,2.4629853,4.1260624,3.1551144,3.5588043,NISQAv2
fake_842.wav,2.3193352,2.284391,3.5496442,2.2213347,3.2395554,NISQAv2
real_730.wav,4.3879566,4.273131,4.539223,4.0955505,4.475696,NISQAv2
real_718.wav,4.394472,4.449385,4.553273,4.0984674,4.4981513,NISQAv2
real_1392.wav,4.105211,4.0548253,4.4289083,3.919715,4.04838,NISQAv2
fake_2584.wav,2.5579093,2.5076036,3.5300558,2.4550626,3.40786,NISQAv2
fake_1933.wav,3.5180886,3.6723,4.074041,2.9221852,3.9028537,NISQAv2
fake_1927.wav,3.5186236,3.9623384,3.9751933,2.976534,3.9637697,NISQAv2
fake_1099.wav,2.3698614,2.6080558,3.027359,2.4271274,3.3357651,NISQAv2
real_1386.wav,4.500561,4.210812,4.640057,4.3938756,4.5541763,NISQAv2
fake_2590.wav,2.7911348,2.4061248,3.7937772,2.8562293,3.576798,NISQAv2
fake_895.wav,2.827807,2.130349,4.0610714,3.237253,3.3654137,NISQAv2
fake_1072.wav,2.844144,2.6227243,3.7213318,3.018001,3.4653351,NISQAv2
real_2102.wav,4.1923695,3.9749901,4.3962994,4.033932,4.3450713,NISQAv2
fake_1714.wav,2.4906833,2.2988338,3.1105597,2.3736537,3.4616482,NISQAv2
fake_2209.wav,3.055518,3.02926,3.9349918,2.8117936,3.7404485,NISQAv2
real_2116.wav,3.7552814,3.774454,4.195789,3.7231681,4.1166544,NISQAv2
fake_1700.wav,2.5295887,2.503399,3.4578245,2.6876833,3.5079672,NISQAv2
fake_1066.wav,3.2098444,3.1793816,4.026955,3.3977323,3.7203941,NISQAv2
fake_659.wav,2.546602,2.7412922,2.2412214,2.5648787,3.5067518,NISQAv2
real_1379.wav,4.423878,4.2652516,4.4233975,4.2054253,4.3939757,NISQAv2
fake_881.wav,2.5773287,2.1778219,3.7904558,2.7839012,3.1354039,NISQAv2
real_1351.wav,3.1434577,3.8310323,3.3426118,2.846912,3.6999564,NISQAv2
real_903.wav,3.5456228,3.2619913,4.259547,3.6899333,3.9472036,NISQAv2
fake_2547.wav,3.641135,3.735121,4.1759853,3.465954,4.002398,NISQAv2
fake_671.wav,2.900993,2.7942793,3.0871007,2.7360704,3.577191,NISQAv2
real_1437.wav,3.725646,2.213986,4.637449,4.1512303,4.260772,NISQAv2
fake_117.wav,3.4703798,4.114633,4.145047,3.0201166,3.9189224,NISQAv2
fake_2221.wav,2.8908541,3.2297041,3.367186,2.3942487,3.5228586,NISQAv2
fake_1728.wav,2.1454656,2.1610386,2.6350772,2.4067595,3.2998648,NISQAv2
real_1423.wav,3.886936,2.549506,4.4717636,4.12863,4.2671514,NISQAv2
fake_103.wav,2.7605436,2.9637458,3.7831857,2.3595812,3.6006052,NISQAv2
fake_2235.wav,3.7982996,3.7816465,4.2887053,3.372934,4.0682197,NISQAv2
real_1345.wav,3.1647093,3.442383,3.369232,2.6203227,3.4917026,NISQAv2
fake_2553.wav,3.7159998,3.899601,4.1709666,3.5741618,4.058021,NISQAv2
fake_665.wav,3.0036461,3.115947,3.3712358,2.8291938,3.2270463,NISQAv2
real_917.wav,3.11762,2.2802238,4.13893,3.4323509,3.7596707,NISQAv2
real_1812.wav,3.6224153,2.5677178,4.434966,3.811714,3.845383,NISQAv2
real_240.wav,4.416624,4.304708,4.4665256,4.0759926,4.3710775,NISQAv2
real_526.wav,4.133417,3.5225785,4.360313,4.139339,4.1253705,NISQAv2
fake_498.wav,3.0864334,1.9889035,4.233368,3.4557502,3.7961557,NISQAv2
real_532.wav,4.126712,2.9530294,4.38883,4.1886516,4.314742,NISQAv2
real_1806.wav,3.8430045,2.4684377,4.4104934,4.083624,4.217069,NISQAv2
real_254.wav,4.4397492,4.2855225,4.5146832,4.0556664,4.459723,NISQAv2
real_2499.wav,3.3843887,3.4236553,4.1538563,3.7797246,3.4148786,NISQAv2
real_1190.wav,3.7253203,3.9354491,3.6584833,3.5821812,4.2079463,NISQAv2
real_1184.wav,4.617858,3.7830076,4.629088,4.332534,4.4917946,NISQAv2
real_268.wav,3.9979472,3.7794042,4.288867,3.7931552,4.1835523,NISQAv2
real_1609.wav,4.425246,4.150847,4.6196327,4.3633823,4.3650584,NISQAv2
fake_329.wav,3.5431478,3.7040765,4.1128855,3.198373,3.8692658,NISQAv2
real_283.wav,4.572439,4.178444,4.5928135,4.0186405,4.4715724,NISQAv2
fake_1516.wav,3.5820706,3.8003674,4.146914,3.414182,3.9567487,NISQAv2
real_2300.wav,4.575166,4.417516,4.6833267,4.2472715,4.512752,NISQAv2
fake_1270.wav,3.509127,3.1020043,4.2720165,3.60134,3.7891934,NISQAv2
real_2466.wav,2.9571946,3.538595,4.183565,2.7370775,2.9697864,NISQAv2
fake_1264.wav,3.0814793,2.497481,4.028894,3.089987,3.682953,NISQAv2
real_2472.wav,3.8482606,3.7510278,4.1658473,3.6793408,3.8053608,NISQAv2
fake_1502.wav,3.2873182,3.5123665,3.4629428,3.0288815,3.5334365,NISQAv2
real_2314.wav,4.481984,4.2582145,4.509674,4.086345,4.4674,NISQAv2
real_297.wav,4.3314614,4.3374147,4.6104774,4.060386,4.345538,NISQAv2
fake_315.wav,3.2818115,3.5882618,4.001871,2.9328134,3.765427,NISQAv2
fake_2023.wav,1.8081917,1.9785887,2.9901977,2.197034,2.7271807,NISQAv2
real_1635.wav,4.0915112,3.9234755,4.339511,3.9050417,4.2125916,NISQAv2
fake_473.wav,3.1658847,3.2032905,3.9004757,2.772779,3.7276998,NISQAv2
real_1153.wav,4.1150217,4.1069007,4.3764176,3.9092698,4.386762,NISQAv2
fake_1258.wav,3.3001604,2.8482924,4.131295,3.282023,3.7926333,NISQAv2
fake_467.wav,2.7480118,2.8925483,3.8489087,2.3757765,3.6229198,NISQAv2
real_1147.wav,4.4243402,4.075494,4.5329237,4.2454443,4.4410205,NISQAv2
fake_301.wav,2.9045846,3.5875344,3.9809635,2.6024475,3.623977,NISQAv2
fake_2037.wav,2.7554393,3.6641345,3.5426526,2.2223132,3.514798,NISQAv2
real_1621.wav,3.7136571,3.4787238,4.411254,3.7838686,4.1058297,NISQAv2
real_2328.wav,4.638916,4.3782873,4.6131215,4.187467,4.5384064,NISQAv2
real_1966.wav,2.9421594,3.5183666,3.6746223,2.7476027,3.4583743,NISQAv2
real_334.wav,3.817263,3.4653091,4.288944,3.786953,4.1555257,NISQAv2
real_452.wav,3.5257354,3.0345042,4.1135273,3.7029734,4.087205,NISQAv2
real_446.wav,4.602608,4.3188396,4.6215487,4.2028275,4.52707,NISQAv2
real_1972.wav,3.290408,3.453973,3.9075303,3.0899463,3.6628509,NISQAv2
real_320.wav,4.48318,4.286386,4.6317253,4.1508393,4.47027,NISQAv2
fake_2194.wav,2.6014552,2.998007,3.5712824,2.5755684,3.2976677,NISQAv2
real_1782.wav,4.0817337,3.2603722,4.343726,3.8996468,4.3285336,NISQAv2
real_308.wav,4.489024,4.344028,4.6211243,4.1433854,4.4866,NISQAv2
fake_1489.wav,2.3423212,3.1493003,3.3263319,2.1700346,3.14275,NISQAv2
fake_2180.wav,2.5094965,3.0007389,3.3930058,2.329692,3.4373415,NISQAv2
real_1796.wav,3.5806797,2.6558926,4.0711226,3.0936801,3.71072,NISQAv2
fake_1462.wav,2.3634717,3.3598766,3.3203804,2.380324,3.229647,NISQAv2
real_2274.wav,4.6264462,4.120122,4.6662936,4.2641973,4.6089845,NISQAv2
fake_1304.wav,1.8473479,3.0790217,1.8790619,2.1743186,3.0857284,NISQAv2
real_2512.wav,4.0258846,4.1450925,4.179821,3.5036783,3.8035328,NISQAv2
real_491.wav,4.4455876,4.2927976,4.442613,4.179087,4.4562263,NISQAv2
fake_2619.wav,2.9738278,3.0194395,3.6640317,2.7661781,3.5540233,NISQAv2
real_485.wav,2.6593692,1.9848827,4.073714,3.2261112,3.588287,NISQAv2
fake_1310.wav,2.6004782,2.9891524,2.976087,2.515482,3.4744453,NISQAv2
real_2506.wav,4.396246,4.2157645,4.3582563,4.101218,4.466266,NISQAv2
fake_1476.wav,2.632531,2.6564293,3.7078052,2.7423418,3.5000846,NISQAv2
real_2260.wav,4.552014,3.7819276,4.6191273,4.3097258,4.57187,NISQAv2
real_1769.wav,4.059031,3.644004,4.3472824,3.7836728,4.2905827,NISQAv2
fake_249.wav,3.3257093,3.6925464,4.076904,3.2787423,3.91866,NISQAv2
real_2248.wav,4.533743,4.116977,4.68449,4.314236,4.570193,NISQAv2
real_1999.wav,3.0075653,3.1616147,3.1872628,2.6972888,3.6853137,NISQAv2
fake_261.wav,3.2076187,3.7518537,3.9209719,2.8271704,3.7150064,NISQAv2
fake_2157.wav,2.8448975,3.6216187,3.9750361,2.6904528,3.634795,NISQAv2
real_1741.wav,4.0360236,3.395388,4.226578,3.9876614,4.212355,NISQAv2
fake_507.wav,2.9651077,3.0628285,3.9787447,2.9410176,3.6662672,NISQAv2
real_1027.wav,4.007079,3.7980201,4.396403,4.025982,4.263888,NISQAv2
fake_1338.wav,2.9610202,3.785856,2.869729,2.756284,3.5560517,NISQAv2
fake_513.wav,2.8631513,2.3032415,3.9635699,2.8604023,3.3989422,NISQAv2
real_1033.wav,3.8095438,3.7024121,4.4451447,3.7522848,4.1516285,NISQAv2
fake_275.wav,3.3084438,3.6750088,3.9343877,2.737457,3.7775285,NISQAv2
fake_2143.wav,2.4232607,3.5494733,2.9133632,2.1607888,3.4291222,NISQAv2
real_1755.wav,4.2898035,3.540287,4.395621,4.100379,4.468073,NISQAv2
real_888.wav,3.2584069,2.2606344,4.3525715,3.6568072,3.74524,NISQAv2
real_75.wav,4.4663725,4.0055223,4.535686,4.2552023,4.546263,NISQAv2
fake_922.wav,3.3812609,3.7906559,3.984769,3.1136425,3.973543,NISQAv2
real_650.wav,3.941181,1.9860094,4.2215414,3.9547446,4.179294,NISQAv2
real_136.wav,3.815692,4.077778,4.0403447,3.297486,4.092592,NISQAv2
real_122.wav,4.771111,4.5931897,4.7205267,4.428626,4.677569,NISQAv2
real_61.wav,4.6042724,4.108081,4.5687947,4.239526,4.5595527,NISQAv2
real_644.wav,3.5473082,2.3726926,3.40284,3.7037017,3.9580116,NISQAv2
fake_936.wav,3.3549182,3.831119,3.933563,2.943488,3.933236,NISQAv2
fake_99.wav,2.558303,3.2329223,3.7392404,2.2272415,3.4723387,NISQAv2
real_49.wav,4.5122175,3.9032302,4.523926,4.237653,4.512436,NISQAv2
real_2089.wav,3.660062,3.8064764,4.3791037,3.3710334,3.9609065,NISQAv2
fake_1847.wav,3.0987442,2.1048572,4.2721043,3.5584989,3.6434834,NISQAv2
real_1580.wav,4.705412,4.5395927,4.679989,4.519032,4.656638,NISQAv2
fake_2396.wav,3.158625,2.780603,4.23242,3.2850516,3.8288846,NISQAv2
real_1594.wav,4.6121883,4.448076,4.562669,4.4613442,4.5325723,NISQAv2
fake_2382.wav,3.0142996,2.7121782,3.9410157,3.0870388,3.6911645,NISQAv2
fake_1853.wav,2.5215662,1.9190694,3.317862,2.6240728,3.1637723,NISQAv2
real_678.wav,3.9683857,2.8355415,4.1586905,4.0715785,4.2187757,NISQAv2
real_693.wav,3.957309,2.3759277,4.4710503,4.115421,4.193955,NISQAv2
fake_739.wav,3.156152,3.646389,3.8712695,2.6413622,3.7826333,NISQAv2
real_1219.wav,4.467476,4.154405,4.5222034,4.273105,4.453156,NISQAv2
fake_1106.wav,2.5226643,3.0536187,3.2481625,2.4429433,3.400104,NISQAv2
real_2076.wav,4.4661617,4.4560113,4.578548,4.358028,4.517902,NISQAv2
fake_1660.wav,3.3489995,3.163292,3.9341457,3.4222705,3.8743298,NISQAv2
fake_2369.wav,3.4460728,3.2914546,4.187879,3.295585,3.9728098,NISQAv2
real_2062.wav,4.31482,3.701992,4.6035805,4.1709867,4.4742703,NISQAv2
fake_1674.wav,2.8942578,2.9092572,3.5272863,3.1249092,3.7541873,NISQAv2
fake_1112.wav,2.7189927,2.9163616,3.5298264,2.6859403,3.5154436,NISQAv2
real_687.wav,2.7618086,2.6355174,2.3330605,3.1115158,3.8027096,NISQAv2
fake_72.wav,2.5578325,2.8633869,3.6773481,2.3200543,3.4446816,NISQAv2
real_1225.wav,3.2590504,2.5160794,3.3809025,3.019876,3.8111336,NISQAv2
fake_2433.wav,2.8202088,3.3339021,3.3148777,2.506079,3.4502988,NISQAv2
fake_705.wav,2.8430603,3.6554475,3.3190186,2.5082142,3.6464522,NISQAv2
real_877.wav,3.0370057,2.1247115,4.206649,3.6303298,3.7488406,NISQAv2
real_1543.wav,4.118196,4.1970105,4.4437757,3.5914757,4.21586,NISQAv2
fake_2355.wav,3.340574,3.7152703,4.177862,3.1439626,3.7976484,NISQAv2
fake_1884.wav,2.8132598,3.270674,3.583696,2.4494717,3.4339705,NISQAv2
fake_1890.wav,3.0177047,3.4038928,3.307095,2.5551143,3.6465542,NISQAv2
fake_1648.wav,3.4570467,3.3789246,4.111253,3.5417929,3.8715007,NISQAv2
real_1557.wav,4.4107504,4.221688,4.552932,4.10617,4.455634,NISQAv2
fake_2341.wav,3.0088584,3.685754,3.8498294,2.4978004,3.6714969,NISQAv2
real_1231.wav,4.049378,3.1337497,4.3817496,4.0290017,4.2319875,NISQAv2
real_863.wav,3.9809587,3.0913193,4.427017,3.8689716,4.304083,NISQAv2
fake_2427.wav,2.7461708,3.2288048,3.4452062,2.4003377,3.436961,NISQAv2
fake_711.wav,3.5449631,3.9689593,4.2219224,3.3107345,4.0351315,NISQAv2
fake_66.wav,3.0500646,3.2347984,3.9320567,2.9653227,3.7423148,NISQAv2
real_186.wav,3.807102,2.4457562,4.211753,3.833553,4.132864,NISQAv2
real_2005.wav,3.093629,2.4844677,4.00711,3.4073625,3.58828,NISQAv2
fake_1613.wav,3.223194,3.7840354,4.1738787,3.2285275,3.8750815,NISQAv2
fake_1175.wav,2.9464712,3.500116,3.5435605,2.5066059,3.662402,NISQAv2
real_838.wav,3.5981095,2.9901679,4.186752,3.7632077,3.9811702,NISQAv2
fake_992.wav,3.3601763,2.6536477,3.8768122,3.0253613,3.805011,NISQAv2
fake_2468.wav,2.4155364,2.8093379,3.6364462,2.4654214,3.419677,NISQAv2
fake_986.wav,3.3854616,3.4623659,3.4877324,3.0805976,3.3965309,NISQAv2
fake_29.wav,3.1338031,3.1350753,3.749351,2.910162,3.7540355,NISQAv2
fake_1161.wav,2.3033834,2.9569154,3.0079732,2.2069652,3.332426,NISQAv2
real_2011.wav,2.9713008,2.6865933,3.9218783,3.3578987,3.5104434,NISQAv2
fake_1607.wav,3.670758,3.906634,4.105735,3.3750017,4.0498614,NISQAv2
real_192.wav,3.1847386,2.2294796,3.5999887,3.3194928,3.6839223,NISQAv2
real_1518.wav,4.2319975,2.866871,4.4071856,3.8882334,4.2852435,NISQAv2
real_2039.wav,4.6885757,4.561856,4.7150087,4.3271704,4.5944953,NISQAv2
real_1530.wav,4.2197804,4.179564,4.4088955,3.8368547,4.1742887,NISQAv2
fake_2326.wav,3.4038424,3.6239922,4.0518775,3.005808,3.8904321,NISQAv2
real_1256.wav,3.6121461,2.9310675,4.157197,3.8865824,4.0562186,NISQAv2
real_804.wav,3.7806804,3.7778604,4.1403894,3.4463184,4.067615,NISQAv2
fake_776.wav,3.4466438,3.8439963,3.8249862,3.0926514,3.817599,NISQAv2
fake_2440.wav,2.583924,3.3659747,3.030943,2.3654666,3.3749025,NISQAv2
fake_1149.wav,2.6671507,3.4187787,3.3796847,2.588048,3.46617,NISQAv2
fake_15.wav,2.7601707,3.140032,3.5356786,2.6069882,3.589125,NISQAv2
real_1242.wav,4.0890813,2.9004447,4.357935,4.1186137,4.2344384,NISQAv2
fake_762.wav,3.4407995,3.6623895,4.0978355,3.022607,3.9195538,NISQAv2
fake_2454.wav,2.3025477,2.563799,3.1794446,2.4634266,3.3529353,NISQAv2
real_810.wav,2.9013598,2.865597,2.8281376,2.9399724,3.6695576,NISQAv2
real_1524.wav,4.321452,3.9457364,4.4680567,3.8234494,4.2790174,NISQAv2
fake_2332.wav,3.130245,3.4651906,3.9183447,2.6875112,3.6880028,NISQAv2
fake_1808.wav,2.9102461,2.2595763,4.1144238,3.2976446,3.720698,NISQAv2
real_145.wav,3.7174995,4.043203,3.956796,3.4130337,3.8994777,NISQAv2
real_623.wav,4.4394884,4.00788,4.5432396,4.307079,4.5165343,NISQAv2
fake_951.wav,3.0536478,2.754324,3.9581423,2.8410947,3.7454581,NISQAv2
fake_789.wav,2.4964058,2.5892868,3.5007975,2.0431504,3.207596,NISQAv2
fake_945.wav,3.3061373,3.2248538,4.1257267,3.107589,3.808584,NISQAv2
real_637.wav,4.258339,4.0850143,4.330341,3.942624,4.2828937,NISQAv2
real_12.wav,4.0544167,3.86814,4.035992,3.7330744,4.271373,NISQAv2
real_151.wav,4.4742937,4.3269978,4.401459,4.091389,4.502319,NISQAv2
real_179.wav,3.6222522,2.6890037,4.156392,3.853859,4.002264,NISQAv2
fake_1834.wav,2.4984024,1.9952126,3.1981037,2.797588,3.1267436,NISQAv2
real_1295.wav,2.6523082,3.450444,3.9438732,2.7721717,3.5986617,NISQAv2
fake_2483.wav,2.1749895,2.4634087,2.9262817,2.4739866,3.1608987,NISQAv2
fake_979.wav,3.4687223,2.7539299,4.1170654,3.3625252,3.910909,NISQAv2
real_1281.wav,3.3878393,3.8102288,3.6995394,3.3303492,3.3295586,NISQAv2
fake_2497.wav,2.171722,2.0850978,3.2845082,2.4765131,3.2513912,NISQAv2
fake_1820.wav,2.957288,2.5536244,3.9649057,3.3231766,3.6619904,NISQAv2
real_1068.wav,3.9276721,3.2952268,4.490683,3.9776814,4.3327923,NISQAv2
fake_548.wav,2.8980339,2.320949,4.019566,2.8241389,3.6287534,NISQAv2
fake_1377.wav,3.3624704,3.4753706,3.8431277,2.839046,3.771333,NISQAv2
real_2561.wav,4.563449,4.2850475,4.6424217,4.179177,4.3851237,NISQAv2
fake_1411.wav,2.6078844,2.4613185,3.7074707,2.6129487,3.4487007,NISQAv2
real_2207.wav,4.5685687,4.009313,4.619069,4.3146462,4.535984,NISQAv2
fake_2118.wav,2.3735166,3.2846785,3.62581,2.2727976,3.3039398,NISQAv2
real_384.wav,3.6763706,2.9651802,3.9939303,3.5416849,4.0431275,NISQAv2
real_390.wav,4.090063,3.8133376,4.31843,3.925253,4.260715,NISQAv2
fake_1405.wav,3.329091,3.614754,4.0242667,3.042187,3.7581666,NISQAv2
real_2213.wav,4.0228195,3.4064703,4.5062256,4.0438867,4.2968802,NISQAv2
fake_1363.wav,2.9331834,3.570195,3.5712066,2.965189,3.5512118,NISQAv2
real_2575.wav,3.6129262,3.1379292,4.1844196,3.747828,4.0784435,NISQAv2
real_5.wav,4.436107,4.124004,4.4674973,4.1498394,4.480188,NISQAv2
fake_574.wav,2.8989823,3.2998943,3.8392394,2.4658115,3.6092663,NISQAv2
real_1054.wav,3.8418813,3.02932,4.3829284,3.665476,4.198888,NISQAv2
fake_2124.wav,2.4852571,3.4585135,3.3307536,2.3436987,3.4098227,NISQAv2
fake_212.wav,2.8798034,3.3108888,3.9156792,2.6147683,3.5896013,NISQAv2
real_1732.wav,4.310175,3.6046588,4.4579062,4.16958,4.4607396,NISQAv2
fake_1439.wav,3.274974,2.389807,4.1055565,3.3524678,3.9440727,NISQAv2
fake_2130.wav,2.029588,3.014027,2.7977407,1.955633,3.0582294,NISQAv2
fake_206.wav,2.4468553,1.9524322,3.614699,2.5619838,3.3704765,NISQAv2
real_1726.wav,4.3185525,3.3812902,4.464781,4.1393003,4.478255,NISQAv2
fake_560.wav,2.8068397,2.3547773,4.01515,2.6477673,3.5772126,NISQAv2
real_1040.wav,3.4121857,3.0062664,4.331847,3.619848,3.6824613,NISQAv2
real_2549.wav,3.686467,3.4597864,3.9913814,3.8420403,3.713306,NISQAv2
real_421.wav,3.6778781,3.3663814,4.0889926,3.7154481,4.0086756,NISQAv2
real_1915.wav,4.323227,3.9572556,4.3692026,3.962139,4.1860156,NISQAv2
real_347.wav,4.0062904,2.7067783,4.4086604,4.050895,4.195509,NISQAv2
real_1901.wav,4.1187563,3.8927453,4.4595985,4.135108,4.27053,NISQAv2
real_353.wav,4.252824,3.792396,4.6407375,4.0358596,4.450313,NISQAv2
real_435.wav,3.4333553,2.9964852,3.2896607,3.1290407,3.7570794,NISQAv2
real_1097.wav,3.9949799,3.987423,4.273173,3.773773,4.2055297,NISQAv2
fake_1388.wav,3.6570022,3.797585,4.3681526,3.2504113,3.8521335,NISQAv2
real_1929.wav,4.5469704,4.3972263,4.5735817,4.176134,4.3976817,NISQAv2
real_1083.wav,3.951731,3.8999624,4.1346545,3.6581283,4.211231,NISQAv2
real_409.wav,3.643073,3.2640612,4.0436087,3.4980214,3.9681847,NISQAv2
real_596.wav,4.6131983,4.368608,4.6901484,4.192243,4.559605,NISQAv2
fake_1203.wav,2.399099,2.9686284,3.0046272,2.322073,3.2610166,NISQAv2
real_2415.wav,4.0045056,3.4645798,4.433101,4.0557966,4.1892076,NISQAv2
fake_1565.wav,3.1077063,3.6518867,3.6995485,2.9916658,3.7856858,NISQAv2
real_2373.wav,4.008643,3.3252332,4.279027,3.9787626,4.1461854,NISQAv2
fake_2078.wav,2.7999718,3.5687752,3.2912261,2.3592446,3.547745,NISQAv2
fake_1571.wav,2.9978728,3.2717898,3.8850596,2.851524,3.6493366,NISQAv2
real_2367.wav,3.9085426,3.200116,4.403076,4.07451,4.2755923,NISQAv2
fake_1217.wav,2.1159027,2.8600504,2.194721,2.2247496,3.2144647,NISQAv2
real_2401.wav,4.03817,3.5756986,4.455385,4.0138483,4.317089,NISQAv2
real_1108.wav,4.0743027,4.001051,4.2885103,3.8938885,4.2626543,NISQAv2
fake_428.wav,2.1242745,2.7510788,3.4489594,2.3944275,3.1125622,NISQAv2
real_582.wav,4.542519,4.267481,4.5658803,4.0362883,4.451737,NISQAv2
real_2429.wav,4.3300037,4.045708,4.4694543,4.102773,4.393228,NISQAv2
fake_400.wav,2.6416929,2.3746986,3.4636147,2.7123878,3.5319622,NISQAv2
real_1120.wav,2.926854,2.9827664,3.2655878,2.590464,3.5933983,NISQAv2
fake_2.wav,2.6598766,2.8765984,3.3744671,2.490463,3.5591996,NISQAv2
fake_2050.wav,3.37767,3.9041748,3.9653976,2.7804167,3.7405734,NISQAv2
fake_366.wav,2.1558464,2.9258602,2.4642293,2.309423,3.1714098,NISQAv2
real_1646.wav,3.39137,3.326001,4.2458553,4.020109,4.0004735,NISQAv2
fake_1559.wav,3.1379325,3.2546194,3.8131082,3.2412105,3.8282156,NISQAv2
fake_2044.wav,3.1390035,3.5792882,4.041226,3.1594195,3.7951996,NISQAv2
fake_372.wav,2.1849115,2.497136,3.257264,2.480859,3.0104547,NISQAv2
real_1652.wav,4.0017686,3.790854,4.2721004,4.1414895,4.245307,NISQAv2
fake_414.wav,1.9614702,2.1821206,3.4310267,2.6060483,3.1685555,NISQAv2
real_1134.wav,2.542516,2.9376662,2.1172855,2.4198787,3.4989903,NISQAv2
real_555.wav,4.147056,3.2547734,4.363953,4.084014,4.2266164,NISQAv2
fake_399.wav,2.1539514,2.4110448,2.8012311,2.5157406,3.1625931,NISQAv2
real_1861.wav,4.5561514,4.380408,4.5117683,4.0519085,4.465754,NISQAv2
real_233.wav,4.529155,4.312514,4.599227,4.2016387,4.5320444,NISQAv2
real_1875.wav,4.402512,4.2043047,4.4261103,4.002616,4.307009,NISQAv2
real_227.wav,4.4740925,4.264455,4.643919,4.2800713,4.428128,NISQAv2
real_541.wav,4.150447,3.2958844,4.374138,4.091067,4.202624,NISQAv2
real_569.wav,4.121218,3.305768,4.3620367,4.3189816,4.3579626,NISQAv2
fake_2093.wav,2.1285746,2.720629,2.8018148,2.2429223,3.166165,NISQAv2
real_1685.wav,3.5629756,3.0889394,3.9839625,3.4310958,3.969087,NISQAv2
fake_2087.wav,2.945988,3.6440628,3.649905,2.3855307,3.5885565,NISQAv2
real_1691.wav,3.880697,3.685777,4.2451124,3.7152872,4.1761885,NISQAv2
real_1849.wav,3.6639566,2.2642462,4.346833,4.03309,4.0710354,NISQAv2
real_2398.wav,3.5898387,3.0847423,4.258103,3.482414,4.069058,NISQAv2
fake_158.wav,2.7354267,3.6629357,3.6071565,2.4858246,3.634939,NISQAv2
real_1478.wav,3.9532235,3.1938646,4.177551,3.726275,4.069443,NISQAv2
real_2171.wav,4.5168543,4.1919317,4.421804,4.151527,4.528353,NISQAv2
fake_1767.wav,2.6805308,2.440483,4.0735636,3.1814544,3.5578425,NISQAv2
real_2617.wav,3.4940104,3.466486,3.672941,3.3134482,3.8902988,NISQAv2
fake_1001.wav,3.2505968,2.5189145,3.6091316,2.978533,3.726231,NISQAv2
real_794.wav,3.3206494,3.3876226,3.849045,3.231886,3.915153,NISQAv2
fake_2508.wav,3.4224496,3.6982703,3.9660187,2.9356813,3.7968876,NISQAv2
real_780.wav,4.4280005,4.4196,4.5637436,4.057094,4.3836756,NISQAv2
real_958.wav,4.4222307,3.7691004,4.5500727,4.127439,4.464032,NISQAv2
real_2603.wav,4.2655754,3.8458831,4.5048714,3.8928635,4.3627944,NISQAv2
fake_1015.wav,3.4783475,3.381385,4.1235414,3.120076,3.9640296,NISQAv2
real_2165.wav,4.791497,4.2785916,4.721342,4.377175,4.6571946,NISQAv2
fake_1773.wav,2.2102115,2.3121295,3.4798884,2.2798007,3.2684312,NISQAv2
fake_1983.wav,1.6706796,2.8115454,2.153834,1.8763461,2.7589123,NISQAv2
real_1444.wav,4.5303955,4.3597913,4.692236,4.294974,4.522569,NISQAv2
fake_2252.wav,3.7084236,3.677179,4.1662903,3.2486484,4.065316,NISQAv2
fake_164.wav,2.0517063,3.3568366,2.7666132,2.1854832,3.3404052,NISQAv2
real_1322.wav,3.8036118,3.9836361,4.2040644,3.6052983,3.949472,NISQAv2
fake_602.wav,3.0552762,3.5112984,3.8738363,2.5646932,3.6152594,NISQAv2
fake_2534.wav,3.1472929,3.3385742,3.3981066,2.99392,3.8104608,NISQAv2
real_970.wav,4.471715,4.139492,4.53736,4.253139,4.4655814,NISQAv2
fake_1029.wav,2.7607355,2.7771013,3.994646,3.087282,3.5430748,NISQAv2
real_1336.wav,3.6945202,3.8627574,3.9870753,3.5218675,3.946489,NISQAv2
real_964.wav,4.385909,4.096582,4.4578695,4.094316,4.397673,NISQAv2
fake_616.wav,3.6993706,3.3971083,4.1210613,3.5064342,4.0197678,NISQAv2
fake_2520.wav,3.1793494,3.5321765,3.8216379,2.8890529,3.6914809,NISQAv2
real_1450.wav,4.364333,4.1846385,4.3734837,4.040278,4.4102755,NISQAv2
fake_2246.wav,3.2961671,3.5874226,3.748686,2.611653,3.8278325,NISQAv2
fake_170.wav,2.9501462,3.5536509,3.9646494,2.7942688,3.8526661,NISQAv2
fake_1997.wav,1.8616,2.1299546,3.0603087,2.1690617,2.5937002,NISQAv2
real_2159.wav,4.855148,4.202174,4.8164062,4.5168366,4.7173333,NISQAv2
fake_825.wav,2.0509393,2.2864249,3.3890676,2.2515175,3.1117604,NISQAv2
real_757.wav,4.4595485,4.335664,4.4681997,4.075181,4.482145,NISQAv2
real_743.wav,4.459111,4.356602,4.6241217,4.041825,4.4493337,NISQAv2
fake_831.wav,2.5768044,2.2767909,3.6006129,2.5376852,3.3033512,NISQAv2
fake_1968.wav,1.9147911,2.338589,2.7473834,2.2613957,2.8174489,NISQAv2
real_1487.wav,4.3824472,4.2276535,4.6496754,4.2245193,4.3659353,NISQAv2
fake_2291.wav,3.2839277,3.2037096,3.9364152,2.823983,3.7524898,NISQAv2
fake_1798.wav,2.515713,2.212615,3.4783428,2.4608016,3.2917454,NISQAv2
fake_1940.wav,2.8492198,3.3766174,3.3572907,2.4614208,3.2419183,NISQAv2
fake_819.wav,2.766854,2.4688401,3.7059915,2.5915935,3.388131,NISQAv2
fake_1954.wav,1.8788095,2.6967795,2.3595223,1.9274429,2.7791102,NISQAv2
real_1493.wav,4.263296,3.8285193,4.4238462,3.8976521,4.3375683,NISQAv2
fake_2285.wav,3.4746096,3.4537756,4.146722,3.213387,3.903728,NISQAv2
fake_2284.wav,3.225619,3.4888983,3.909465,2.8182147,3.7491858,NISQAv2
real_1492.wav,4.0986633,3.9106421,4.5295963,3.4966867,4.1826854,NISQAv2
fake_1955.wav,2.095431,2.7606585,2.874002,2.055664,2.892123,NISQAv2
fake_1941.wav,2.7846014,3.5444744,3.3594124,2.4847357,3.366678,NISQAv2
fake_1799.wav,2.3155296,2.2238438,3.373782,2.6381974,3.2555602,NISQAv2
fake_2290.wav,2.9460547,3.4088504,3.7622712,2.4701493,3.5577137,NISQAv2
real_1486.wav,4.3240814,3.9954958,4.5011635,3.7136228,4.2406955,NISQAv2
fake_818.wav,2.7331467,2.2039597,4.064481,2.860638,3.3972957,NISQAv2
fake_830.wav,2.2412162,2.2423964,3.1109931,2.2302191,3.2996476,NISQAv2
real_742.wav,4.4535637,4.4286056,4.6670504,4.3196826,4.498679,NISQAv2
fake_1969.wav,1.8024373,2.5517194,2.5553324,2.062716,2.7200286,NISQAv2
real_756.wav,4.4920845,4.3777432,4.5749335,4.005262,4.452034,NISQAv2
fake_824.wav,2.1801789,2.1863797,3.4784758,2.3490589,3.447104,NISQAv2
fake_2521.wav,2.9506543,3.4075797,3.5686934,2.5064318,3.460529,NISQAv2
fake_617.wav,3.4247546,3.601895,4.035637,3.4199777,3.8165572,NISQAv2
real_965.wav,4.53371,4.2507157,4.5340347,4.1830077,4.525393,NISQAv2
real_1337.wav,3.8957977,4.09526,4.197173,3.7182899,4.001499,NISQAv2
fake_1028.wav,2.9192626,2.732351,3.9538953,3.2040575,3.6036322,NISQAv2
real_2158.wav,4.2606306,4.324366,4.473315,4.0236235,4.402688,NISQAv2
fake_1996.wav,2.009787,2.5610626,2.9991462,2.0401762,2.8188524,NISQAv2
fake_171.wav,2.3951657,1.9583161,3.5136917,2.69019,3.1234977,NISQAv2
fake_2247.wav,3.135637,3.584281,3.7971368,2.7160857,3.6989572,NISQAv2
real_1451.wav,4.0998135,3.531324,4.559847,3.9723046,4.232217,NISQAv2
fake_165.wav,2.3826478,3.1304016,3.620375,2.8179204,3.5147707,NISQAv2
fake_2253.wav,3.086569,3.3343008,3.8518672,2.5583258,3.6770408,NISQAv2
real_1445.wav,4.4648294,4.1370087,4.51567,4.150716,4.4546723,NISQAv2
fake_1982.wav,2.0360649,2.6730359,2.2725358,1.9854126,2.8938963,NISQAv2
real_971.wav,4.6315885,3.7267847,4.782273,4.5164294,4.5541215,NISQAv2
fake_2535.wav,3.8211486,3.7382944,4.2428265,3.474704,4.015078,NISQAv2
fake_603.wav,3.1429913,3.426113,3.9263365,2.8087935,3.7231278,NISQAv2
real_1323.wav,3.0858681,3.7966456,3.5144045,2.9625304,3.7960005,NISQAv2
fake_1014.wav,3.4247067,3.2709737,4.285014,3.381701,4.0079126,NISQAv2
real_2602.wav,3.6915028,3.4128778,4.2153244,3.6819746,4.072963,NISQAv2
real_959.wav,4.5499535,4.248893,4.4470973,4.195865,4.5018725,NISQAv2
real_781.wav,4.564975,4.4696517,4.5743217,4.0251255,4.4048877,NISQAv2
fake_1772.wav,2.4932396,2.4574528,3.3561385,2.4138882,3.4369643,NISQAv2
real_2164.wav,4.4577956,4.0383906,4.6301193,4.272939,4.518817,NISQAv2
fake_1766.wav,2.141693,2.3013194,3.3296392,2.182873,3.1627991,NISQAv2
real_2170.wav,4.632625,4.4655275,4.6581964,4.4116306,4.6031914,NISQAv2
real_1479.wav,3.969765,3.8881588,4.212225,3.4356582,4.0009427,NISQAv2
fake_159.wav,2.9188623,3.663481,3.4794984,2.7891514,3.7763045,NISQAv2
fake_2509.wav,3.3376656,3.647125,3.9105613,3.5561311,3.9565241,NISQAv2
real_795.wav,4.2507277,3.51899,4.428586,4.076594,4.413348,NISQAv2
fake_1000.wav,3.594004,3.3740335,4.3500648,3.4706228,4.0523047,NISQAv2
real_2616.wav,3.840089,3.5702102,4.2565517,3.671471,4.1481733,NISQAv2
real_2399.wav,3.7109854,3.1706035,4.25666,3.79942,4.126617,NISQAv2
real_1848.wav,3.5180478,2.411001,4.3032084,4.0139384,3.8255444,NISQAv2
real_1690.wav,3.7156374,3.133897,4.214178,3.7903073,4.0739465,NISQAv2
fake_2086.wav,2.789474,3.3582475,3.5348318,2.274998,3.3493466,NISQAv2
real_568.wav,4.0916514,3.3139336,4.348156,3.9701142,4.272408,NISQAv2
real_1684.wav,3.774756,3.000803,4.2687063,3.8631456,4.1162934,NISQAv2
fake_2092.wav,2.855501,3.0503747,3.9879727,2.9445102,3.6616383,NISQAv2
real_226.wav,4.559204,4.2005596,4.614787,4.240871,4.510965,NISQAv2
real_1874.wav,4.2551947,3.9041655,4.461327,3.98597,4.3814187,NISQAv2
real_540.wav,4.191599,3.5758696,4.283986,4.3205957,3.5292714,NISQAv2
real_554.wav,3.9754143,2.9940484,4.3828135,3.8923807,4.086666,NISQAv2
real_232.wav,4.2967615,4.402812,4.5432034,4.11145,4.423254,NISQAv2
real_1860.wav,4.7884235,4.452211,4.6351337,4.2652774,4.5778966,NISQAv2
fake_398.wav,2.2031038,2.2122567,3.1560209,2.2896144,3.1310627,NISQAv2
real_1653.wav,4.354578,4.0369844,4.474659,4.2421036,4.436916,NISQAv2
fake_373.wav,2.1968436,2.2350264,2.6440113,2.0739417,3.2634966,NISQAv2
fake_2045.wav,3.2983718,3.4683654,3.8910093,3.0367734,3.8707454,NISQAv2
real_1135.wav,2.826278,3.0382607,3.3036563,2.4972355,3.555475,NISQAv2
fake_415.wav,2.655392,2.4547372,3.5528762,3.0439618,3.5055716,NISQAv2
fake_3.wav,3.592919,3.4701588,4.0021443,2.9386575,3.6397712,NISQAv2
real_1121.wav,3.2706604,3.2316837,4.048275,2.9833515,3.7646062,NISQAv2
fake_401.wav,1.7943743,2.2690158,3.0001495,2.2204378,2.9300363,NISQAv2
real_2428.wav,3.7959876,4.228313,3.8776805,3.4745598,4.118865,NISQAv2
fake_1558.wav,3.9127483,2.938853,4.0859632,3.8485098,4.243918,NISQAv2
real_1647.wav,4.2162766,4.0340643,4.613802,4.4344687,4.4782815,NISQAv2
fake_367.wav,1.8561933,2.3327239,2.2923949,2.2150505,2.9124074,NISQAv2
fake_2051.wav,3.3087842,3.856864,3.8250186,3.0178382,3.788082,NISQAv2
real_2366.wav,4.149437,3.3297675,4.485217,4.019399,4.398975,NISQAv2
fake_1570.wav,3.225436,3.8125079,3.9688847,2.9822795,3.840291,NISQAv2
fake_2079.wav,2.6519063,3.587553,2.555031,1.972219,3.4763124,NISQAv2
real_583.wav,4.488572,4.435514,4.612006,4.239398,4.5001855,NISQAv2
fake_429.wav,2.0012836,2.5248356,3.2316868,2.3452694,3.020736,NISQAv2
real_1109.wav,3.7922952,3.948416,3.929613,3.4337401,4.119329,NISQAv2
real_2400.wav,3.8949566,3.251375,4.279089,3.7897787,4.2155266,NISQAv2
fake_1216.wav,3.8427813,3.561248,4.4282684,3.8153644,4.2402806,NISQAv2
real_2414.wav,3.7592347,3.3671124,4.3995686,3.904564,4.258011,NISQAv2
fake_1202.wav,2.7439938,2.971987,3.515722,2.7615936,3.4998562,NISQAv2
real_597.wav,4.7402935,4.509353,4.7567587,4.268164,4.5750175,NISQAv2
real_2372.wav,4.013117,3.3720064,4.3362103,3.9711761,4.2366567,NISQAv2
fake_1564.wav,3.4173267,3.8584785,4.0345435,3.3009088,3.960037,NISQAv2
real_408.wav,3.401038,3.0719256,4.394573,3.5363982,3.9000165,NISQAv2
real_1082.wav,4.348279,3.8246462,4.415108,4.011566,4.4168634,NISQAv2
fake_1389.wav,3.494383,3.6269708,3.9517992,3.031317,3.7862241,NISQAv2
real_1096.wav,4.0395193,3.3065474,4.243559,3.8429804,4.2761154,NISQAv2
real_1928.wav,4.115148,4.185321,4.2018538,3.7275074,4.184999,NISQAv2
real_352.wav,3.5505016,2.0649388,4.4959154,3.6963794,4.125934,NISQAv2
real_1900.wav,4.178906,3.9368985,4.311249,3.904186,4.2370505,NISQAv2
real_434.wav,4.2014966,3.5194075,4.489008,4.0433245,4.3551803,NISQAv2
real_420.wav,4.1185017,3.7493002,4.391474,3.96692,4.3919516,NISQAv2
real_346.wav,4.2776856,3.960634,4.486717,4.1222243,4.479526,NISQAv2
real_1914.wav,4.248592,3.4114501,4.405321,3.9333603,4.292269,NISQAv2
real_1727.wav,3.9359038,3.3275404,4.357128,3.855075,4.2148914,NISQAv2
fake_207.wav,2.7458997,2.0460587,3.8597186,3.1291645,3.5225213,NISQAv2
fake_2131.wav,2.7004282,3.2803824,3.7802818,2.5686033,3.458185,NISQAv2
fake_1438.wav,3.06689,2.4441602,4.026651,3.009366,3.80362,NISQAv2
real_2548.wav,4.479806,4.44597,4.542991,4.248621,4.4457116,NISQAv2
real_1041.wav,3.668936,2.8447514,4.5234385,3.973145,4.285257,NISQAv2
fake_561.wav,2.689154,2.4560559,3.945285,2.557708,3.5224693,NISQAv2
real_1055.wav,3.786952,3.499128,4.32777,3.8512409,4.0509024,NISQAv2
fake_575.wav,2.8881288,3.4968421,3.7494173,2.422107,3.5102537,NISQAv2
real_4.wav,4.238475,4.0866094,3.8229809,3.9916742,4.471948,NISQAv2
real_1733.wav,3.5980098,3.9259536,4.346994,3.5326211,4.0284953,NISQAv2
fake_213.wav,3.1855106,3.3358033,3.9012368,3.200119,3.8112094,NISQAv2
fake_2125.wav,2.68419,3.5417092,3.731792,2.5739608,3.5068142,NISQAv2
real_2212.wav,4.6601715,4.349732,4.688402,4.3564086,4.596316,NISQAv2
fake_1404.wav,3.6585598,3.6559117,4.0974965,3.3974798,3.8442957,NISQAv2
real_391.wav,3.8263786,3.431897,4.1607985,3.676182,4.136341,NISQAv2
real_2574.wav,3.3368528,3.2081106,3.5237029,3.142166,3.9925969,NISQAv2
fake_1362.wav,2.5708263,3.2235281,2.7881854,2.5559604,3.4283674,NISQAv2
real_2560.wav,4.4184017,4.3607802,4.5328865,4.1168714,4.3909583,NISQAv2
fake_1376.wav,3.2815068,3.5743325,3.5051303,2.8408196,3.5501902,NISQAv2
fake_549.wav,2.8940804,2.3379536,3.889016,2.7924058,3.5306785,NISQAv2
real_1069.wav,3.64859,3.530239,3.9274225,3.6050413,4.1210184,NISQAv2
real_385.wav,3.6192605,2.8247974,4.113799,3.9160473,4.046715,NISQAv2
fake_2119.wav,2.3438404,3.2176487,3.493627,2.5103598,3.2826445,NISQAv2
real_2206.wav,3.9908793,3.2347362,3.8164425,4.053182,4.4810486,NISQAv2
fake_1410.wav,2.9101536,2.9629586,3.830056,2.9418378,3.7180681,NISQAv2
fake_2496.wav,2.1719382,1.9589434,3.372753,2.5295691,3.2650657,NISQAv2
real_1280.wav,3.9476948,2.8948967,4.339945,4.04497,4.2076707,NISQAv2
fake_978.wav,3.4386222,3.4518597,4.286005,3.509756,4.00825,NISQAv2
fake_1821.wav,2.5849826,2.0709405,2.965143,2.6036167,3.1611793,NISQAv2
fake_1835.wav,2.636935,2.0461593,3.068599,2.5449336,3.3868854,NISQAv2
real_178.wav,3.7926648,2.6719134,4.210835,3.924156,4.1849375,NISQAv2
fake_2482.wav,3.0906527,2.8419173,3.8422794,2.9216824,3.6535947,NISQAv2
real_1294.wav,2.1859748,3.354806,2.6596432,2.565557,3.3725417,NISQAv2
real_13.wav,4.4525414,4.135861,4.5422235,4.0865803,4.455788,NISQAv2
real_636.wav,4.404795,4.163435,4.5549974,4.066623,4.3874507,NISQAv2
fake_944.wav,3.241925,3.025988,4.061782,2.9450104,3.8286908,NISQAv2
real_150.wav,4.106377,4.0656567,4.17912,3.6561694,4.302882,NISQAv2
real_144.wav,4.3271427,4.262923,4.4433947,3.8298752,4.4279056,NISQAv2
fake_1809.wav,2.9930487,1.915119,3.8392947,3.2670345,3.4127743,NISQAv2
fake_788.wav,2.3559875,2.4087098,2.9872196,2.2013564,3.2617,NISQAv2
fake_950.wav,3.0086226,3.3011625,3.8590887,2.8334148,3.747236,NISQAv2
real_622.wav,3.8631935,3.6055825,4.030243,3.6965106,3.9483528,NISQAv2
real_811.wav,4.2404404,3.3020382,4.379725,4.223215,4.3792305,NISQAv2
fake_2455.wav,2.2735317,2.3159165,3.3509173,2.3006604,3.209433,NISQAv2
fake_763.wav,2.2501059,2.6882753,2.672586,2.3463748,3.2941475,NISQAv2
real_1243.wav,3.354848,2.6838913,4.1081624,3.7389567,3.8960989,NISQAv2
fake_14.wav,3.3557787,3.176524,3.7081058,3.0642297,3.8853528,NISQAv2
fake_2333.wav,3.0141418,3.699063,4.0159116,2.5132952,3.687154,NISQAv2
real_1525.wav,4.089296,3.4357634,4.237657,3.669747,4.136332,NISQAv2
fake_2327.wav,3.0528624,3.561691,3.7906163,2.7033687,3.69333,NISQAv2
real_1531.wav,4.361288,3.6537342,4.5127225,4.0797515,4.4586678,NISQAv2
real_2038.wav,4.7787156,4.608762,4.687797,4.3187175,4.578501,NISQAv2
fake_1148.wav,2.7653828,3.275203,3.6529336,2.7815666,3.6007726,NISQAv2
fake_2441.wav,2.5237036,3.6203716,2.6856472,2.193499,3.2602437,NISQAv2
fake_777.wav,2.392148,3.5910285,2.3901012,2.4562702,3.2280076,NISQAv2
real_805.wav,4.111682,3.7769463,4.364868,3.8187482,4.3116536,NISQAv2
real_1257.wav,3.816542,2.8707135,4.297599,3.8903482,4.1177835,NISQAv2
fake_1160.wav,2.3212457,2.7685711,3.0105526,2.1512392,3.2230983,NISQAv2
fake_28.wav,3.404684,3.6864057,3.9644861,3.0906208,3.8423016,NISQAv2
fake_987.wav,3.4436443,3.5862246,4.247316,3.2796304,4.0190134,NISQAv2
fake_2469.wav,2.412575,2.2991507,3.4946368,2.4432907,3.297633,NISQAv2
real_1519.wav,4.1737843,4.05095,4.5307455,3.9155838,4.294653,NISQAv2
real_193.wav,3.4902048,2.3785102,4.2162857,3.932734,4.0621004,NISQAv2
fake_1606.wav,3.4115396,3.6983364,3.7519102,3.061262,3.8508832,NISQAv2
real_2010.wav,2.8103333,2.5347803,3.9804025,3.1819425,3.5001225,NISQAv2
fake_1612.wav,3.418358,3.4704866,3.9497175,3.4640386,3.8692348,NISQAv2
real_2004.wav,2.9055614,2.8551052,3.8267834,3.2334092,3.4313323,NISQAv2
real_187.wav,3.4728458,2.3198276,4.1428638,3.8876965,4.037958,NISQAv2
fake_993.wav,3.6333585,2.9243658,4.3444624,3.4042425,4.09259,NISQAv2
real_839.wav,3.724613,2.9338582,4.2746415,3.8774838,4.12499,NISQAv2
fake_1174.wav,2.0195813,2.7545645,2.2777195,2.1915853,3.0880878,NISQAv2
fake_1604.wav,3.4077508,3.7837787,4.1302347,3.3442366,3.8761904,NISQAv2
real_2012.wav,3.0931752,2.6086025,4.0619864,3.4759884,3.6511652,NISQAv2
real_191.wav,3.473256,2.3674934,4.147566,3.7883804,3.9737463,NISQAv2
fake_985.wav,3.4570918,3.5773757,4.2116528,2.9672408,3.8179505,NISQAv2
fake_1162.wav,2.3367627,3.0554593,2.801548,2.4003556,3.179109,NISQAv2
fake_1176.wav,2.8082066,2.784219,3.3727314,2.497028,3.561278,NISQAv2
real_1269.wav,3.6618,2.8576844,4.31419,3.839263,4.0883727,NISQAv2
fake_749.wav,2.9130187,3.3740485,3.7548277,2.5192325,3.6305404,NISQAv2
fake_991.wav,3.5730073,3.033476,4.3146935,3.6828854,4.0617747,NISQAv2
real_185.wav,3.9066048,2.7738693,4.2913814,4.023862,4.3288946,NISQAv2
fake_2319.wav,2.6582928,3.3517113,3.4334013,2.0282543,3.4780777,NISQAv2
fake_1610.wav,3.1438324,3.633455,3.8608596,2.9341486,3.7318797,NISQAv2
real_2006.wav,3.176883,2.7048671,3.8423293,3.4473457,3.5370061,NISQAv2
fake_2331.wav,2.8862226,3.4308462,3.6274586,2.5852187,3.6524475,NISQAv2
real_1527.wav,4.300106,3.8548856,4.3297253,3.9429965,4.182555,NISQAv2
fake_1638.wav,2.7881458,3.2366736,3.289787,2.9283054,3.5274048,NISQAv2
fake_16.wav,2.1441662,2.900762,2.244657,2.3727028,3.415746,NISQAv2
fake_2457.wav,2.0210962,1.9526727,3.1703146,2.224269,2.9981306,NISQAv2
fake_761.wav,3.38233,3.934427,4.1238084,2.9242098,3.8122206,NISQAv2
real_813.wav,4.1147404,2.8149188,4.391317,4.1363864,4.281991,NISQAv2
real_1241.wav,3.8184927,2.8633015,4.313354,4.009368,4.115133,NISQAv2
real_807.wav,3.8391228,3.167368,4.2328596,3.8392684,4.243617,NISQAv2
fake_2443.wav,2.3461468,2.2196574,3.189431,2.333471,3.2983193,NISQAv2
fake_775.wav,3.231899,3.2463353,3.7001605,2.8946285,3.6225717,NISQAv2
real_1255.wav,3.785943,2.9250853,4.2223144,3.9087117,4.018968,NISQAv2
fake_2325.wav,2.970456,3.437062,3.760048,2.4181685,3.5849798,NISQAv2
real_1533.wav,4.376584,4.0020466,4.5591164,4.0111,4.4559164,NISQAv2
real_152.wav,4.365293,4.2701826,4.366007,4.025751,4.4725413,NISQAv2
fake_946.wav,3.250827,2.9775603,3.9802372,3.0058405,3.8842585,NISQAv2
real_634.wav,3.5206563,3.776343,3.6073806,3.5576794,4.046519,NISQAv2
real_11.wav,4.5274277,4.22689,4.5783587,4.16941,4.555056,NISQAv2
real_620.wav,4.284834,4.164042,4.4752793,4.2235284,4.343077,NISQAv2
fake_952.wav,3.175491,2.849703,4.0868554,2.7622888,3.8343105,NISQAv2
real_146.wav,4.031854,4.1551147,4.1918054,3.7205055,4.273694,NISQAv2
fake_1823.wav,3.2860887,2.1706023,4.307385,3.60779,3.9453561,NISQAv2
real_608.wav,4.7120943,4.478276,4.7484407,4.2590766,4.5961246,NISQAv2
fake_2494.wav,2.7524924,2.432822,3.6035845,2.646106,3.5001848,NISQAv2
real_1282.wav,2.8301723,3.6853065,3.176132,2.8774512,3.0920613,NISQAv2
fake_1189.wav,2.5087879,2.967209,3.039221,2.4872422,3.3570895,NISQAv2
fake_2480.wav,2.2256148,2.1836336,3.6917493,2.9060388,3.4223597,NISQAv2
real_1296.wav,2.9276774,3.3646302,3.7756941,3.1837823,3.692679,NISQAv2
real_39.wav,4.406848,3.590847,4.3742595,4.2756658,4.459517,NISQAv2
fake_1837.wav,2.5873399,2.2199562,4.048418,3.0642796,3.5065186,NISQAv2
real_2576.wav,4.4236917,4.0999513,4.6658373,4.1806984,4.4878974,NISQAv2
fake_1360.wav,2.5498955,3.2250881,2.6864176,2.3148272,3.3034413,NISQAv2
fake_239.wav,2.4517808,3.3766997,3.482299,1.9878124,3.3913977,NISQAv2
real_1719.wav,3.104244,2.2851942,4.053678,3.550875,3.7332792,NISQAv2
real_393.wav,3.4762313,2.972369,3.9410808,3.5931642,3.9070811,NISQAv2
real_2210.wav,4.546282,4.0219893,4.5489693,4.223699,4.5107446,NISQAv2
fake_1406.wav,2.8635144,2.4732106,3.807459,2.9339826,3.606894,NISQAv2
real_2204.wav,4.711293,4.1827335,4.7189126,4.345084,4.6567855,NISQAv2
fake_1412.wav,2.2958984,2.0887372,3.1592922,2.2653468,3.3559177,NISQAv2
real_387.wav,3.9752057,2.596721,4.444121,3.9682631,4.387217,NISQAv2
real_2562.wav,3.9629896,4.2081313,4.107798,3.6227105,4.136689,NISQAv2
fake_1374.wav,3.7220294,3.7996206,3.9885545,3.2234628,3.8427703,NISQAv2
real_1043.wav,3.835727,3.4701746,4.4349985,3.79115,4.160268,NISQAv2
fake_563.wav,2.8976033,2.4312437,3.546395,2.761114,3.6699407,NISQAv2
real_1725.wav,4.2139535,3.4526274,4.4151964,4.0797467,4.4329906,NISQAv2
fake_205.wav,2.380953,2.0412445,3.5706563,2.7894626,3.230981,NISQAv2
fake_2133.wav,2.465376,3.3656723,3.250663,2.2314441,3.3514693,NISQAv2
real_1731.wav,4.2463713,3.3497717,4.510455,4.061142,4.419971,NISQAv2
fake_211.wav,2.0871656,1.8752728,3.2279942,2.351009,3.009672,NISQAv2
fake_2127.wav,2.6398966,3.1867938,3.5484216,2.486173,3.4742599,NISQAv2
real_2238.wav,4.477611,4.0816064,4.636218,4.317753,4.5274444,NISQAv2
fake_1348.wav,2.93978,3.4970338,3.5945876,2.9182718,3.7565334,NISQAv2
real_6.wav,4.5897713,4.318543,4.683016,4.306451,4.5921183,NISQAv2
real_1057.wav,3.5816164,2.627793,4.2107573,3.516306,4.0368533,NISQAv2
fake_577.wav,3.3189132,3.5548522,4.0456157,2.8381698,3.7266788,NISQAv2
real_436.wav,4.1224823,3.8553011,4.410992,4.0556254,4.3429494,NISQAv2
real_350.wav,3.7980964,2.654024,4.4798727,3.879048,4.1102643,NISQAv2
real_1902.wav,2.1404939,2.921986,1.8368549,2.1380053,3.1240888,NISQAv2
real_344.wav,4.0179715,3.5491383,4.2664275,4.13158,4.190018,NISQAv2
real_1916.wav,4.6652117,4.4173026,4.5843387,4.1798615,4.4967422,NISQAv2
fake_588.wav,3.0169718,3.3292353,3.936173,2.763622,3.6255832,NISQAv2
real_422.wav,4.087285,3.4766257,4.311863,3.9010623,4.3362107,NISQAv2
real_2589.wav,2.9584193,2.877667,3.1274946,2.7526042,3.6753561,NISQAv2
real_1080.wav,4.483924,4.08937,4.4856253,4.216162,4.47484,NISQAv2
real_378.wav,4.1138773,3.5784926,4.354688,3.9731653,4.398255,NISQAv2
real_1094.wav,4.206827,3.7725108,3.9878423,3.7069232,4.306968,NISQAv2
real_2402.wav,3.6892657,3.2450716,4.242337,3.8273199,4.1489997,NISQAv2
fake_1214.wav,3.303666,3.1600468,4.0100923,3.2560263,3.8688638,NISQAv2
real_581.wav,4.634383,4.2287326,4.6922398,4.221912,4.540401,NISQAv2
real_2364.wav,3.9939668,3.3206973,4.3626223,3.9813697,4.1527057,NISQAv2
fake_1572.wav,2.5017908,3.0507915,3.1202695,2.5031939,3.3422248,NISQAv2
real_2370.wav,3.8779886,3.2357085,4.2146306,3.8315485,4.2622657,NISQAv2
fake_1566.wav,3.600952,3.7964094,4.109911,3.494377,3.9540741,NISQAv2
fake_359.wav,2.2731936,2.9225895,3.111767,2.499317,3.2433274,NISQAv2
real_1679.wav,4.1661973,3.2310503,4.5548477,4.2911773,4.4132257,NISQAv2
real_595.wav,4.6326027,4.4456406,4.70026,4.2010984,4.552666,NISQAv2
real_2416.wav,3.7278137,3.2008877,4.3086653,3.8720157,4.196741,NISQAv2
fake_1200.wav,2.348298,2.901279,2.5767062,2.3125982,3.363761,NISQAv2
real_1137.wav,3.2524886,3.2672296,4.232193,3.00174,3.831941,NISQAv2
fake_417.wav,2.0231526,2.1817362,2.9136407,2.3053336,2.9196916,NISQAv2
fake_1228.wav,3.1844397,2.525099,3.9823627,3.2014248,3.749948,NISQAv2
real_2358.wav,3.5937235,3.1475174,3.9740171,3.3504372,3.9779575,NISQAv2
real_1889.wav,4.225671,4.022248,4.216612,3.7785327,4.2590027,NISQAv2
real_1651.wav,4.0125623,3.6588883,4.3254566,4.167394,4.2668796,NISQAv2
fake_371.wav,2.1644435,2.5551114,2.793435,2.4047513,3.1764753,NISQAv2
fake_2047.wav,2.8247254,3.3969705,3.6678534,2.3472714,3.6033494,NISQAv2
real_1645.wav,4.02896,3.738137,4.3894486,4.0644646,4.1946416,NISQAv2
fake_365.wav,1.8840352,2.5742369,2.2966743,2.0722744,2.948653,NISQAv2
fake_2053.wav,2.8524952,3.4557939,3.7080414,2.403426,3.5616586,NISQAv2
real_1123.wav,2.9613028,3.5349548,3.0300844,2.864124,3.7795558,NISQAv2
fake_403.wav,2.7994483,2.5413516,4.043235,3.0988696,3.6016967,NISQAv2
fake_1.wav,2.4719722,3.2981198,2.86146,2.4036458,3.406292,NISQAv2
real_542.wav,4.2859626,3.0364804,4.590317,4.2020087,4.3728023,NISQAv2
real_224.wav,4.5102143,4.239466,4.6103725,4.307963,4.2868714,NISQAv2
real_1876.wav,2.8141134,2.9791944,3.3011835,2.6008885,3.4261367,NISQAv2
real_230.wav,4.543645,4.4412484,4.6064463,4.1668715,4.509953,NISQAv2
real_1862.wav,4.5209503,4.3801312,4.4915304,3.8905847,4.447129,NISQAv2
real_556.wav,4.1401033,2.9186945,4.472975,4.1602845,4.305281,NISQAv2
real_1692.wav,4.2083545,3.132355,4.3913617,3.9474242,4.422443,NISQAv2
fake_2084.wav,2.612222,3.6449544,3.8509932,2.4224193,3.4227526,NISQAv2
real_218.wav,4.664714,4.5593925,4.746357,4.347581,4.596413,NISQAv2
fake_1599.wav,3.1614053,3.7230487,3.8456209,3.0210154,3.6938164,NISQAv2
real_1686.wav,4.0340858,3.0279667,4.3515587,3.9852464,4.3055067,NISQAv2
fake_2090.wav,2.31927,2.7799585,2.9512997,2.2090516,3.3374205,NISQAv2
fake_1770.wav,2.158878,2.310178,3.378852,2.2210116,3.1822286,NISQAv2
real_2166.wav,4.6533723,4.2287126,4.6636486,4.3082747,4.588644,NISQAv2
fake_2279.wav,3.4238017,3.4821439,3.9826126,3.0896392,3.9460309,NISQAv2
real_783.wav,4.354233,4.417279,4.493007,3.9704008,4.3866067,NISQAv2
real_1309.wav,3.3411875,3.509796,3.6873932,3.2688484,3.8693113,NISQAv2
fake_629.wav,2.4557292,2.9350266,2.620485,2.5187752,3.3401186,NISQAv2
fake_1016.wav,3.6666687,3.2798653,4.3021836,3.511618,4.085936,NISQAv2
real_2600.wav,4.155256,3.9037201,4.426634,3.8859541,4.2647004,NISQAv2
fake_1002.wav,3.5894518,2.1544764,4.11454,3.4142656,3.8806496,NISQAv2
real_2614.wav,3.6167526,3.092525,4.102528,3.569329,4.043062,NISQAv2
real_797.wav,4.452714,4.250899,4.576606,4.160606,4.296961,NISQAv2
fake_1764.wav,2.2813458,2.4061322,2.7110703,2.257929,3.2646716,NISQAv2
real_2172.wav,4.6941285,4.3775306,4.6902122,4.3693643,4.6383615,NISQAv2
fake_173.wav,2.3945513,1.9066473,3.3827827,2.4719033,3.1447897,NISQAv2
fake_2245.wav,3.422282,3.5483305,4.081561,3.1225457,3.876459,NISQAv2
real_1453.wav,4.315198,4.1452727,4.4333773,4.0495925,4.3670406,NISQAv2
fake_1994.wav,1.896356,2.3903458,2.292792,1.9905477,2.8409212,NISQAv2
real_967.wav,4.465658,4.2588015,4.533119,4.1291213,4.490351,NISQAv2
fake_2523.wav,2.8012533,3.1521256,3.031644,2.6174757,3.4527829,NISQAv2
fake_615.wav,2.94877,3.137974,3.5829823,2.8571737,3.541271,NISQAv2
real_1335.wav,4.121786,4.0766864,4.3736653,3.994186,4.203809,NISQAv2
fake_2537.wav,3.2283607,3.5422575,3.7797406,2.561989,3.7330163,NISQAv2
fake_601.wav,3.2980258,3.420028,3.9777625,2.9111748,3.7889926,NISQAv2
real_973.wav,4.8067293,4.347948,4.7465944,4.4274545,4.647245,NISQAv2
real_1321.wav,3.313384,3.785967,3.5815377,3.0792935,3.7254968,NISQAv2
fake_1980.wav,1.8320199,2.581404,2.446658,1.8003155,2.7125804,NISQAv2
fake_1758.wav,2.5377116,2.2123122,3.4517248,2.3778982,3.4913285,NISQAv2
fake_167.wav,2.1304572,2.8927114,3.2548497,2.0397618,2.9667015,NISQAv2
fake_2251.wav,2.7753127,3.2526562,3.3182204,2.2888916,3.469772,NISQAv2
real_1447.wav,4.5467005,4.1595287,4.6312456,4.335691,4.5554996,NISQAv2
real_998.wav,4.36813,3.36247,4.3966846,4.287913,4.478666,NISQAv2
real_740.wav,4.6308813,4.4965277,4.6505594,4.2308316,4.584953,NISQAv2
fake_832.wav,2.945211,2.5986607,4.2096953,3.3655252,3.7075741,NISQAv2
fake_826.wav,2.2750452,2.3130536,3.6490533,2.1545584,3.21398,NISQAv2
real_754.wav,4.517286,4.483563,4.655285,4.238152,4.5723634,NISQAv2
fake_198.wav,2.6491606,2.0237923,3.7337644,2.8894007,3.3951871,NISQAv2
real_2199.wav,4.611289,4.434889,4.6486454,4.298483,4.5446544,NISQAv2
fake_1957.wav,2.1091824,2.5120704,3.3699687,2.5598452,2.9023592,NISQAv2
fake_2286.wav,3.6796992,3.5685947,4.324774,3.4675133,3.9884036,NISQAv2
real_1490.wav,4.063492,3.7666423,3.7685242,3.068942,3.9876947,NISQAv2
real_768.wav,4.2263927,4.3441124,4.447519,3.859512,4.323889,NISQAv2
fake_2292.wav,3.337155,3.4450848,4.0306845,2.9616249,3.7627523,NISQAv2
real_1484.wav,4.3785706,3.529891,4.520729,4.1835523,4.394593,NISQAv2
fake_1943.wav,3.0650623,3.587546,3.9881604,2.928006,3.7637272,NISQAv2
real_769.wav,4.343216,4.3581033,4.56441,4.1304555,4.409534,NISQAv2
fake_1942.wav,2.9376886,3.27642,3.632472,2.810013,3.5753086,NISQAv2
real_1485.wav,4.0511036,2.9228687,3.9947727,3.3693736,3.8918564,NISQAv2
fake_2293.wav,3.4454415,3.5124204,4.1308694,3.1081326,3.860383,NISQAv2
real_1491.wav,4.55614,4.2783947,4.777773,4.406185,4.5739264,NISQAv2
fake_2287.wav,3.2212033,3.2468317,3.9818513,2.854552,3.741419,NISQAv2
fake_1956.wav,1.9300387,2.7903345,2.5499053,1.9567754,2.8090427,NISQAv2
real_2198.wav,4.74821,4.1353707,4.6613355,4.424928,4.6583176,NISQAv2
real_755.wav,4.583189,4.475766,4.633977,4.2315364,4.5304847,NISQAv2
fake_827.wav,2.4654481,2.5625703,3.588045,2.4709578,3.478131,NISQAv2
fake_199.wav,2.187591,1.9052324,3.0685265,2.3850172,3.0419595,NISQAv2
fake_833.wav,2.3917453,2.3355658,3.7566025,2.3221538,3.2590916,NISQAv2
real_741.wav,4.6249905,4.4966555,4.7180824,4.3366933,4.5864863,NISQAv2
real_999.wav,4.0382376,2.8295443,4.467702,4.1325507,4.119866,NISQAv2
real_1320.wav,3.994461,4.227513,4.3649554,3.6823845,4.1811194,NISQAv2
real_972.wav,4.53363,3.686732,4.600086,4.3716645,4.4638934,NISQAv2
fake_600.wav,3.2731707,3.57212,4.1068807,3.018603,3.7768605,NISQAv2
fake_2536.wav,3.6489255,3.8260179,4.3017106,3.0444744,4.023643,NISQAv2
real_1446.wav,4.643066,4.3905005,4.7004714,4.371033,4.5772834,NISQAv2
fake_2250.wav,3.4039965,3.6395004,4.06523,3.097474,3.9296653,NISQAv2
fake_166.wav,2.7784252,3.6661825,3.7365308,2.5608487,3.561641,NISQAv2
fake_1759.wav,2.6534731,2.4474247,3.6931984,2.8040378,3.540414,NISQAv2
fake_1981.wav,2.2263293,2.7842228,2.984443,2.2276046,2.927244,NISQAv2
fake_1995.wav,1.7583611,2.3706543,2.7544153,1.9295101,2.6860864,NISQAv2
real_1452.wav,4.394994,3.2573783,4.6474066,4.274376,4.4051056,NISQAv2
fake_2244.wav,3.5924082,3.8380244,4.1876316,3.2213278,3.939494,NISQAv2
fake_172.wav,2.5379615,2.0405107,3.648342,2.8684697,3.3217413,NISQAv2
real_1334.wav,4.632675,4.4070315,4.6069093,4.2134376,4.405412,NISQAv2
fake_614.wav,3.362604,3.3866684,3.8109136,3.1635945,3.8351762,NISQAv2
fake_2522.wav,3.030354,3.260853,3.4237106,2.5377717,3.6103876,NISQAv2
real_966.wav,4.6972733,4.441783,4.650814,4.2686872,4.6084867,NISQAv2
real_796.wav,3.430245,3.6710517,3.186432,3.0997503,3.672419,NISQAv2
real_2615.wav,4.1062555,3.8333237,4.3716626,3.9021103,4.2940574,NISQAv2
fake_1003.wav,3.3138099,2.2164571,4.1704674,3.4696343,3.890982,NISQAv2
real_2173.wav,4.7071843,4.4281917,4.7758293,4.4649186,4.6677094,NISQAv2
fake_1765.wav,2.4618108,2.3693988,2.712452,2.1358507,3.4057615,NISQAv2
fake_2278.wav,2.5405343,3.084932,3.03464,2.2828228,3.4415843,NISQAv2
real_2167.wav,4.5859947,4.4710965,4.736191,4.3632364,4.5566444,NISQAv2
fake_1771.wav,2.2605474,2.2490966,3.2783353,2.365102,3.4366698,NISQAv2
real_2601.wav,4.1395936,3.849501,4.419401,3.9442875,4.29691,NISQAv2
fake_1017.wav,3.7992253,3.6417024,4.263955,3.5275729,4.147001,NISQAv2
fake_628.wav,3.0337307,3.2663577,3.5253494,2.9188359,3.6902874,NISQAv2
real_1308.wav,3.8900754,4.0224266,3.9536254,3.559167,3.9474843,NISQAv2
real_782.wav,4.2985005,4.233629,4.5060062,3.9511242,4.3985915,NISQAv2
fake_2091.wav,2.518863,2.8674436,3.5379477,2.4955351,3.46123,NISQAv2
real_1687.wav,4.068056,3.2474556,4.400036,3.9431307,4.3200593,NISQAv2
fake_1598.wav,3.3424218,3.9995434,3.9623923,3.0568688,3.839225,NISQAv2
real_219.wav,4.7755775,4.488587,4.733782,4.322436,4.638391,NISQAv2
fake_2085.wav,2.491783,3.4770026,3.2771094,2.1709228,3.4335935,NISQAv2
real_1693.wav,3.6167893,3.871206,4.1420403,3.654915,3.9611144,NISQAv2
real_1863.wav,4.7186937,4.521092,4.6444173,4.31013,4.5867515,NISQAv2
real_231.wav,4.483966,4.2862773,4.585791,4.2011833,4.4728484,NISQAv2
real_557.wav,3.9591029,2.8723614,4.2995763,4.207447,3.8114834,NISQAv2
real_543.wav,4.154476,3.0467103,4.5084095,4.2076335,4.4100485,NISQAv2
real_1877.wav,3.9723175,3.3362703,4.19928,3.8931127,4.2834444,NISQAv2
real_225.wav,3.9892209,4.171636,4.144972,3.5879154,3.6367693,NISQAv2
fake_2052.wav,2.7134438,3.216798,3.7108305,2.5185647,3.6431868,NISQAv2
fake_364.wav,1.8471056,2.2050724,2.8265264,2.230846,2.8958633,NISQAv2
real_1644.wav,3.9796882,3.6404128,4.473533,4.059461,4.281794,NISQAv2
fake_0.wav,3.345352,3.7517166,3.609856,3.0695148,3.9423704,NISQAv2
fake_402.wav,2.6719823,2.740519,3.4584436,2.867469,3.52484,NISQAv2
real_1122.wav,3.2948806,3.3904948,3.9245446,3.015817,3.8096764,NISQAv2
fake_1229.wav,3.49204,2.2931988,4.293032,3.7570622,4.0068192,NISQAv2
fake_416.wav,3.1601963,2.6507304,4.285221,3.5478647,3.7833364,NISQAv2
real_1136.wav,2.8946517,2.2306058,2.888584,2.6212323,3.4360344,NISQAv2
fake_2046.wav,2.96589,3.5790498,3.8122282,2.294884,3.6569026,NISQAv2
fake_370.wav,1.8306557,2.0346432,2.7568786,2.3416111,2.7284172,NISQAv2
real_1650.wav,3.774248,3.8606143,4.1096277,3.8739073,4.0863514,NISQAv2
real_1888.wav,4.3370733,3.9890792,4.5729294,4.301268,4.502932,NISQAv2
real_2359.wav,3.8315122,3.0692847,4.2218785,3.7712862,4.186896,NISQAv2
real_1678.wav,4.2598233,3.9978087,4.53948,4.248684,4.3407655,NISQAv2
fake_358.wav,2.4944437,2.431275,3.6444902,2.4155877,3.3537223,NISQAv2
fake_1567.wav,3.0450406,3.7086446,3.662038,2.8039377,3.6250796,NISQAv2
real_2371.wav,3.960426,3.4910092,4.323888,3.9587457,4.2127595,NISQAv2
fake_1201.wav,3.082904,3.48819,3.9796607,2.748978,3.6929903,NISQAv2
real_2417.wav,4.052288,3.5235915,4.438677,3.9745057,4.345832,NISQAv2
real_594.wav,4.590991,4.3735595,4.6560984,4.1469903,4.5079536,NISQAv2
real_580.wav,4.4883447,4.2030025,4.602999,4.063784,4.4758644,NISQAv2
fake_1215.wav,2.8004634,3.4884813,2.909914,2.6301014,3.6771796,NISQAv2
real_2403.wav,3.7593753,2.9299471,4.245327,3.9093,4.082957,NISQAv2
fake_1573.wav,2.5851524,3.4041746,3.1334388,2.4917557,3.4019983,NISQAv2
real_2365.wav,3.8482406,3.2022803,4.2129946,3.8785973,4.1043553,NISQAv2
real_379.wav,4.070414,3.7262712,4.391286,3.9083698,4.3008933,NISQAv2
real_1095.wav,4.157154,3.9772694,4.225476,3.867692,4.283327,NISQAv2
real_1081.wav,4.3170147,3.677997,4.393914,4.0782213,4.3862567,NISQAv2
real_2588.wav,3.9872873,3.3575742,4.4550953,3.977609,4.2393365,NISQAv2
real_1917.wav,4.513137,4.2306523,4.5459633,4.0994644,4.2961693,NISQAv2
real_345.wav,3.8556788,3.3594518,4.2286444,3.8424556,4.119575,NISQAv2
real_423.wav,4.02503,3.5512764,4.489737,3.7926702,4.258538,NISQAv2
fake_589.wav,3.151862,3.587125,3.9777746,2.86409,3.6554058,NISQAv2
real_437.wav,4.080722,3.5176213,4.5354104,4.0291715,4.3845506,NISQAv2
real_1903.wav,3.0759284,3.351888,3.5714219,2.9224284,3.693272,NISQAv2
real_351.wav,4.175084,3.2171185,4.6382,4.157759,4.390346,NISQAv2
real_2239.wav,4.6190815,4.2876635,4.746545,4.3884,4.5842276,NISQAv2
fake_2126.wav,2.5078108,3.3772593,3.3978279,2.2664704,3.424393,NISQAv2
fake_210.wav,2.4273689,2.0304623,3.6290042,2.7097754,3.2836156,NISQAv2
real_1730.wav,4.231055,3.4984396,4.501333,4.0719175,4.4297953,NISQAv2
fake_576.wav,3.0465276,3.652201,3.7824612,2.4823472,3.6166313,NISQAv2
real_1056.wav,3.6855402,3.0255349,4.144045,3.9539201,4.0259366,NISQAv2
real_7.wav,4.5156565,4.108233,4.5663896,4.186402,4.511684,NISQAv2
fake_1349.wav,2.6321461,3.1657922,3.2970293,2.2900374,3.34379,NISQAv2
fake_562.wav,2.9104667,2.2306976,4.076702,3.0544815,3.6687434,NISQAv2
real_1042.wav,3.2653086,2.7707784,4.216732,3.428209,3.6813931,NISQAv2
fake_2132.wav,2.3801208,3.2331018,3.4442995,2.2465932,3.1774728,NISQAv2
fake_204.wav,2.2995493,1.9427526,3.4981189,2.69683,3.2196784,NISQAv2
real_1724.wav,4.08763,3.4934676,4.435316,4.0680995,4.3013954,NISQAv2
real_386.wav,3.8811877,3.479073,4.3590107,4.0407634,4.2608776,NISQAv2
fake_1413.wav,2.492531,2.489706,3.3695693,2.398403,3.4295983,NISQAv2
real_2205.wav,4.565914,3.9732842,4.6478596,4.309361,4.5370574,NISQAv2
fake_1375.wav,3.2423222,3.6445563,3.900505,2.9843168,3.7212389,NISQAv2
real_2563.wav,3.9730294,3.3862703,4.258544,3.829299,4.219705,NISQAv2
fake_1361.wav,2.8224266,3.5466416,3.421967,2.2870064,3.462052,NISQAv2
real_2577.wav,4.124194,4.0498633,4.24724,3.9678981,4.3010325,NISQAv2
fake_1407.wav,2.6091073,2.3855274,3.404216,2.5644643,3.4893312,NISQAv2
real_2211.wav,4.600109,4.0782967,4.6435547,4.2962503,4.547664,NISQAv2
real_392.wav,3.7374394,3.5076144,4.0434527,3.6885707,4.0116377,NISQAv2
real_1718.wav,3.1130288,2.5690591,3.395005,3.0831616,3.811526,NISQAv2
fake_238.wav,2.852288,3.0626366,3.8507857,2.7922802,3.5683215,NISQAv2
real_38.wav,4.614426,3.8300989,4.668645,4.2900124,4.425801,NISQAv2
real_1297.wav,2.9719565,4.0057564,3.8594856,2.8114963,3.6978219,NISQAv2
fake_2481.wav,2.029488,2.1340811,2.2056766,2.0591476,2.8671577,NISQAv2
fake_1188.wav,2.5160625,2.8741248,2.9327412,2.3251462,3.316448,NISQAv2
fake_1836.wav,3.2030683,2.4832306,4.2962894,3.410861,3.777754,NISQAv2
fake_1822.wav,2.3333967,2.4614275,3.2795527,2.63744,2.7957835,NISQAv2
real_1283.wav,2.3552938,3.2987573,2.4912264,2.291828,3.263065,NISQAv2
fake_2495.wav,2.9125025,2.5865004,3.928481,2.7069564,3.6369193,NISQAv2
real_609.wav,4.586634,4.4244785,4.607726,4.101588,4.449315,NISQAv2
fake_953.wav,3.070467,2.9550834,4.0729966,2.798535,3.6937892,NISQAv2
real_621.wav,4.0337315,4.0278993,3.963681,3.8694484,4.2176557,NISQAv2
real_147.wav,4.061909,4.238087,4.261092,3.6389542,4.240339,NISQAv2
real_153.wav,4.630045,4.540363,4.5410147,4.1186814,4.581043,NISQAv2
real_10.wav,4.841318,4.376988,4.829223,4.425657,4.644361,NISQAv2
real_635.wav,3.378783,3.7390869,2.974741,3.3591583,3.9131205,NISQAv2
fake_947.wav,3.1128042,3.038446,4.085689,2.8207498,3.747874,NISQAv2
real_1254.wav,3.7569132,2.8424025,4.3601904,3.9888844,4.219111,NISQAv2
fake_774.wav,3.3748884,3.6581466,3.9111068,3.0524595,3.8398082,NISQAv2
fake_2442.wav,2.766855,2.2338352,3.849101,3.0145757,3.5550268,NISQAv2
real_806.wav,3.246178,2.9204032,3.7382724,3.2716067,3.9435072,NISQAv2
real_1532.wav,4.0272474,3.2613719,4.2077556,3.7808068,4.1997533,NISQAv2
fake_2324.wav,3.4728777,3.7398217,4.013559,3.1817198,3.9327793,NISQAv2
fake_1639.wav,3.7582567,3.5870872,4.2463217,3.6212678,4.035631,NISQAv2
real_1526.wav,4.395073,3.6437447,4.6518335,4.1196017,4.41781,NISQAv2
fake_2330.wav,3.0317347,3.597237,3.8764472,2.688608,3.6525629,NISQAv2
real_1240.wav,3.819175,2.9628866,4.310603,3.839516,4.0458913,NISQAv2
real_812.wav,3.9977233,3.109064,4.3865447,3.8326004,4.2945123,NISQAv2
fake_760.wav,2.883093,3.5778341,3.4713228,2.5131395,3.585189,NISQAv2
fake_2456.wav,1.6451453,2.1442597,2.543089,1.9215451,2.6816995,NISQAv2
fake_17.wav,2.8418837,3.4222803,3.449279,2.4729655,3.627073,NISQAv2
fake_990.wav,3.6106303,3.3239524,4.3574805,3.4055758,4.063382,NISQAv2
fake_748.wav,3.1441174,3.777506,4.0090218,2.919493,3.8436563,NISQAv2
real_1268.wav,3.7197726,2.6758738,4.1573133,3.8386781,3.857818,NISQAv2
fake_1177.wav,2.6290562,3.1808994,3.005229,2.5431263,3.5225236,NISQAv2
real_2007.wav,3.0382583,2.301263,4.0795255,3.5533235,3.5417943,NISQAv2
fake_1611.wav,3.5965497,3.8289056,4.2356234,3.4718714,4.039392,NISQAv2
fake_2318.wav,3.4441063,3.7833977,4.1273766,3.0116284,3.9540992,NISQAv2
real_184.wav,3.4948173,2.248541,4.1540213,3.9959419,4.0845914,NISQAv2
real_190.wav,3.788519,2.6266768,4.2633734,3.9801233,4.1990623,NISQAv2
real_2013.wav,3.456588,2.4901755,4.1898904,3.7110546,3.9181364,NISQAv2
fake_1605.wav,2.9327428,3.6571567,3.6308935,2.738733,3.5310416,NISQAv2
fake_1163.wav,1.7451822,2.6768975,2.0480778,2.2906766,3.0095682,NISQAv2
fake_984.wav,3.2598004,3.1238735,4.0873632,3.1690838,3.865536,NISQAv2
fake_13.wav,3.5144598,3.7769778,4.1589622,3.4062977,4.02035,NISQAv2
fake_2452.wav,2.4804082,2.2456698,3.8444967,2.7613637,3.4391606,NISQAv2
fake_764.wav,3.846461,3.6483285,4.0095377,3.3890433,4.1471944,NISQAv2
real_816.wav,3.9848855,3.0977871,4.324637,3.8508043,4.2455306,NISQAv2
real_1244.wav,3.8001626,2.82525,4.2404065,4.00837,3.9042788,NISQAv2
fake_2334.wav,2.769666,3.276588,3.3563886,2.286186,3.537889,NISQAv2
real_1522.wav,4.004166,4.0690947,4.2201242,3.3539274,4.0059433,NISQAv2
fake_1629.wav,3.5662878,3.1551197,3.9219508,3.531197,3.9734385,NISQAv2
fake_2320.wav,2.5723374,3.3549182,3.2611392,2.0067456,3.3998787,NISQAv2
real_1536.wav,4.102312,3.5410516,4.3056026,3.81678,4.3031363,NISQAv2
real_802.wav,3.9970758,3.742666,4.4229293,3.883033,4.19159,NISQAv2
fake_2446.wav,3.1150472,2.7037742,3.9087398,3.2477515,3.8038368,NISQAv2
fake_770.wav,2.8911288,2.7335339,3.8732452,2.8617394,3.757681,NISQAv2
real_1250.wav,3.9863799,2.9840071,4.316003,3.9999883,4.234619,NISQAv2
real_1278.wav,3.296403,2.700391,4.253318,3.597371,3.6483274,NISQAv2
fake_758.wav,2.8869073,3.3722823,4.0112367,2.8821843,3.7408097,NISQAv2
fake_980.wav,3.55083,3.5424297,4.2092266,3.2512422,4.0074277,NISQAv2
fake_1167.wav,2.344802,3.068825,2.6791768,2.3750675,3.4340184,NISQAv2
fake_1601.wav,3.0947614,3.6533191,3.8081117,2.8832653,3.6257505,NISQAv2
real_2017.wav,2.5157845,2.3708942,3.5460055,2.836118,3.072426,NISQAv2
real_194.wav,3.5277123,2.4774787,4.1830387,3.8601954,4.022683,NISQAv2
fake_2308.wav,3.2892325,3.5714405,3.9390683,3.0146523,3.7533011,NISQAv2
real_180.wav,3.3637936,2.4115493,4.006526,3.7562625,3.878186,NISQAv2
fake_1615.wav,3.5370905,3.7046676,4.084019,3.3826416,3.939986,NISQAv2
real_2003.wav,2.9226077,2.6527877,3.8689072,3.442119,3.5689676,NISQAv2
fake_1173.wav,1.9516033,2.8134122,2.3452277,2.0068047,3.0563352,NISQAv2
fake_994.wav,3.4664838,2.939754,4.234,3.2928784,3.9499059,NISQAv2
real_28.wav,4.7977266,4.4276958,4.75588,4.3900676,4.6388535,NISQAv2
fake_2491.wav,2.065676,2.1430538,3.2360075,2.2201345,3.021336,NISQAv2
real_1287.wav,2.5450852,3.5872962,2.7308044,2.5519955,3.3398907,NISQAv2
fake_1198.wav,2.6381636,3.1103137,3.0960684,2.4753945,3.5740516,NISQAv2
fake_1826.wav,3.0793822,2.1089184,4.0535035,3.2884543,3.555546,NISQAv2
fake_1832.wav,1.8270746,2.0898626,2.7432907,1.8955886,2.915613,NISQAv2
real_619.wav,4.432972,4.0827007,4.5428934,4.209766,4.4516873,NISQAv2
fake_2485.wav,2.5497131,2.5087302,3.7093475,2.872548,3.525381,NISQAv2
real_1293.wav,2.512722,3.6928003,3.409695,2.5963886,3.450424,NISQAv2
fake_943.wav,3.60765,3.2687728,4.150408,3.4335353,4.031843,NISQAv2
real_631.wav,4.0281763,3.700947,3.930722,3.774506,4.2577024,NISQAv2
real_14.wav,4.4346247,3.8397796,4.601287,4.0600934,4.3874087,NISQAv2
real_157.wav,4.0180473,4.23392,4.148889,3.5930347,4.209713,NISQAv2
real_143.wav,4.308854,4.3774085,4.320428,3.899195,4.3350883,NISQAv2
real_625.wav,4.5409727,4.0668836,4.622054,4.2869864,4.53684,NISQAv2
fake_957.wav,2.935948,3.1738763,3.7320924,2.4281008,3.5873933,NISQAv2
real_2229.wav,4.7149277,4.4422083,4.661811,4.3411236,4.5985494,NISQAv2
real_1720.wav,4.0809236,3.0445516,4.3117065,4.111483,4.259998,NISQAv2
fake_200.wav,2.473662,1.9384587,3.4783797,2.8235097,3.3055043,NISQAv2
fake_2136.wav,1.8663005,2.952031,2.7848287,2.1692915,2.9956176,NISQAv2
real_1046.wav,3.9594252,3.3133223,4.5310774,3.9994953,4.252227,NISQAv2
fake_566.wav,2.7364109,2.5469918,3.8343284,2.5709677,3.49285,NISQAv2
fake_1359.wav,2.893235,3.4617481,3.6840162,2.920883,3.5685189,NISQAv2
real_1052.wav,3.6704319,3.231122,4.450101,3.4260025,4.155845,NISQAv2
fake_572.wav,3.4261203,4.058874,4.33029,2.829058,3.8207586,NISQAv2
real_3.wav,4.7064815,4.3644004,4.7326527,4.270374,4.493342,NISQAv2
real_1734.wav,3.71634,3.0416925,4.2032013,3.6522632,4.0917444,NISQAv2
fake_214.wav,2.9724514,3.5423033,3.8579283,2.9446476,3.7156534,NISQAv2
fake_2122.wav,2.0360582,2.9654078,2.9991615,2.3548722,3.2634957,NISQAv2
real_396.wav,3.961229,3.6830628,4.48934,3.9236844,4.2524877,NISQAv2
real_2215.wav,3.7859788,3.5755732,3.1573079,3.810692,4.1728144,NISQAv2
fake_1403.wav,3.869388,3.7734854,4.336296,3.3200138,3.9924357,NISQAv2
real_2573.wav,4.054138,3.3008282,4.525999,4.008794,4.269336,NISQAv2
fake_1365.wav,3.7859159,3.7490804,4.2672825,3.3733976,3.9125712,NISQAv2
real_2567.wav,3.8173833,3.4009466,4.1494064,3.700166,4.15068,NISQAv2
fake_1371.wav,3.3421633,3.5472958,3.7051759,3.046345,3.7441902,NISQAv2
real_2201.wav,4.6805058,4.4026203,4.7251387,4.3329525,4.625455,NISQAv2
fake_1417.wav,3.2960906,2.1040914,4.072643,3.305365,3.9058585,NISQAv2
fake_228.wav,2.4247959,3.1584399,3.5479567,2.4234867,3.275825,NISQAv2
real_1708.wav,3.7688186,2.8573554,4.1886015,3.7067273,4.1753144,NISQAv2
real_382.wav,3.8911934,2.946209,4.323717,4.022648,4.4021277,NISQAv2
real_369.wav,3.6873922,2.5847235,4.3891773,3.9261334,4.022127,NISQAv2
real_1085.wav,4.3876505,4.0621524,4.469982,4.1186786,4.4136844,NISQAv2
real_1091.wav,4.6403995,4.044189,4.468573,4.3124433,4.5254073,NISQAv2
real_2598.wav,4.293911,3.9509048,4.5890927,4.039986,4.419266,NISQAv2
real_355.wav,4.0333138,3.6212995,4.616596,3.8689413,4.3960295,NISQAv2
real_1907.wav,3.2097905,3.555886,3.3587477,2.935871,3.6553445,NISQAv2
fake_599.wav,3.382951,3.5647871,4.051455,3.0089529,3.8489683,NISQAv2
real_433.wav,4.5080466,3.9369206,4.6527753,4.3764963,4.5171475,NISQAv2
real_427.wav,3.9770834,3.477905,4.421886,3.8216221,4.2829547,NISQAv2
real_341.wav,3.7238963,2.898183,4.2113338,3.9706368,4.045854,NISQAv2
real_1913.wav,2.8537104,3.367922,2.4943585,2.8872592,3.7092712,NISQAv2
real_1654.wav,2.9254713,3.3163545,3.5690916,3.2536604,3.6897166,NISQAv2
fake_374.wav,1.8110236,2.2467756,2.902219,2.025452,2.8761442,NISQAv2
fake_2042.wav,2.5444992,3.4234579,3.7952833,2.4200442,3.8011277,NISQAv2
real_1132.wav,2.6213632,3.1699991,2.5348048,2.5133634,3.6224263,NISQAv2
fake_412.wav,1.9935578,2.5299826,2.7914784,2.3038619,3.1118064,NISQAv2
fake_1239.wav,3.3174264,2.636893,4.224922,3.1838243,3.812473,NISQAv2
real_1126.wav,2.8543055,3.1813781,2.835376,2.6654055,3.7205217,NISQAv2
fake_406.wav,2.531804,2.233524,3.6534512,2.8097436,3.4737718,NISQAv2
fake_4.wav,3.3890288,3.4538834,4.007172,2.997964,3.8953578,NISQAv2
real_1898.wav,3.3381102,2.7453468,4.002212,3.1651714,3.8009174,NISQAv2
real_1640.wav,3.837513,3.7008471,4.3235946,3.9098816,4.138517,NISQAv2
fake_360.wav,2.3450449,2.7474852,3.3339703,2.4487207,3.2247732,NISQAv2
fake_2056.wav,2.791713,3.6247563,3.853226,2.150669,3.5053048,NISQAv2
real_2349.wav,4.6317887,4.3785634,4.6325107,4.300346,4.563734,NISQAv2
fake_348.wav,3.038991,2.6147995,3.8186576,3.066384,3.7069762,NISQAv2
real_1668.wav,3.854285,3.6776314,4.1649837,3.8350909,4.1897054,NISQAv2
real_2361.wav,4.428521,3.6318552,4.655486,4.299704,4.4926577,NISQAv2
fake_1577.wav,3.0605242,3.783465,3.6666873,2.7198987,3.6074967,NISQAv2
real_2407.wav,4.0133076,3.2609544,4.5319333,4.167871,4.355154,NISQAv2
fake_1211.wav,2.70108,2.5219026,3.7081645,2.5877335,3.6609364,NISQAv2
real_584.wav,4.46427,4.2611747,4.578407,4.148278,4.503539,NISQAv2
real_590.wav,4.4930367,4.22279,4.622369,4.205233,4.5089345,NISQAv2
real_2413.wav,3.9389613,3.3276644,4.3384056,3.7837524,4.2485337,NISQAv2
fake_1205.wav,2.2453735,2.9681962,2.094781,2.1892269,3.2421756,NISQAv2
real_2375.wav,3.9639642,3.4639156,4.3673635,3.841004,4.2673297,NISQAv2
fake_1563.wav,3.2417212,3.480952,3.8129508,3.0939019,3.7774477,NISQAv2
real_1697.wav,3.4791324,3.1668494,4.0763974,3.36084,3.8207715,NISQAv2
fake_2081.wav,3.1042225,3.6535575,3.8324468,2.719672,3.7373197,NISQAv2
fake_1588.wav,3.4418504,3.8152485,4.099684,3.386607,3.9502242,NISQAv2
real_1683.wav,4.000753,3.5574915,4.2625766,3.8949423,4.220032,NISQAv2
fake_2095.wav,2.5201528,2.9348958,3.6976235,2.6068957,3.511603,NISQAv2
real_209.wav,3.6591766,2.6532485,4.120199,3.8758228,4.104934,NISQAv2
real_221.wav,4.630709,4.4337597,4.690725,4.266406,4.5844464,NISQAv2
real_1873.wav,4.3825426,3.7982972,4.460969,3.9459977,4.3679795,NISQAv2
real_547.wav,4.2450547,3.0279818,4.464881,4.2005167,4.3991284,NISQAv2
real_553.wav,3.925245,2.7878315,4.371797,3.9164624,4.2600107,NISQAv2
real_235.wav,4.292287,4.2688937,4.543494,4.1142154,4.09342,NISQAv2
real_1867.wav,4.024883,4.0738945,4.222851,3.5978467,4.216618,NISQAv2
real_962.wav,4.598545,4.338475,4.574163,4.2239366,4.54221,NISQAv2
fake_2526.wav,2.9847806,3.1480544,3.6392412,2.5851,3.6885936,NISQAv2
fake_610.wav,3.280967,3.7621596,3.894132,2.536031,3.7599058,NISQAv2
real_1330.wav,3.929474,4.257221,4.2731886,3.7627842,3.0673125,NISQAv2
fake_176.wav,2.324221,1.9308009,3.534799,2.7554083,3.2311254,NISQAv2
fake_2240.wav,3.3989482,3.6612275,4.1228185,3.143801,3.8031356,NISQAv2
real_1456.wav,4.5870843,3.7727652,4.708969,4.315296,4.4369636,NISQAv2
fake_1991.wav,1.6052419,2.180091,2.3322077,1.9522663,2.6049798,NISQAv2
fake_1749.wav,3.3902037,2.6841195,3.931557,3.4683163,3.811205,NISQAv2
fake_1985.wav,1.9142884,2.847311,2.4927115,1.963208,2.8280473,NISQAv2
fake_162.wav,2.8880475,3.5905092,3.8800066,2.9244378,3.834405,NISQAv2
fake_2254.wav,3.5469239,3.6643686,4.095481,3.171808,3.9161627,NISQAv2
real_1442.wav,4.5367594,4.2946134,4.67607,4.3130207,4.5167046,NISQAv2
fake_2532.wav,3.4006593,3.7703989,4.0285516,2.9128766,3.7844203,NISQAv2
fake_604.wav,3.1665642,3.665549,3.9543312,2.8784459,3.7791812,NISQAv2
real_976.wav,4.654607,4.4109535,4.7037888,4.459044,4.5844903,NISQAv2
real_1324.wav,4.571473,4.4617105,4.5610948,4.1627116,4.100678,NISQAv2
real_786.wav,2.993707,3.4256094,2.8223627,2.865188,3.8418674,NISQAv2
fake_1013.wav,3.5267239,3.3234813,4.240259,3.560268,4.018277,NISQAv2
real_2605.wav,3.4070294,2.898234,4.2507153,3.7008135,3.9350967,NISQAv2
fake_1775.wav,2.66963,2.4790251,3.8650968,2.841644,3.7205968,NISQAv2
real_2163.wav,4.65513,4.408342,4.7205696,4.3794093,4.6091523,NISQAv2
fake_2268.wav,3.0558357,3.07951,3.9010434,2.9650738,3.7392426,NISQAv2
fake_1761.wav,2.8812978,2.289282,3.8492725,3.1271622,3.6276221,NISQAv2
real_2177.wav,4.4998827,4.3428855,4.582123,4.236989,4.505976,NISQAv2
fake_1007.wav,3.6381428,2.453404,4.333016,3.6180694,4.054338,NISQAv2
real_2611.wav,4.165238,3.8719037,4.450735,3.9972289,4.3459086,NISQAv2
real_792.wav,4.169358,3.6655724,4.318638,3.751133,4.267973,NISQAv2
real_1318.wav,4.2652416,4.187062,4.1752844,3.6477227,4.3611903,NISQAv2
fake_638.wav,3.4671504,3.678468,3.9707375,3.2860396,3.8835895,NISQAv2
real_779.wav,4.311942,4.3710823,4.463808,4.116264,4.3589396,NISQAv2
fake_1952.wav,1.9070685,2.6282566,2.842449,2.110095,2.8315518,NISQAv2
fake_2283.wav,3.264587,3.499735,3.8937597,2.9629817,3.7633235,NISQAv2
real_1495.wav,4.240365,3.401896,4.196928,3.5141642,4.2050085,NISQAv2
fake_2297.wav,3.4731023,3.6043599,4.0322247,3.104721,3.879128,NISQAv2
real_1481.wav,4.2223253,3.8669066,4.4632072,3.7244925,4.257274,NISQAv2
real_2188.wav,4.3955727,3.7458446,4.5250254,4.1213307,4.4457116,NISQAv2
fake_1946.wav,3.944946,4.0379057,4.2974176,3.4616103,4.1184855,NISQAv2
real_745.wav,4.5604744,4.5067177,4.6692057,4.212545,4.552291,NISQAv2
fake_837.wav,2.9241357,2.195642,3.8003452,2.7684243,3.6220267,NISQAv2
fake_189.wav,2.6674192,2.0524442,3.9070926,2.993745,3.4268441,NISQAv2
real_989.wav,4.359954,3.7623706,4.3694115,4.268087,4.3865743,NISQAv2
fake_823.wav,2.9581923,2.5415545,3.9996078,3.1967576,3.7074428,NISQAv2
real_751.wav,4.4430213,4.3105407,4.630585,4.1829143,4.4629765,NISQAv2
real_750.wav,4.67973,4.4947906,4.694008,4.2770677,4.5954943,NISQAv2
fake_822.wav,2.3997009,2.1952498,3.7098882,2.5563328,3.3347998,NISQAv2
real_988.wav,3.4394002,2.2703497,4.10771,4.017052,4.0576377,NISQAv2
fake_836.wav,2.8235943,2.452882,3.8473175,2.918092,3.6704688,NISQAv2
real_744.wav,4.6067734,4.501816,4.7228236,4.3071604,4.6040955,NISQAv2
fake_188.wav,2.2331038,1.9145359,3.2990825,2.5822496,3.164862,NISQAv2
fake_1947.wav,3.7228403,3.84885,4.1572857,3.217453,3.9474523,NISQAv2
real_2189.wav,4.4641485,3.9840415,4.5423274,4.132001,4.506344,NISQAv2
real_1480.wav,4.156477,3.8387434,4.468626,3.7096379,4.2110443,NISQAv2
fake_2296.wav,3.5161574,3.590035,4.1644125,3.1937516,3.89045,NISQAv2
real_778.wav,3.7702534,3.9986153,4.17692,3.4368963,4.117066,NISQAv2
real_1494.wav,4.255115,4.0178337,4.421895,3.793235,4.2633386,NISQAv2
fake_2282.wav,3.3451807,3.5267289,4.062911,3.066897,3.8024967,NISQAv2
fake_1953.wav,2.0633218,2.5588536,2.9167929,2.2695286,2.9858627,NISQAv2
real_2176.wav,4.8608217,4.444018,4.810428,4.470505,4.7343946,NISQAv2
fake_1760.wav,2.461489,2.5367353,3.7406964,2.3540757,3.2462375,NISQAv2
fake_2269.wav,3.2000148,3.2537735,3.8150036,2.686468,3.7425952,NISQAv2
fake_639.wav,2.7983015,3.2002747,3.256659,2.5991507,3.5130653,NISQAv2
real_1319.wav,3.826165,4.0603156,4.1816816,3.6407044,3.9240944,NISQAv2
real_793.wav,4.119125,3.620389,4.2931814,3.8440003,4.2331204,NISQAv2
real_2610.wav,4.4112616,3.960173,4.5709124,4.302174,4.455662,NISQAv2
fake_1006.wav,3.481737,2.7441707,4.285014,3.2857566,3.9278054,NISQAv2
real_2604.wav,3.5090234,2.9996223,4.007179,3.57896,3.9461668,NISQAv2
fake_1012.wav,3.4653502,2.670316,4.2014837,3.3239124,3.9565105,NISQAv2
real_787.wav,4.2282925,3.5819294,4.3532305,3.7462528,4.333148,NISQAv2
real_2162.wav,4.3601685,4.1550994,4.5180902,4.1471987,4.4434905,NISQAv2
fake_1774.wav,2.0327861,2.3662813,2.016179,2.1661866,3.147034,NISQAv2
real_1443.wav,4.405512,4.2471437,4.6535997,4.128864,4.4374557,NISQAv2
fake_2255.wav,3.6442602,3.5425718,4.127781,3.1612875,3.9976037,NISQAv2
fake_163.wav,2.872188,3.7874827,3.9189074,2.8740876,3.80691,NISQAv2
fake_1984.wav,1.9318303,2.3845131,3.107939,2.0922046,2.7460234,NISQAv2
real_1325.wav,3.4033248,3.8844085,3.8899338,3.322925,3.9473236,NISQAv2
real_977.wav,4.621683,4.0112457,4.550992,4.461343,4.5591335,NISQAv2
fake_605.wav,3.2217062,3.5111916,3.9071562,2.7359302,3.7017393,NISQAv2
fake_2533.wav,3.7965117,3.8544884,4.120462,3.3810587,4.133484,NISQAv2
real_1331.wav,3.6642249,3.7845118,3.987179,3.4784143,3.3802526,NISQAv2
fake_611.wav,2.6465964,2.96958,3.6260626,2.2722998,3.414759,NISQAv2
fake_2527.wav,3.107821,3.1779642,3.8348792,3.0483716,3.7864194,NISQAv2
real_963.wav,4.462524,4.079528,4.4992194,4.2880445,4.449719,NISQAv2
fake_1748.wav,2.705561,2.7143319,3.7543354,2.773321,3.54073,NISQAv2
fake_1990.wav,1.632681,2.8701303,2.2275703,1.7276621,2.6253467,NISQAv2
real_1457.wav,4.437642,4.2204285,4.5844917,4.196195,4.450447,NISQAv2
fake_2241.wav,3.1098893,3.373603,3.806266,2.6699255,3.7073123,NISQAv2
fake_177.wav,2.6666443,1.9932936,3.775007,3.0848432,3.408992,NISQAv2
real_552.wav,3.710828,2.8230124,4.0530596,3.868761,4.0717626,NISQAv2
real_1866.wav,4.05401,3.881048,4.049652,3.5819876,4.1580005,NISQAv2
real_234.wav,4.4629445,4.392181,4.6004305,4.3251376,4.4205036,NISQAv2
real_1872.wav,4.157721,3.8571417,4.40275,3.7984247,4.1410933,NISQAv2
real_220.wav,4.626409,4.424293,4.6989985,4.3353133,4.6039653,NISQAv2
real_546.wav,3.9776828,2.939872,3.9632175,3.8530176,4.181601,NISQAv2
real_208.wav,3.6427395,2.718783,4.116255,3.9059072,4.12779,NISQAv2
fake_2094.wav,2.525982,3.0420582,3.4601877,2.4662678,3.3577082,NISQAv2
real_1682.wav,4.125554,3.254713,4.270903,3.906936,4.3505187,NISQAv2
fake_1589.wav,3.2681305,3.8786957,3.8464146,2.9455044,3.725559,NISQAv2
fake_2080.wav,2.5848396,3.521551,3.0186367,2.2907443,3.4238737,NISQAv2
real_1696.wav,3.6661148,3.3286967,3.815265,3.7873862,4.0550704,NISQAv2
fake_1204.wav,2.4347622,2.839485,3.167589,2.4662542,3.3810847,NISQAv2
real_2412.wav,3.88256,3.0651133,4.308666,3.9553444,4.2654114,NISQAv2
real_591.wav,4.5975876,4.3588104,4.687517,4.238668,4.5540366,NISQAv2
fake_1562.wav,3.0161407,3.4693487,3.6298647,2.7135046,3.508212,NISQAv2
real_2374.wav,4.209635,3.125227,4.4845295,4.035688,4.2890778,NISQAv2
fake_1576.wav,3.747811,4.1049786,4.2343884,3.707536,4.1419544,NISQAv2
real_2360.wav,4.2524424,3.4226654,4.491024,4.189528,4.3461375,NISQAv2
real_1669.wav,4.530141,4.319473,4.6925397,4.4047084,4.502409,NISQAv2
fake_349.wav,3.0528452,2.3955727,3.9309635,3.164508,3.799379,NISQAv2
real_585.wav,4.622179,4.450573,4.6493716,4.1675057,4.516912,NISQAv2
fake_1210.wav,2.6150968,3.027665,3.3106675,2.2158787,3.4681752,NISQAv2
real_2406.wav,4.231477,3.521901,4.659094,4.1910796,4.424059,NISQAv2
fake_5.wav,3.6003351,3.5400488,4.154754,3.4976459,4.003258,NISQAv2
fake_407.wav,3.044768,2.825512,4.070128,3.349171,3.7082205,NISQAv2
real_1127.wav,2.9351783,3.143813,3.4852247,2.590284,3.5939803,NISQAv2
fake_1238.wav,3.6329672,2.688608,4.303554,3.3658264,3.9477246,NISQAv2
real_2348.wav,4.7065973,4.430937,4.6829453,4.3689656,4.604366,NISQAv2
fake_2057.wav,2.9358466,3.6523595,3.9715428,2.3266222,3.6999342,NISQAv2
fake_361.wav,2.4508188,2.597695,3.7686722,2.4622183,3.3632224,NISQAv2
real_1641.wav,4.314483,3.9806027,4.5854177,3.9394875,4.334061,NISQAv2
real_1899.wav,3.2588136,2.630475,4.1052756,3.2720172,3.8376358,NISQAv2
fake_2043.wav,3.5460851,3.4728448,4.0280175,3.3025029,4.0028124,NISQAv2
fake_375.wav,2.2070935,2.067947,2.5927885,2.1155853,3.18839,NISQAv2
real_1655.wav,4.238942,4.093354,4.5228524,4.341101,4.3848567,NISQAv2
fake_413.wav,2.087394,2.5383942,3.783571,2.6768994,3.1381361,NISQAv2
real_1133.wav,2.4882429,3.1948655,2.2351065,2.4286091,3.499602,NISQAv2
real_426.wav,4.058784,3.9076254,4.3809843,3.7133257,4.234405,NISQAv2
real_1912.wav,3.2982411,3.6497161,3.3242235,2.9171312,3.7700963,NISQAv2
real_340.wav,3.933211,3.4779654,4.300118,4.0572724,4.224942,NISQAv2
real_1906.wav,3.142022,3.1453686,3.8934,2.6708755,3.435033,NISQAv2
real_354.wav,3.8688838,3.3683293,4.565899,3.842327,4.247371,NISQAv2
real_432.wav,3.9904246,3.0032895,4.2927613,4.0110426,4.343452,NISQAv2
fake_598.wav,3.5636892,3.6170785,4.1902204,3.2279873,3.9309404,NISQAv2
real_2599.wav,3.7443562,3.5617673,3.9391248,3.4747708,4.1396604,NISQAv2
real_1090.wav,3.9811795,3.6280496,3.920694,3.59362,4.0901895,NISQAv2
real_368.wav,3.883396,3.6339397,4.315034,3.8270495,4.1710696,NISQAv2
real_1084.wav,4.135767,3.6518118,4.3536363,3.9311364,4.2881136,NISQAv2
fake_1370.wav,3.454901,3.5520573,3.9322088,3.3308864,3.9303288,NISQAv2
real_2566.wav,4.1671352,3.3225815,4.5137205,4.0352144,4.279528,NISQAv2
real_383.wav,3.996496,3.044782,4.4394264,3.994244,4.3821073,NISQAv2
real_1709.wav,4.1154766,3.7747748,4.380001,3.9925656,4.271957,NISQAv2
fake_229.wav,3.2205925,3.4829047,3.9867167,3.0046012,3.8182502,NISQAv2
fake_1416.wav,2.9948955,2.985727,4.015089,2.986624,3.7159815,NISQAv2
real_2200.wav,4.635413,3.921234,4.6616554,4.2820106,4.590012,NISQAv2
fake_1402.wav,3.9953089,3.951691,4.3868904,3.5513642,4.0852933,NISQAv2
real_2214.wav,4.6642456,3.6341383,4.6663456,4.2877536,4.5990376,NISQAv2
real_397.wav,3.7468123,3.7047021,4.2422953,3.4797888,3.9799156,NISQAv2
fake_1364.wav,3.098933,3.5215633,3.6257753,2.6173613,3.6492045,NISQAv2
real_2572.wav,3.938418,3.2843363,4.469757,3.9553711,4.2337584,NISQAv2
real_2.wav,4.3341627,4.0463085,4.2313952,3.9548957,4.32616,NISQAv2
fake_573.wav,2.8847368,3.564022,3.8400052,2.4270704,3.5871208,NISQAv2
real_1053.wav,3.603368,3.1101186,4.117725,3.5564973,3.9102986,NISQAv2
fake_2123.wav,2.7877333,3.8624227,4.0324764,2.5628633,3.7328217,NISQAv2
fake_215.wav,2.6892722,2.9174423,3.6959393,2.6182168,3.404423,NISQAv2
real_1735.wav,3.6996841,3.1361501,3.89311,3.3421628,4.0998273,NISQAv2
fake_2137.wav,2.7351825,3.1602433,3.7758634,2.568508,3.46219,NISQAv2
fake_201.wav,2.1619985,1.9533572,3.5650969,2.624566,3.1243486,NISQAv2
real_1721.wav,3.9419627,3.1353276,4.2697296,3.514417,4.2194695,NISQAv2
real_2228.wav,4.5163407,4.0163164,4.5547447,4.1922507,4.534092,NISQAv2
fake_1358.wav,3.2832065,3.7441294,3.8014076,2.9742236,3.8619843,NISQAv2
fake_567.wav,3.39251,2.5777705,4.3366265,3.3801177,3.964442,NISQAv2
real_1047.wav,3.7479582,3.541826,4.256302,3.7270722,4.147516,NISQAv2
real_142.wav,3.0364065,3.5717504,3.3188875,2.993532,3.7099974,NISQAv2
fake_956.wav,2.9845448,3.062791,3.7926457,2.5870721,3.722814,NISQAv2
real_624.wav,4.047527,3.9439127,4.2571354,4.00386,4.172745,NISQAv2
real_15.wav,4.22726,3.9211366,4.303781,3.952405,4.3310437,NISQAv2
real_630.wav,4.4694295,3.9824085,4.5110755,4.2346964,4.415223,NISQAv2
fake_942.wav,3.7910545,3.8112733,4.252045,3.614979,4.156839,NISQAv2
real_156.wav,3.9636736,4.2401195,4.0778565,3.6644368,4.2318177,NISQAv2
fake_1833.wav,2.8562646,2.1794534,4.0981207,3.2613184,3.622024,NISQAv2
real_1292.wav,2.310217,3.5722187,3.1887639,2.6673934,3.3789995,NISQAv2
fake_2484.wav,3.074931,3.1623683,3.756025,3.1434624,3.8123977,NISQAv2
real_618.wav,4.264427,3.9345531,4.3002405,4.027632,4.2569227,NISQAv2
fake_1199.wav,2.4675255,2.6763947,3.1222687,2.5425541,3.3424542,NISQAv2
real_1286.wav,2.5370364,3.49395,2.350578,2.5981615,3.4336588,NISQAv2
fake_2490.wav,2.0484345,2.1445453,2.9674573,2.177233,3.1282704,NISQAv2
real_29.wav,4.5242786,4.133469,4.468349,4.1333447,4.488327,NISQAv2
fake_1827.wav,3.1867554,1.9799539,4.1974106,3.4228613,3.6684456,NISQAv2
real_2002.wav,2.9785323,2.66316,3.9057858,3.4138296,3.5550334,NISQAv2
fake_1614.wav,3.9348614,3.8268216,4.2781296,3.8578575,4.078634,NISQAv2
real_181.wav,3.5706232,2.4150586,4.156312,3.8309467,3.9190433,NISQAv2
fake_995.wav,3.5932176,2.6165006,4.259553,3.513538,4.067077,NISQAv2
fake_1172.wav,1.871224,2.6328247,2.5456626,1.9730668,3.0745444,NISQAv2
fake_1166.wav,1.9312598,3.1223547,1.960218,2.1991384,3.1683633,NISQAv2
fake_981.wav,3.6322787,3.874272,4.2680454,3.331669,3.8951824,NISQAv2
fake_759.wav,3.3625696,3.8104217,4.0263276,3.0016468,3.8633385,NISQAv2
real_1279.wav,3.8255355,2.8940458,4.3137236,3.9609385,4.011066,NISQAv2
fake_2309.wav,3.582888,3.7684333,4.2346153,3.3803146,3.89798,NISQAv2
real_195.wav,3.6969981,2.422647,4.2278,3.7987635,4.145307,NISQAv2
real_2016.wav,3.205239,3.080859,3.9760244,3.6518292,3.6819015,NISQAv2
fake_1600.wav,3.3184474,3.6684282,4.043714,3.271618,3.9040234,NISQAv2
real_1537.wav,4.1826034,3.8641355,4.258451,3.7620454,4.2268863,NISQAv2
fake_2321.wav,2.9296565,3.3552096,3.6977017,2.4174242,3.5589924,NISQAv2
fake_1628.wav,3.1442714,3.3519337,3.8397105,3.135462,3.7572782,NISQAv2
real_1251.wav,3.6583989,2.9311445,4.0667806,3.6379945,3.9737349,NISQAv2
fake_771.wav,2.6686623,2.5415041,3.9293299,3.0643134,3.7664878,NISQAv2
fake_2447.wav,2.0565948,2.5796444,3.2629902,2.2686117,3.057902,NISQAv2
real_803.wav,4.4676056,4.0043216,4.5444226,4.178653,4.4844365,NISQAv2
real_1245.wav,4.128849,2.9524798,4.4381638,4.100866,4.3271985,NISQAv2
real_817.wav,3.970967,3.08414,4.3849654,3.8810132,4.229112,NISQAv2
fake_765.wav,3.1010387,3.609244,3.6872182,2.6734388,3.734354,NISQAv2
fake_2453.wav,2.2097454,2.1256425,3.489031,2.4349651,3.095763,NISQAv2
fake_12.wav,3.1287606,3.3640265,3.8689277,2.9930263,3.7885315,NISQAv2
real_1523.wav,4.488676,4.240699,4.6991725,4.2635045,4.5295467,NISQAv2
fake_2335.wav,3.1309245,3.541207,3.9586847,2.5573893,3.6554193,NISQAv2
real_1253.wav,3.7924314,3.1245341,4.208994,3.8419642,4.059738,NISQAv2
real_801.wav,3.7725754,3.5113065,4.24872,3.4412954,4.014044,NISQAv2
fake_773.wav,2.9648714,3.2907636,3.670574,2.525163,3.5205882,NISQAv2
fake_2445.wav,2.4310515,2.3759418,3.1279929,2.2283587,3.2801487,NISQAv2
real_1535.wav,3.6705196,3.837517,3.9796274,3.3013804,3.916363,NISQAv2
fake_2323.wav,2.9613535,3.4936688,3.7610607,2.6122944,3.5467262,NISQAv2
real_1521.wav,4.138732,3.9391747,4.3499765,3.6195362,4.2067842,NISQAv2
fake_2337.wav,3.217812,3.6079514,3.9849613,2.8481371,3.7411804,NISQAv2
real_2028.wav,3.0155287,2.89392,3.892722,3.2748113,3.5091224,NISQAv2
fake_10.wav,3.9883518,3.970269,4.435967,3.613201,4.220364,NISQAv2
fake_1158.wav,2.4207942,3.1422772,3.3657675,2.5154645,3.2702296,NISQAv2
real_1247.wav,3.7723498,2.9408917,4.25951,3.8782618,4.0464997,NISQAv2
fake_767.wav,3.4808238,3.8850584,3.9698195,3.0885339,3.8840213,NISQAv2
fake_2451.wav,2.3966398,2.309559,3.1483095,2.4562685,3.325229,NISQAv2
real_815.wav,4.166196,3.171256,4.3937254,4.1459527,4.361366,NISQAv2
fake_38.wav,3.0392485,2.9887137,4.0007544,2.8807318,3.4255092,NISQAv2
fake_1170.wav,2.5481486,2.9846904,3.3118672,2.4247348,3.3970797,NISQAv2
fake_2479.wav,2.2048612,2.7292933,2.801225,2.1551707,3.1931539,NISQAv2
fake_997.wav,3.2988954,2.6343057,4.064209,3.2123427,3.8046508,NISQAv2
real_183.wav,3.4939504,2.4648042,4.2084594,3.8479607,4.0104795,NISQAv2
real_1509.wav,4.027076,3.0483544,4.078899,3.2568374,4.142578,NISQAv2
real_2000.wav,3.0410373,3.3017104,3.851944,2.8926332,3.6165836,NISQAv2
fake_1616.wav,3.567651,3.818518,4.1619616,3.4330013,3.9454365,NISQAv2
real_2014.wav,3.1312542,2.8311636,4.0475435,3.5974557,3.5955713,NISQAv2
fake_1602.wav,3.3634658,3.864896,4.044647,3.2901957,3.843101,NISQAv2
real_197.wav,3.882025,2.7001417,4.294886,4.0915494,4.202437,NISQAv2
real_829.wav,3.2614467,2.930659,3.670962,3.3402646,3.679631,NISQAv2
fake_983.wav,3.3977516,3.4025671,4.231517,3.3265052,3.931118,NISQAv2
fake_1164.wav,2.8099325,3.3317144,3.6847112,2.801687,3.548426,NISQAv2
fake_968.wav,3.6004462,3.5011213,4.1635075,3.1783202,3.9966366,NISQAv2
real_1290.wav,2.270899,3.3040857,2.913178,2.5959156,3.4308903,NISQAv2
fake_2486.wav,2.54335,2.841143,3.4920332,2.5711222,3.394322,NISQAv2
fake_1831.wav,3.038872,2.3042047,4.25065,3.5181518,3.8264294,NISQAv2
fake_1825.wav,3.1341813,2.1315968,4.22409,3.453195,3.753953,NISQAv2
real_168.wav,4.3135505,4.4662533,4.4480867,4.2147765,4.5591855,NISQAv2
real_1284.wav,2.21089,3.3832748,2.3697877,2.3849614,3.3358045,NISQAv2
fake_2492.wav,2.5226793,2.5949378,3.5674233,2.6863806,3.4526737,NISQAv2
real_626.wav,3.9993901,3.867807,4.197683,4.04235,4.2513437,NISQAv2
fake_954.wav,2.7711034,2.732963,3.7315292,2.3952951,3.7134755,NISQAv2
real_140.wav,3.8931677,4.1317496,4.031684,3.417293,4.1302047,NISQAv2
real_154.wav,4.122213,4.16083,4.216921,3.7666993,4.318076,NISQAv2
fake_1819.wav,3.2926366,2.1471622,4.227909,3.5507543,3.8343499,NISQAv2
fake_940.wav,3.331902,3.8179905,4.0410733,2.8745754,3.8783276,NISQAv2
real_632.wav,4.4963727,4.0956864,4.5768824,4.4060144,4.526402,NISQAv2
real_17.wav,4.6483574,4.3824115,4.7084646,4.3664804,4.611336,NISQAv2
fake_798.wav,2.500093,3.0910528,3.469568,2.0649836,2.9837186,NISQAv2
fake_2121.wav,2.4207168,3.2759483,3.226579,2.2174425,3.3757105,NISQAv2
fake_217.wav,2.8599396,3.2856445,3.9938092,3.1776412,3.744065,NISQAv2
real_1737.wav,4.3189063,3.782986,4.5144873,4.178289,4.465756,NISQAv2
fake_1428.wav,3.0171192,2.2609193,4.0441613,3.2767193,3.881797,NISQAv2
real_2558.wav,4.422544,4.3686633,4.6296415,4.2279067,4.283702,NISQAv2
fake_571.wav,3.3390694,2.4610965,4.1806855,3.078448,3.9738605,NISQAv2
real_1051.wav,3.7875867,3.3182986,4.273525,4.0283594,4.189199,NISQAv2
real_0.wav,4.510674,4.345995,4.5275974,4.229394,4.5271683,NISQAv2
fake_565.wav,2.9447513,2.2849739,4.1285377,3.2402277,3.7584422,NISQAv2
real_1045.wav,4.1411424,3.5991852,4.498889,4.255691,4.383168,NISQAv2
fake_2135.wav,2.6707122,3.6444786,3.8284101,2.5617778,3.438629,NISQAv2
fake_203.wav,2.459711,2.0767338,3.456204,2.660283,3.2640893,NISQAv2
real_1723.wav,3.4982975,2.8324182,3.9479048,3.4453564,4.0638647,NISQAv2
fake_1414.wav,2.702116,2.771862,3.615823,2.5100648,3.5673826,NISQAv2
real_2202.wav,4.4704437,4.0794983,4.5124683,4.1691003,4.5183215,NISQAv2
real_381.wav,3.3495657,2.8925726,3.406368,3.3501394,3.8560545,NISQAv2
fake_1372.wav,3.5477197,3.9357517,4.0830436,2.9723098,3.7021472,NISQAv2
real_2564.wav,4.006878,3.4751387,4.5485783,4.2473764,4.2563477,NISQAv2
fake_1366.wav,3.714174,3.836549,4.2643433,3.4823647,3.8701417,NISQAv2
real_2570.wav,3.965297,3.5822527,4.2676077,3.8123727,4.195342,NISQAv2
real_1079.wav,4.3237333,3.8970115,4.422014,4.0911703,4.3882966,NISQAv2
fake_559.wav,3.2195432,2.4867861,4.0503907,3.2880604,3.8522823,NISQAv2
fake_2109.wav,2.1099591,2.8206577,3.0952883,2.2486532,3.1310737,NISQAv2
real_395.wav,4.497904,3.9718578,4.649495,4.3213115,4.528174,NISQAv2
fake_1400.wav,4.0180182,3.9115384,4.3597965,3.5930529,4.084927,NISQAv2
real_2216.wav,4.5534835,3.9364192,4.6029606,4.1819444,4.5185957,NISQAv2
real_1092.wav,4.0736804,3.84648,4.3008738,3.901052,4.1812778,NISQAv2
real_418.wav,3.1118257,3.3492079,3.6816366,2.9201157,3.718672,NISQAv2
fake_1399.wav,3.6791892,3.696056,4.1844535,3.2704287,3.8302116,NISQAv2
real_1086.wav,4.2598286,3.9620113,4.348261,4.0050983,4.3313823,NISQAv2
real_1938.wav,4.3177795,4.116841,4.450101,3.9160388,4.32023,NISQAv2
real_1910.wav,3.54936,3.3209245,4.279438,3.6288211,3.884701,NISQAv2
real_342.wav,3.7299407,2.5447135,4.374118,4.2243056,4.315924,NISQAv2
real_424.wav,3.9695296,4.0795403,4.309481,3.7860556,4.162809,NISQAv2
real_430.wav,4.028973,3.7224429,4.407523,3.7619255,4.3531623,NISQAv2
real_1904.wav,3.7173526,3.6342654,4.3982115,3.8423712,3.8136778,NISQAv2
real_356.wav,3.8168814,2.949963,4.1528883,3.9322824,4.076075,NISQAv2
fake_2055.wav,2.6357703,3.2991147,3.6483598,2.317286,3.6752613,NISQAv2
fake_363.wav,2.3236177,2.4868565,3.215841,2.5200071,3.0998394,NISQAv2
real_1643.wav,4.0596547,4.0256457,4.398939,4.096205,4.2493296,NISQAv2
fake_405.wav,2.5582297,2.2238672,3.1935184,2.5451777,3.5292323,NISQAv2
real_1125.wav,3.6796713,3.5705776,4.167793,3.4271462,4.090797,NISQAv2
fake_7.wav,3.4120696,3.5481212,4.056225,3.206245,3.8780062,NISQAv2
fake_411.wav,2.0995743,2.1068347,3.1979475,2.6479867,3.187872,NISQAv2
real_1131.wav,3.2010834,3.0461738,3.9767787,2.8606484,3.7936232,NISQAv2
real_2438.wav,4.101386,4.1225905,4.4448943,3.8443496,4.2738194,NISQAv2
fake_1548.wav,3.1318016,3.6106503,3.7450764,2.8978016,3.6984863,NISQAv2
fake_2041.wav,3.1012485,3.6662853,3.4732149,2.49493,3.6859965,NISQAv2
fake_377.wav,1.6894902,2.0428581,2.8849611,1.921139,2.9486463,NISQAv2
real_1657.wav,4.3018184,4.1816993,4.572786,4.4329324,4.4265857,NISQAv2
fake_1560.wav,2.9200354,2.9623759,3.7055557,2.803844,3.7109885,NISQAv2
real_2376.wav,3.618227,2.9392402,4.271786,3.9010365,4.1256003,NISQAv2
fake_2069.wav,2.4629762,3.29446,3.3608456,2.0206296,3.2824934,NISQAv2
real_1119.wav,3.26658,3.2088997,4.1232505,3.0297174,3.7983823,NISQAv2
fake_439.wav,2.8462975,2.982673,4.00224,2.4685886,3.5890546,NISQAv2
real_593.wav,4.6300535,4.5034823,4.716671,4.3118043,4.5739493,NISQAv2
fake_1206.wav,3.5255551,3.6003506,3.9931304,3.181469,4.0300584,NISQAv2
real_2410.wav,3.5144963,2.9127235,4.3142095,3.7050216,4.08719,NISQAv2
fake_1212.wav,2.966297,3.554591,3.358286,2.592658,3.4633472,NISQAv2
real_2404.wav,3.8453326,3.074143,4.3324566,3.804944,4.209335,NISQAv2
real_587.wav,4.3990436,4.3105226,4.5872564,4.117334,4.4454494,NISQAv2
fake_1574.wav,3.4393063,3.711456,4.007927,3.3765535,4.0276437,NISQAv2
real_2362.wav,4.137358,3.479239,4.324485,4.1320233,4.303512,NISQAv2
real_2389.wav,4.064757,3.6712859,3.9296815,3.6924703,4.230541,NISQAv2
fake_2096.wav,2.326152,2.874181,3.3509452,2.3084092,3.2353065,NISQAv2
real_1680.wav,3.837498,3.4429467,4.22436,3.929664,4.063996,NISQAv2
real_1858.wav,3.8893259,2.6855495,4.30852,4.0764804,4.1200905,NISQAv2
real_578.wav,4.3334303,4.0532675,4.590336,4.1653943,4.398689,NISQAv2
fake_2082.wav,2.6527045,3.5816371,3.5017068,2.0796824,3.3880126,NISQAv2
real_1694.wav,4.413024,3.6718595,4.5331907,4.1498146,4.510683,NISQAv2
real_1864.wav,4.555237,4.096484,4.3900476,4.0986013,4.4986496,NISQAv2
real_236.wav,4.779192,4.423158,4.645961,4.2528515,4.529369,NISQAv2
real_550.wav,4.0991488,3.3414507,4.289506,3.8869286,4.092773,NISQAv2
real_544.wav,3.69494,2.9169524,4.32438,3.9707866,3.7783177,NISQAv2
fake_388.wav,2.5181346,2.3505151,3.56449,2.8917503,3.2475414,NISQAv2
real_1870.wav,3.5129292,3.5668375,4.089168,3.1026912,3.1278756,NISQAv2
real_222.wav,4.6517057,4.372684,4.6390266,4.2558417,4.536198,NISQAv2
real_1327.wav,4.4841332,4.312094,4.497854,4.26679,4.4113812,NISQAv2
fake_607.wav,3.09476,3.5377443,3.8429282,2.6369221,3.665715,NISQAv2
fake_2531.wav,2.9772866,3.1780689,3.8022864,2.8237352,3.524272,NISQAv2
real_975.wav,4.5511,4.235337,4.63547,4.427731,4.5567346,NISQAv2
fake_1038.wav,2.645579,2.5454876,3.8820822,3.0159957,3.366369,NISQAv2
fake_1986.wav,1.8596628,2.6859734,3.0991664,2.0248413,2.974241,NISQAv2
real_2148.wav,4.1443815,4.362,4.446498,3.4447372,4.225268,NISQAv2
real_1441.wav,3.9272084,2.919379,4.4119515,4.1000686,4.283734,NISQAv2
fake_2257.wav,3.3574104,3.578155,4.0358415,3.0664742,3.8873403,NISQAv2
fake_161.wav,2.5384903,3.661073,3.5718236,2.384079,3.5360587,NISQAv2
real_1455.wav,4.353781,3.841046,4.5970736,4.19321,4.376297,NISQAv2
fake_2243.wav,3.2835124,3.6519437,3.9214249,2.7332342,3.7585108,NISQAv2
fake_175.wav,2.4324176,2.019801,3.2304218,2.4043162,3.1873214,NISQAv2
fake_1992.wav,2.0125108,2.572035,2.888103,1.9868466,2.8663585,NISQAv2
real_1333.wav,3.069669,3.8478181,3.6829047,3.199497,3.8097045,NISQAv2
real_961.wav,4.6006665,4.2939024,4.5770187,4.2995563,4.558562,NISQAv2
fake_613.wav,2.9324863,3.7265759,3.7068346,2.4524117,3.5854013,NISQAv2
fake_2525.wav,3.5271614,3.6233203,3.9057205,3.4885807,3.810021,NISQAv2
real_2612.wav,2.6016142,3.1539311,2.558211,2.602519,3.4769077,NISQAv2
fake_1004.wav,2.8664875,2.3731904,3.7927277,2.5482657,3.2799053,NISQAv2
real_791.wav,3.741172,3.4829757,4.0646405,3.4172938,4.0496283,NISQAv2
real_949.wav,4.4166603,3.9565232,4.528487,4.1647506,4.467832,NISQAv2
real_2174.wav,4.6875734,4.462131,4.725274,4.4678726,4.648811,NISQAv2
fake_1762.wav,2.6723788,2.4537635,3.6363533,2.804637,3.4666224,NISQAv2
real_2160.wav,4.550107,4.2454743,4.623402,4.319426,4.535687,NISQAv2
fake_1776.wav,2.528123,2.5629766,3.757754,2.4644387,3.510002,NISQAv2
fake_149.wav,2.356768,3.59242,3.2661157,2.3618686,3.460286,NISQAv2
real_1469.wav,4.0178056,4.15043,4.2661037,3.6960394,4.15632,NISQAv2
real_785.wav,3.3847833,3.443268,3.0922525,3.2605515,3.9137747,NISQAv2
fake_2519.wav,3.102678,3.331906,3.5718322,2.6408074,3.596988,NISQAv2
real_2606.wav,4.1882,3.687062,4.563965,4.2138176,4.3605723,NISQAv2
fake_1010.wav,3.6453032,3.051853,4.3034973,3.2886422,4.023938,NISQAv2
real_1482.wav,3.866614,4.0105357,4.3667974,3.2618449,3.8350914,NISQAv2
fake_2294.wav,3.4923878,3.6177416,4.162744,3.1484916,3.9048579,NISQAv2
fake_1945.wav,2.5954816,3.0222151,3.7855284,2.238012,3.5495522,NISQAv2
fake_1789.wav,2.9871287,2.1908963,4.091107,3.2420676,3.7501862,NISQAv2
fake_1951.wav,2.3646228,3.140294,3.21406,2.4455922,3.1383083,NISQAv2
real_1496.wav,4.0447006,3.3178108,4.25426,3.5783517,3.9998662,NISQAv2
fake_2280.wav,3.6047423,3.675888,4.072609,3.0912938,3.8964348,NISQAv2
fake_808.wav,2.7771142,2.560822,3.4560354,2.3108993,3.5555048,NISQAv2
fake_820.wav,2.4045002,2.4643023,2.9928157,2.090198,3.190225,NISQAv2
real_752.wav,4.635616,4.517642,4.6734943,4.2567515,4.543556,NISQAv2
fake_1979.wav,2.1791098,2.87444,3.426205,2.2582748,2.900071,NISQAv2
real_746.wav,2.7110093,3.7366183,2.5084627,2.8631434,3.5955245,NISQAv2
fake_834.wav,2.1223907,2.209564,3.4500086,2.2127433,3.1669056,NISQAv2
fake_835.wav,2.6238463,2.4822276,3.862801,2.730053,3.2819777,NISQAv2
real_747.wav,4.4414363,4.4368567,4.6137714,4.286574,4.521788,NISQAv2
real_753.wav,4.591359,4.5410104,4.7072124,4.3487887,4.567449,NISQAv2
fake_821.wav,2.018132,2.4373806,3.5612385,2.0584667,3.2262485,NISQAv2
fake_1978.wav,2.1021855,3.1639435,2.2629738,1.9697456,2.9843128,NISQAv2
fake_2281.wav,3.48214,3.6098123,4.208594,3.188259,3.8339455,NISQAv2
real_1497.wav,4.2349257,3.4517956,4.5057473,3.8314793,4.291196,NISQAv2
fake_1950.wav,2.931599,3.4396424,3.014737,2.378328,3.448798,NISQAv2
fake_1788.wav,2.9447405,1.9762727,4.0086646,3.11664,3.6465144,NISQAv2
fake_809.wav,3.0339174,2.6486943,4.020764,2.8567307,3.8013167,NISQAv2
fake_1944.wav,3.29546,3.5768743,3.972582,2.7712493,3.7514386,NISQAv2
fake_2295.wav,3.5158064,3.4083452,4.258644,3.3927507,3.9230464,NISQAv2
real_1483.wav,4.351101,3.9529316,4.2834826,3.8804355,4.2972665,NISQAv2
real_1468.wav,4.394972,3.6286132,4.614889,4.0738525,4.4024463,NISQAv2
fake_148.wav,2.0996816,3.0604517,3.2197857,2.2907493,3.2610838,NISQAv2
fake_1777.wav,2.717278,2.6749675,3.6934638,2.8573349,3.6082072,NISQAv2
real_2161.wav,4.5939264,4.303921,4.652952,4.268598,4.5744634,NISQAv2
fake_1011.wav,3.4719832,2.6445386,4.323562,3.2477338,3.8677971,NISQAv2
real_2607.wav,4.200594,3.8247986,4.4925222,4.011676,4.3231797,NISQAv2
fake_2518.wav,3.2489588,3.3709471,3.8665354,3.2765937,3.8216465,NISQAv2
real_784.wav,4.3703966,3.6353586,4.5134716,3.9282386,4.416177,NISQAv2
real_948.wav,4.477149,4.068386,4.52569,4.1853414,4.4315,NISQAv2
real_790.wav,3.953512,3.2649276,4.42193,3.8083096,4.294917,NISQAv2
fake_1005.wav,3.7024105,2.5381825,4.310527,3.741821,3.9624283,NISQAv2
real_2613.wav,4.2544684,4.086723,4.55889,4.046615,4.384752,NISQAv2
fake_1763.wav,2.2244477,2.0132246,3.2837145,2.3538907,3.0915926,NISQAv2
real_2175.wav,4.107622,3.951434,4.2970085,4.0191994,4.352799,NISQAv2
fake_1993.wav,1.9751717,2.5962594,2.640684,1.9749742,2.7870321,NISQAv2
fake_174.wav,2.3016787,1.9694444,3.4154441,2.5741394,3.1942377,NISQAv2
fake_2242.wav,3.091235,3.5235045,3.890464,2.7024858,3.6763327,NISQAv2
real_1454.wav,4.3465724,3.8743722,4.622812,4.1016088,4.317143,NISQAv2
fake_2524.wav,3.4902856,3.652305,3.9430838,3.1754868,3.9240031,NISQAv2
fake_612.wav,3.0444338,3.314559,3.8181238,2.6098788,3.5811083,NISQAv2
real_960.wav,4.5405016,4.3658295,4.560931,4.2669044,4.5362797,NISQAv2
real_1332.wav,3.4486418,3.8703728,3.6306891,3.1855893,3.6872838,NISQAv2
fake_1039.wav,2.914993,2.5663056,3.7057154,2.933747,3.693014,NISQAv2
real_974.wav,4.6091647,4.1575527,4.6147466,4.4472136,4.5316772,NISQAv2
fake_2530.wav,3.3601186,3.3983462,4.0485086,2.9953244,3.8424633,NISQAv2
fake_606.wav,3.1630862,3.790424,3.9126308,2.5528493,3.6885655,NISQAv2
real_1326.wav,3.6806364,3.9231317,3.544244,3.3573012,3.8016865,NISQAv2
fake_160.wav,3.2021692,3.903601,4.017431,2.938268,3.9574378,NISQAv2
fake_2256.wav,3.1903903,3.3803918,3.8490608,2.7418044,3.737446,NISQAv2
real_1440.wav,4.0754538,3.408818,4.4201517,4.0664535,4.280854,NISQAv2
real_2149.wav,4.2560844,4.1602592,4.4986973,3.7748482,4.284022,NISQAv2
fake_1987.wav,2.0079584,2.7433872,3.070449,1.9438916,2.8286288,NISQAv2
real_545.wav,4.1111164,3.2771246,4.476842,4.1335435,4.2264094,NISQAv2
real_223.wav,4.5946007,4.1402698,4.6854568,4.3659234,3.8320563,NISQAv2
real_1871.wav,4.378862,3.8180683,4.3612757,4.0291834,4.353878,NISQAv2
fake_389.wav,2.3647735,2.7111475,3.3207629,2.3670604,3.1529422,NISQAv2
real_237.wav,4.5175157,4.3442717,4.6656656,4.3597965,4.487839,NISQAv2
real_1865.wav,2.5847073,3.4961784,2.0697916,2.8302748,3.7745798,NISQAv2
real_551.wav,3.8709822,2.672174,4.4436045,4.009776,4.177465,NISQAv2
real_579.wav,4.492447,4.204667,4.673571,4.16873,4.468777,NISQAv2
real_1695.wav,3.7464201,3.0133414,4.130102,3.671203,4.180709,NISQAv2
fake_2083.wav,3.2506797,3.9120445,3.9707763,2.9601195,3.8256936,NISQAv2
real_1859.wav,3.286398,2.102201,4.437751,4.090869,3.7091808,NISQAv2
real_1681.wav,4.1673107,3.4980865,4.4426713,4.01785,4.339152,NISQAv2
fake_2097.wav,2.4175105,2.6112678,3.3387144,2.370237,3.3360837,NISQAv2
real_2388.wav,4.1230345,3.3073056,4.5203695,4.126474,4.3233027,NISQAv2
real_586.wav,3.683205,3.6083853,3.9641147,3.3113482,4.0790424,NISQAv2
real_2405.wav,3.6094973,3.1695526,4.322537,3.9204724,4.1406617,NISQAv2
fake_1213.wav,2.7924783,3.5002205,3.7307825,2.7673788,3.2895608,NISQAv2
real_2363.wav,4.1529117,3.5094771,4.417576,4.1729355,4.362558,NISQAv2
fake_1575.wav,3.8629065,4.029925,4.2497244,3.7350905,4.1764045,NISQAv2
fake_2068.wav,2.8868015,3.4209287,3.507954,2.3807416,3.5625145,NISQAv2
real_2377.wav,4.0458317,3.360853,4.2882514,3.955622,4.2995334,NISQAv2
fake_1561.wav,2.4789307,2.9199102,3.2765782,2.4421256,3.4027245,NISQAv2
real_2411.wav,3.7872608,3.0475748,4.254748,3.8964343,4.195665,NISQAv2
fake_1207.wav,2.8335545,2.694569,3.6949763,2.877683,3.6349795,NISQAv2
real_592.wav,4.7563677,4.597836,4.753795,4.335317,4.6081157,NISQAv2
fake_438.wav,2.2713997,2.2616959,2.9450104,2.5795653,3.2386107,NISQAv2
real_1118.wav,3.0440984,3.1736152,3.5904126,2.5944922,3.685511,NISQAv2
real_2439.wav,3.9720418,4.0111036,4.294332,3.5514429,4.0375566,NISQAv2
real_1130.wav,2.9345489,3.2011192,3.5816545,2.6958516,3.6624315,NISQAv2
fake_410.wav,3.1560376,2.3555772,4.14508,3.3541887,4.013083,NISQAv2
real_1656.wav,4.2641478,3.9204714,4.4192114,4.3615794,4.330354,NISQAv2
fake_376.wav,2.1247022,2.3736799,2.67184,2.2264366,3.1124587,NISQAv2
fake_2040.wav,3.2170882,3.7036474,3.9292872,2.6839387,3.6457446,NISQAv2
fake_1549.wav,2.7307682,2.9487717,3.4670959,2.7923532,3.4901567,NISQAv2
real_1642.wav,4.380046,3.880202,4.5677915,4.408733,4.369283,NISQAv2
fake_362.wav,2.2885697,2.180366,3.6430953,2.5869424,3.161843,NISQAv2
fake_2054.wav,2.897744,3.6554928,3.693329,2.3355603,3.4997222,NISQAv2
fake_6.wav,2.8515186,3.1407783,3.545383,2.6486886,3.6215577,NISQAv2
real_1124.wav,2.73565,3.209642,2.6964798,2.407368,3.6295927,NISQAv2
fake_404.wav,2.132851,2.6929772,2.7343035,2.3405776,3.0983155,NISQAv2
real_431.wav,3.99759,3.609873,4.366058,4.0177655,4.2694745,NISQAv2
real_357.wav,3.6384006,3.1482093,4.2042465,3.6657875,4.0474367,NISQAv2
real_1905.wav,3.6963818,3.9670904,4.2396307,3.1599057,3.856466,NISQAv2
real_343.wav,3.9289818,3.531242,4.397005,3.96436,4.1841435,NISQAv2
real_1911.wav,3.5089955,3.723041,3.7777064,3.1186097,3.9122636,NISQAv2
real_425.wav,3.5307004,3.2597764,4.1484613,3.36331,4.0560756,NISQAv2
real_1087.wav,3.959099,3.7374766,3.9414365,3.6040738,4.1383166,NISQAv2
fake_1398.wav,3.4029157,3.4629507,3.8441641,3.080627,3.7705815,NISQAv2
real_1939.wav,4.6351113,4.3046036,4.621504,4.391952,4.464864,NISQAv2
real_419.wav,4.1567707,3.7885878,4.4777594,3.902586,4.3118906,NISQAv2
real_1093.wav,4.5003767,3.0788825,4.5361676,4.277618,4.4620304,NISQAv2
fake_558.wav,2.8014083,2.6058946,3.7060516,2.68746,3.5449865,NISQAv2
real_1078.wav,4.312416,4.0196323,4.451475,4.0250034,4.387797,NISQAv2
real_2571.wav,4.0020733,3.7496846,4.418009,3.904848,4.1985354,NISQAv2
fake_1367.wav,3.4343686,3.6314688,3.8794055,2.7911563,3.810228,NISQAv2
real_2217.wav,4.583114,4.237154,4.7060575,4.475648,4.569469,NISQAv2
fake_1401.wav,3.5402617,3.5733478,4.06586,3.1873395,3.8104198,NISQAv2
real_394.wav,3.9479945,3.8006003,4.312427,3.7330716,3.8910396,NISQAv2
fake_2108.wav,2.8318098,3.2677767,3.717095,2.6916215,3.5740507,NISQAv2
real_380.wav,3.8608196,3.171877,4.2724447,3.7858257,4.191053,NISQAv2
real_2203.wav,4.631608,4.095047,4.6640673,4.329229,4.5725117,NISQAv2
fake_1415.wav,2.8139317,2.8542242,3.7471483,2.6939306,3.5479994,NISQAv2
real_2565.wav,4.273863,3.5950353,4.5453215,4.2463946,4.3763185,NISQAv2
fake_1373.wav,3.4870062,3.628634,3.8997686,3.2204833,3.7831945,NISQAv2
real_1044.wav,4.0317464,3.6303675,4.5329866,4.151634,4.389376,NISQAv2
fake_564.wav,3.1929004,2.3543718,3.90448,3.049297,3.8810143,NISQAv2
real_1722.wav,3.8265743,3.0106783,4.213629,3.873411,4.1711106,NISQAv2
fake_202.wav,2.9679365,1.9325857,4.088565,3.199296,3.4358175,NISQAv2
fake_2134.wav,2.419065,3.0192726,3.4586766,2.255066,3.374727,NISQAv2
fake_1429.wav,2.7270463,2.3961713,3.785341,2.7109568,3.689022,NISQAv2
real_1736.wav,4.172355,3.4205968,4.511914,4.006561,4.405619,NISQAv2
fake_216.wav,2.671015,3.2955134,3.7231104,2.3331695,3.5045743,NISQAv2
fake_2120.wav,1.9843239,2.6924822,2.3056514,2.3610566,3.1811936,NISQAv2
real_1.wav,4.4106216,4.1780934,4.5421934,4.201655,4.426414,NISQAv2
real_1050.wav,3.7203162,3.6708915,4.39618,3.7204213,4.110247,NISQAv2
fake_570.wav,3.1006992,2.559803,3.8904386,3.031714,3.7423198,NISQAv2
real_2559.wav,4.2631445,4.2862186,4.4027996,4.233726,4.3262243,NISQAv2
fake_1818.wav,2.8884928,2.0683334,4.110832,3.590119,3.4329617,NISQAv2
real_155.wav,3.9971921,4.425679,4.380491,3.7325552,4.151236,NISQAv2
fake_799.wav,1.7847452,2.6628907,2.1139987,1.5634247,2.6722996,NISQAv2
real_16.wav,3.8442435,3.7206554,3.975773,3.5191014,4.240722,NISQAv2
real_633.wav,4.3832746,3.9448643,4.544516,4.1660094,4.4064198,NISQAv2
fake_941.wav,3.4229677,3.5179136,4.137229,3.293068,4.0001016,NISQAv2
fake_955.wav,2.8345954,2.9223773,3.9003432,2.3993323,3.5449705,NISQAv2
real_627.wav,4.576189,4.1425867,4.724208,4.5180187,4.5357537,NISQAv2
real_141.wav,4.4153814,4.442838,4.485967,4.0138826,4.5520406,NISQAv2
real_169.wav,4.5310435,4.548854,4.6028605,4.2973065,4.5990195,NISQAv2
fake_1824.wav,2.4220488,2.2347414,3.7075386,2.419754,3.2773333,NISQAv2
fake_2493.wav,2.1095903,2.2207866,2.957927,2.1716447,3.1279178,NISQAv2
real_1285.wav,3.6604364,3.5361624,3.7870853,3.26603,3.819389,NISQAv2
fake_2487.wav,2.6963758,3.1306183,3.4899817,2.726774,3.5285947,NISQAv2
real_1291.wav,1.9902073,3.2629628,2.0475283,2.3811593,3.217409,NISQAv2
fake_969.wav,3.0923822,2.783723,3.95528,2.9654477,3.7741072,NISQAv2
fake_1830.wav,2.9710422,2.11734,4.0174828,3.201656,3.7374802,NISQAv2
real_196.wav,3.5433993,2.5433109,4.0716662,3.6622064,4.0134764,NISQAv2
fake_1603.wav,3.1482632,3.584285,3.8349192,3.0654113,3.718898,NISQAv2
real_2015.wav,3.1433837,2.8055208,4.0219803,3.5049665,3.658109,NISQAv2
fake_1165.wav,1.8091877,2.8895893,2.49961,2.0245059,2.8346922,NISQAv2
fake_982.wav,3.2207725,2.9399045,4.297075,3.2464392,3.7787774,NISQAv2
real_828.wav,3.8649547,3.1846442,4.141421,3.7813346,4.1046987,NISQAv2
fake_996.wav,3.8241498,2.829068,4.315476,3.6761858,4.1773424,NISQAv2
fake_2478.wav,2.9285457,2.5658052,4.220908,3.145918,3.7328813,NISQAv2
fake_1171.wav,2.208068,2.9165952,2.7919693,2.064639,3.2690952,NISQAv2
fake_39.wav,3.1073477,2.8000252,3.838698,3.0287943,3.8030608,NISQAv2
fake_1617.wav,3.7845602,3.774415,4.186266,3.674946,4.092212,NISQAv2
real_2001.wav,3.0551612,2.7049298,3.8131905,3.1521857,3.535815,NISQAv2
real_1508.wav,4.288129,4.2221713,4.55023,3.821283,4.3568187,NISQAv2
real_182.wav,3.574074,2.54661,4.247081,3.8281827,4.048538,NISQAv2
real_2029.wav,4.749513,4.4896774,4.7426095,4.377028,4.6244006,NISQAv2
fake_2336.wav,3.0562356,3.3543413,3.845993,2.5366895,3.5996125,NISQAv2
real_1520.wav,4.0908966,3.80868,4.4216223,3.4516559,3.9582283,NISQAv2
real_814.wav,3.9211662,3.2250555,3.9841049,3.9019725,4.1252227,NISQAv2
fake_2450.wav,1.9789927,1.8907268,2.4030256,2.1932592,3.0103269,NISQAv2
fake_766.wav,2.6705458,3.0869808,2.880519,2.3238614,3.4783156,NISQAv2
real_1246.wav,3.9410598,2.8902233,4.4515953,4.013683,4.170915,NISQAv2
fake_1159.wav,2.2260768,2.766909,3.1454742,2.3158743,3.1996815,NISQAv2
fake_11.wav,3.6441827,3.7438233,4.1570816,3.43888,4.070804,NISQAv2
fake_2444.wav,2.5976202,2.8246453,3.5957654,2.6414487,3.438027,NISQAv2
fake_772.wav,3.2857926,3.418972,4.005667,2.9547098,3.759354,NISQAv2
real_800.wav,3.45276,2.4032664,4.2409725,3.6467488,3.570431,NISQAv2
real_1252.wav,3.8641474,3.0244205,4.161558,3.712324,3.9648879,NISQAv2
fake_2322.wav,3.1366208,3.6773589,3.887699,2.5806828,3.6865785,NISQAv2
real_1534.wav,4.060856,3.7971003,4.2064342,3.859492,4.069934,NISQAv2
